2026-10-08 19:14:40.007 [main] [39mDEBUG[0;39m [36mo.s.c.g.config.GatewayProperties[0;39m - Routes supplied from Gateway Properties: [RouteDefinition{id='platform-public', predicates=[PredicateDefinition{name='Path', args={_genkey_0=/api/platform/public/**}}], filters=[FilterDefinition{name='StripPrefix', args={_genkey_0=1}}], uri=lb://MOMENT-FOREVER-PLATFORM, order=0, metadata={is-public=true}}, RouteDefinition{id='platform-auth', predicates=[PredicateDefinition{name='Path', args={_genkey_0=/api/platform/auth/**}}], filters=[FilterDefinition{name='StripPrefix', args={_genkey_0=1}}], uri=lb://MOMENT-FOREVER-PLATFORM, order=0, metadata={is-public=true}}, RouteDefinition{id='platform-uploads', predicates=[PredicateDefinition{name='Path', args={_genkey_0=/api/uploads/**}}], filters=[FilterDefinition{name='StripPrefix', args={_genkey_0=1}}], uri=lb://MOMENT-FOREVER-PLATFORM, order=0, metadata={is-public=true}}, RouteDefinition{id='platform-api-docs', predicates=[PredicateDefinition{name='Path', args={_genkey_0=/api/platform/v3/api-docs/**}}], filters=[FilterDefinition{name='StripPrefix', args={_genkey_0=1}}], uri=lb://MOMENT-FOREVER-PLATFORM, order=0, metadata={is-public=true}}, RouteDefinition{id='booking-api-docs', predicates=[PredicateDefinition{name='Path', args={_genkey_0=/api/booking/v3/api-docs/**}}], filters=[FilterDefinition{name='StripPrefix', args={_genkey_0=1}}], uri=lb://MOMENT-FOREVER-BOOKING, order=0, metadata={is-public=true}}, RouteDefinition{id='payment-api-docs', predicates=[PredicateDefinition{name='Path', args={_genkey_0=/api/payment/v3/api-docs/**}}], filters=[FilterDefinition{name='StripPrefix', args={_genkey_0=1}}], uri=lb://MOMENT-FOREVER-PAYMENT, order=0, metadata={is-public=true}}, RouteDefinition{id='platform-actuator-health', predicates=[PredicateDefinition{name='Path', args={_genkey_0=/api/platform/actuator/health}}], filters=[FilterDefinition{name='StripPrefix', args={_genkey_0=1}}], uri=lb://MOMENT-FOREVER-PLATFORM, order=0, metadata={is-public=true}}, RouteDefinition{id='booking-actuator-health', predicates=[PredicateDefinition{name='Path', args={_genkey_0=/api/booking/actuator/health}}], filters=[FilterDefinition{name='StripPrefix', args={_genkey_0=1}}], uri=lb://MOMENT-FOREVER-BOOKING, order=0, metadata={is-public=true}}, RouteDefinition{id='payment-actuator-health', predicates=[PredicateDefinition{name='Path', args={_genkey_0=/api/payment/actuator/health}}], filters=[FilterDefinition{name='StripPrefix', args={_genkey_0=1}}], uri=lb://MOMENT-FOREVER-PAYMENT, order=0, metadata={is-public=true}}, RouteDefinition{id='platform-admin', predicates=[PredicateDefinition{name='Path', args={_genkey_0=/api/platform/admin/**}}], filters=[FilterDefinition{name='StripPrefix', args={_genkey_0=1}}], uri=lb://MOMENT-FOREVER-PLATFORM, order=0, metadata={requires-auth=true}}, RouteDefinition{id='platform-user', predicates=[PredicateDefinition{name='Path', args={_genkey_0=/api/platform/user/**}}], filters=[FilterDefinition{name='StripPrefix', args={_genkey_0=1}}], uri=lb://MOMENT-FOREVER-PLATFORM, order=0, metadata={requires-auth=true}}, RouteDefinition{id='platform-other', predicates=[PredicateDefinition{name='Path', args={_genkey_0=/api/platform/**}}], filters=[FilterDefinition{name='StripPrefix', args={_genkey_0=1}}], uri=lb://MOMENT-FOREVER-PLATFORM, order=0, metadata={requires-auth=true}}, RouteDefinition{id='booking-service', predicates=[PredicateDefinition{name='Path', args={_genkey_0=/api/booking/**}}], filters=[FilterDefinition{name='StripPrefix', args={_genkey_0=1}}], uri=lb://MOMENT-FOREVER-BOOKING, order=0, metadata={requires-auth=true}}, RouteDefinition{id='payment-service', predicates=[PredicateDefinition{name='Path', args={_genkey_0=/api/payment/**}}], filters=[FilterDefinition{name='StripPrefix', args={_genkey_0=1}}], uri=lb://MOMENT-FOREVER-PAYMENT, order=0, metadata={requires-auth=true}}, RouteDefinition{id='platform-actuator', predicates=[PredicateDefinition{name='Path', args={_genkey_0=/api/platform/actuator/**}}], filters=[FilterDefinition{name='StripPrefix', args={_genkey_0=1}}], uri=lb://MOMENT-FOREVER-PLATFORM, order=0, metadata={requires-auth=true}}, RouteDefinition{id='booking-actuator', predicates=[PredicateDefinition{name='Path', args={_genkey_0=/api/booking/actuator/**}}], filters=[FilterDefinition{name='StripPrefix', args={_genkey_0=1}}], uri=lb://MOMENT-FOREVER-BOOKING, order=0, metadata={requires-auth=true}}, RouteDefinition{id='payment-actuator', predicates=[PredicateDefinition{name='Path', args={_genkey_0=/api/payment/actuator/**}}], filters=[FilterDefinition{name='StripPrefix', args={_genkey_0=1}}], uri=lb://MOMENT-FOREVER-PAYMENT, order=0, metadata={requires-auth=true}}]
2026-10-08 19:14:41.322 [main] [34mINFO [0;39m [36mo.s.c.g.r.RouteDefinitionRouteLocator[0;39m - Loaded RoutePredicateFactory [After]
2026-10-08 19:14:41.323 [main] [34mINFO [0;39m [36mo.s.c.g.r.RouteDefinitionRouteLocator[0;39m - Loaded RoutePredicateFactory [Before]
2026-10-08 19:14:41.324 [main] [34mINFO [0;39m [36mo.s.c.g.r.RouteDefinitionRouteLocator[0;39m - Loaded RoutePredicateFactory [Between]
2026-10-08 19:14:41.324 [main] [34mINFO [0;39m [36mo.s.c.g.r.RouteDefinitionRouteLocator[0;39m - Loaded RoutePredicateFactory [Cookie]
2026-10-08 19:14:41.325 [main] [34mINFO [0;39m [36mo.s.c.g.r.RouteDefinitionRouteLocator[0;39m - Loaded RoutePredicateFactory [Header]
2026-10-08 19:14:41.326 [main] [34mINFO [0;39m [36mo.s.c.g.r.RouteDefinitionRouteLocator[0;39m - Loaded RoutePredicateFactory [Host]
2026-10-08 19:14:41.326 [main] [34mINFO [0;39m [36mo.s.c.g.r.RouteDefinitionRouteLocator[0;39m - Loaded RoutePredicateFactory [Method]
2026-10-08 19:14:41.326 [main] [34mINFO [0;39m [36mo.s.c.g.r.RouteDefinitionRouteLocator[0;39m - Loaded RoutePredicateFactory [Path]
2026-10-08 19:14:41.327 [main] [34mINFO [0;39m [36mo.s.c.g.r.RouteDefinitionRouteLocator[0;39m - Loaded RoutePredicateFactory [Query]
2026-10-08 19:14:41.327 [main] [34mINFO [0;39m [36mo.s.c.g.r.RouteDefinitionRouteLocator[0;39m - Loaded RoutePredicateFactory [ReadBody]
2026-10-08 19:14:41.328 [main] [34mINFO [0;39m [36mo.s.c.g.r.RouteDefinitionRouteLocator[0;39m - Loaded RoutePredicateFactory [RemoteAddr]
2026-10-08 19:14:41.329 [main] [34mINFO [0;39m [36mo.s.c.g.r.RouteDefinitionRouteLocator[0;39m - Loaded RoutePredicateFactory [XForwardedRemoteAddr]
2026-10-08 19:14:41.330 [main] [34mINFO [0;39m [36mo.s.c.g.r.RouteDefinitionRouteLocator[0;39m - Loaded RoutePredicateFactory [Weight]
2026-10-08 19:14:41.330 [main] [34mINFO [0;39m [36mo.s.c.g.r.RouteDefinitionRouteLocator[0;39m - Loaded RoutePredicateFactory [CloudFoundryRouteService]
2026-10-08 19:14:45.982 [catalogWatchTaskScheduler-1] [39mDEBUG[0;39m [36mo.s.c.g.r.RouteDefinitionRouteLocator[0;39m - RouteDefinition platform-public applying {_genkey_0=/api/platform/public/**} to Path
2026-10-08 19:14:46.026 [catalogWatchTaskScheduler-1] [39mDEBUG[0;39m [36mo.s.c.g.r.RouteDefinitionRouteLocator[0;39m - RouteDefinition platform-public applying filter {_genkey_0=1} to StripPrefix
2026-10-08 19:14:46.035 [catalogWatchTaskScheduler-1] [39mDEBUG[0;39m [36mo.s.c.g.r.RouteDefinitionRouteLocator[0;39m - RouteDefinition matched: platform-public
2026-10-08 19:14:46.035 [catalogWatchTaskScheduler-1] [39mDEBUG[0;39m [36mo.s.c.g.r.RouteDefinitionRouteLocator[0;39m - RouteDefinition platform-auth applying {_genkey_0=/api/platform/auth/**} to Path
2026-10-08 19:14:46.038 [catalogWatchTaskScheduler-1] [39mDEBUG[0;39m [36mo.s.c.g.r.RouteDefinitionRouteLocator[0;39m - RouteDefinition platform-auth applying filter {_genkey_0=1} to StripPrefix
2026-10-08 19:14:46.041 [catalogWatchTaskScheduler-1] [39mDEBUG[0;39m [36mo.s.c.g.r.RouteDefinitionRouteLocator[0;39m - RouteDefinition matched: platform-auth
2026-10-08 19:14:46.041 [catalogWatchTaskScheduler-1] [39mDEBUG[0;39m [36mo.s.c.g.r.RouteDefinitionRouteLocator[0;39m - RouteDefinition platform-uploads applying {_genkey_0=/api/uploads/**} to Path
2026-10-08 19:14:46.043 [catalogWatchTaskScheduler-1] [39mDEBUG[0;39m [36mo.s.c.g.r.RouteDefinitionRouteLocator[0;39m - RouteDefinition platform-uploads applying filter {_genkey_0=1} to StripPrefix
2026-10-08 19:14:46.044 [catalogWatchTaskScheduler-1] [39mDEBUG[0;39m [36mo.s.c.g.r.RouteDefinitionRouteLocator[0;39m - RouteDefinition matched: platform-uploads
2026-10-08 19:14:46.044 [catalogWatchTaskScheduler-1] [39mDEBUG[0;39m [36mo.s.c.g.r.RouteDefinitionRouteLocator[0;39m - RouteDefinition platform-api-docs applying {_genkey_0=/api/platform/v3/api-docs/**} to Path
2026-10-08 19:14:46.045 [catalogWatchTaskScheduler-1] [39mDEBUG[0;39m [36mo.s.c.g.r.RouteDefinitionRouteLocator[0;39m - RouteDefinition platform-api-docs applying filter {_genkey_0=1} to StripPrefix
2026-10-08 19:14:46.046 [catalogWatchTaskScheduler-1] [39mDEBUG[0;39m [36mo.s.c.g.r.RouteDefinitionRouteLocator[0;39m - RouteDefinition matched: platform-api-docs
2026-10-08 19:14:46.047 [catalogWatchTaskScheduler-1] [39mDEBUG[0;39m [36mo.s.c.g.r.RouteDefinitionRouteLocator[0;39m - RouteDefinition booking-api-docs applying {_genkey_0=/api/booking/v3/api-docs/**} to Path
2026-10-08 19:14:46.048 [catalogWatchTaskScheduler-1] [39mDEBUG[0;39m [36mo.s.c.g.r.RouteDefinitionRouteLocator[0;39m - RouteDefinition booking-api-docs applying filter {_genkey_0=1} to StripPrefix
2026-10-08 19:14:46.049 [catalogWatchTaskScheduler-1] [39mDEBUG[0;39m [36mo.s.c.g.r.RouteDefinitionRouteLocator[0;39m - RouteDefinition matched: booking-api-docs
2026-10-08 19:14:46.050 [catalogWatchTaskScheduler-1] [39mDEBUG[0;39m [36mo.s.c.g.r.RouteDefinitionRouteLocator[0;39m - RouteDefinition payment-api-docs applying {_genkey_0=/api/payment/v3/api-docs/**} to Path
2026-10-08 19:14:46.051 [catalogWatchTaskScheduler-1] [39mDEBUG[0;39m [36mo.s.c.g.r.RouteDefinitionRouteLocator[0;39m - RouteDefinition payment-api-docs applying filter {_genkey_0=1} to StripPrefix
2026-10-08 19:14:46.052 [catalogWatchTaskScheduler-1] [39mDEBUG[0;39m [36mo.s.c.g.r.RouteDefinitionRouteLocator[0;39m - RouteDefinition matched: payment-api-docs
2026-10-08 19:14:46.053 [catalogWatchTaskScheduler-1] [39mDEBUG[0;39m [36mo.s.c.g.r.RouteDefinitionRouteLocator[0;39m - RouteDefinition platform-actuator-health applying {_genkey_0=/api/platform/actuator/health} to Path
2026-10-08 19:14:46.054 [catalogWatchTaskScheduler-1] [39mDEBUG[0;39m [36mo.s.c.g.r.RouteDefinitionRouteLocator[0;39m - RouteDefinition platform-actuator-health applying filter {_genkey_0=1} to StripPrefix
2026-10-08 19:14:46.056 [catalogWatchTaskScheduler-1] [39mDEBUG[0;39m [36mo.s.c.g.r.RouteDefinitionRouteLocator[0;39m - RouteDefinition matched: platform-actuator-health
2026-10-08 19:14:46.056 [catalogWatchTaskScheduler-1] [39mDEBUG[0;39m [36mo.s.c.g.r.RouteDefinitionRouteLocator[0;39m - RouteDefinition booking-actuator-health applying {_genkey_0=/api/booking/actuator/health} to Path
2026-10-08 19:14:46.059 [catalogWatchTaskScheduler-1] [39mDEBUG[0;39m [36mo.s.c.g.r.RouteDefinitionRouteLocator[0;39m - RouteDefinition booking-actuator-health applying filter {_genkey_0=1} to StripPrefix
2026-10-08 19:14:46.060 [catalogWatchTaskScheduler-1] [39mDEBUG[0;39m [36mo.s.c.g.r.RouteDefinitionRouteLocator[0;39m - RouteDefinition matched: booking-actuator-health
2026-10-08 19:14:46.060 [catalogWatchTaskScheduler-1] [39mDEBUG[0;39m [36mo.s.c.g.r.RouteDefinitionRouteLocator[0;39m - RouteDefinition payment-actuator-health applying {_genkey_0=/api/payment/actuator/health} to Path
2026-10-08 19:14:46.072 [catalogWatchTaskScheduler-1] [39mDEBUG[0;39m [36mo.s.c.g.r.RouteDefinitionRouteLocator[0;39m - RouteDefinition payment-actuator-health applying filter {_genkey_0=1} to StripPrefix
2026-10-08 19:14:46.074 [catalogWatchTaskScheduler-1] [39mDEBUG[0;39m [36mo.s.c.g.r.RouteDefinitionRouteLocator[0;39m - RouteDefinition matched: payment-actuator-health
2026-10-08 19:14:46.074 [catalogWatchTaskScheduler-1] [39mDEBUG[0;39m [36mo.s.c.g.r.RouteDefinitionRouteLocator[0;39m - RouteDefinition platform-admin applying {_genkey_0=/api/platform/admin/**} to Path
2026-10-08 19:14:46.076 [catalogWatchTaskScheduler-1] [39mDEBUG[0;39m [36mo.s.c.g.r.RouteDefinitionRouteLocator[0;39m - RouteDefinition platform-admin applying filter {_genkey_0=1} to StripPrefix
2026-10-08 19:14:46.077 [catalogWatchTaskScheduler-1] [39mDEBUG[0;39m [36mo.s.c.g.r.RouteDefinitionRouteLocator[0;39m - RouteDefinition matched: platform-admin
2026-10-08 19:14:46.077 [catalogWatchTaskScheduler-1] [39mDEBUG[0;39m [36mo.s.c.g.r.RouteDefinitionRouteLocator[0;39m - RouteDefinition platform-user applying {_genkey_0=/api/platform/user/**} to Path
2026-10-08 19:14:46.079 [catalogWatchTaskScheduler-1] [39mDEBUG[0;39m [36mo.s.c.g.r.RouteDefinitionRouteLocator[0;39m - RouteDefinition platform-user applying filter {_genkey_0=1} to StripPrefix
2026-10-08 19:14:46.080 [catalogWatchTaskScheduler-1] [39mDEBUG[0;39m [36mo.s.c.g.r.RouteDefinitionRouteLocator[0;39m - RouteDefinition matched: platform-user
2026-10-08 19:14:46.080 [catalogWatchTaskScheduler-1] [39mDEBUG[0;39m [36mo.s.c.g.r.RouteDefinitionRouteLocator[0;39m - RouteDefinition platform-other applying {_genkey_0=/api/platform/**} to Path
2026-10-08 19:14:46.081 [catalogWatchTaskScheduler-1] [39mDEBUG[0;39m [36mo.s.c.g.r.RouteDefinitionRouteLocator[0;39m - RouteDefinition platform-other applying filter {_genkey_0=1} to StripPrefix
2026-10-08 19:14:46.083 [catalogWatchTaskScheduler-1] [39mDEBUG[0;39m [36mo.s.c.g.r.RouteDefinitionRouteLocator[0;39m - RouteDefinition matched: platform-other
2026-10-08 19:14:46.083 [catalogWatchTaskScheduler-1] [39mDEBUG[0;39m [36mo.s.c.g.r.RouteDefinitionRouteLocator[0;39m - RouteDefinition booking-service applying {_genkey_0=/api/booking/**} to Path
2026-10-08 19:14:46.084 [catalogWatchTaskScheduler-1] [39mDEBUG[0;39m [36mo.s.c.g.r.RouteDefinitionRouteLocator[0;39m - RouteDefinition booking-service applying filter {_genkey_0=1} to StripPrefix
2026-10-08 19:14:46.086 [catalogWatchTaskScheduler-1] [39mDEBUG[0;39m [36mo.s.c.g.r.RouteDefinitionRouteLocator[0;39m - RouteDefinition matched: booking-service
2026-10-08 19:14:46.087 [catalogWatchTaskScheduler-1] [39mDEBUG[0;39m [36mo.s.c.g.r.RouteDefinitionRouteLocator[0;39m - RouteDefinition payment-service applying {_genkey_0=/api/payment/**} to Path
2026-10-08 19:14:46.089 [catalogWatchTaskScheduler-1] [39mDEBUG[0;39m [36mo.s.c.g.r.RouteDefinitionRouteLocator[0;39m - RouteDefinition payment-service applying filter {_genkey_0=1} to StripPrefix
2026-10-08 19:14:46.090 [catalogWatchTaskScheduler-1] [39mDEBUG[0;39m [36mo.s.c.g.r.RouteDefinitionRouteLocator[0;39m - RouteDefinition matched: payment-service
2026-10-08 19:14:46.091 [catalogWatchTaskScheduler-1] [39mDEBUG[0;39m [36mo.s.c.g.r.RouteDefinitionRouteLocator[0;39m - RouteDefinition platform-actuator applying {_genkey_0=/api/platform/actuator/**} to Path
2026-10-08 19:14:46.092 [catalogWatchTaskScheduler-1] [39mDEBUG[0;39m [36mo.s.c.g.r.RouteDefinitionRouteLocator[0;39m - RouteDefinition platform-actuator applying filter {_genkey_0=1} to StripPrefix
2026-10-08 19:14:46.093 [catalogWatchTaskScheduler-1] [39mDEBUG[0;39m [36mo.s.c.g.r.RouteDefinitionRouteLocator[0;39m - RouteDefinition matched: platform-actuator
2026-10-08 19:14:46.093 [catalogWatchTaskScheduler-1] [39mDEBUG[0;39m [36mo.s.c.g.r.RouteDefinitionRouteLocator[0;39m - RouteDefinition booking-actuator applying {_genkey_0=/api/booking/actuator/**} to Path
2026-10-08 19:14:46.096 [catalogWatchTaskScheduler-1] [39mDEBUG[0;39m [36mo.s.c.g.r.RouteDefinitionRouteLocator[0;39m - RouteDefinition booking-actuator applying filter {_genkey_0=1} to StripPrefix
2026-10-08 19:14:46.098 [catalogWatchTaskScheduler-1] [39mDEBUG[0;39m [36mo.s.c.g.r.RouteDefinitionRouteLocator[0;39m - RouteDefinition matched: booking-actuator
2026-10-08 19:14:46.099 [catalogWatchTaskScheduler-1] [39mDEBUG[0;39m [36mo.s.c.g.r.RouteDefinitionRouteLocator[0;39m - RouteDefinition payment-actuator applying {_genkey_0=/api/payment/actuator/**} to Path
2026-10-08 19:14:46.101 [catalogWatchTaskScheduler-1] [39mDEBUG[0;39m [36mo.s.c.g.r.RouteDefinitionRouteLocator[0;39m - RouteDefinition payment-actuator applying filter {_genkey_0=1} to StripPrefix
2026-10-08 19:14:46.102 [catalogWatchTaskScheduler-1] [39mDEBUG[0;39m [36mo.s.c.g.r.RouteDefinitionRouteLocator[0;39m - RouteDefinition matched: payment-actuator
2026-10-08 19:14:46.114 [catalogWatchTaskScheduler-1] [39mDEBUG[0;39m [36mo.s.c.g.filter.GatewayMetricsFilter[0;39m - New routes count: 17
2026-10-08 19:14:46.207 [main] [39mDEBUG[0;39m [36mo.s.c.g.r.RouteDefinitionRouteLocator[0;39m - RouteDefinition platform-public applying {_genkey_0=/api/platform/public/**} to Path
2026-10-08 19:14:46.210 [main] [39mDEBUG[0;39m [36mo.s.c.g.r.RouteDefinitionRouteLocator[0;39m - RouteDefinition platform-public applying filter {_genkey_0=1} to StripPrefix
2026-10-08 19:14:46.212 [main] [39mDEBUG[0;39m [36mo.s.c.g.r.RouteDefinitionRouteLocator[0;39m - RouteDefinition matched: platform-public
2026-10-08 19:14:46.212 [main] [39mDEBUG[0;39m [36mo.s.c.g.r.RouteDefinitionRouteLocator[0;39m - RouteDefinition platform-auth applying {_genkey_0=/api/platform/auth/**} to Path
2026-10-08 19:14:46.213 [main] [39mDEBUG[0;39m [36mo.s.c.g.r.RouteDefinitionRouteLocator[0;39m - RouteDefinition platform-auth applying filter {_genkey_0=1} to StripPrefix
2026-10-08 19:14:46.215 [main] [39mDEBUG[0;39m [36mo.s.c.g.r.RouteDefinitionRouteLocator[0;39m - RouteDefinition matched: platform-auth
2026-10-08 19:14:46.215 [main] [39mDEBUG[0;39m [36mo.s.c.g.r.RouteDefinitionRouteLocator[0;39m - RouteDefinition platform-uploads applying {_genkey_0=/api/uploads/**} to Path
2026-10-08 19:14:46.216 [main] [39mDEBUG[0;39m [36mo.s.c.g.r.RouteDefinitionRouteLocator[0;39m - RouteDefinition platform-uploads applying filter {_genkey_0=1} to StripPrefix
2026-10-08 19:14:46.217 [main] [39mDEBUG[0;39m [36mo.s.c.g.r.RouteDefinitionRouteLocator[0;39m - RouteDefinition matched: platform-uploads
2026-10-08 19:14:46.217 [main] [39mDEBUG[0;39m [36mo.s.c.g.r.RouteDefinitionRouteLocator[0;39m - RouteDefinition platform-api-docs applying {_genkey_0=/api/platform/v3/api-docs/**} to Path
2026-10-08 19:14:46.218 [main] [39mDEBUG[0;39m [36mo.s.c.g.r.RouteDefinitionRouteLocator[0;39m - RouteDefinition platform-api-docs applying filter {_genkey_0=1} to StripPrefix
2026-10-08 19:14:46.218 [main] [39mDEBUG[0;39m [36mo.s.c.g.r.RouteDefinitionRouteLocator[0;39m - RouteDefinition matched: platform-api-docs
2026-10-08 19:14:46.219 [main] [39mDEBUG[0;39m [36mo.s.c.g.r.RouteDefinitionRouteLocator[0;39m - RouteDefinition booking-api-docs applying {_genkey_0=/api/booking/v3/api-docs/**} to Path
2026-10-08 19:14:46.219 [main] [39mDEBUG[0;39m [36mo.s.c.g.r.RouteDefinitionRouteLocator[0;39m - RouteDefinition booking-api-docs applying filter {_genkey_0=1} to StripPrefix
2026-10-08 19:14:46.221 [main] [39mDEBUG[0;39m [36mo.s.c.g.r.RouteDefinitionRouteLocator[0;39m - RouteDefinition matched: booking-api-docs
2026-10-08 19:14:46.221 [main] [39mDEBUG[0;39m [36mo.s.c.g.r.RouteDefinitionRouteLocator[0;39m - RouteDefinition payment-api-docs applying {_genkey_0=/api/payment/v3/api-docs/**} to Path
2026-10-08 19:14:46.222 [main] [39mDEBUG[0;39m [36mo.s.c.g.r.RouteDefinitionRouteLocator[0;39m - RouteDefinition payment-api-docs applying filter {_genkey_0=1} to StripPrefix
2026-10-08 19:14:46.224 [main] [39mDEBUG[0;39m [36mo.s.c.g.r.RouteDefinitionRouteLocator[0;39m - RouteDefinition matched: payment-api-docs
2026-10-08 19:14:46.225 [main] [39mDEBUG[0;39m [36mo.s.c.g.r.RouteDefinitionRouteLocator[0;39m - RouteDefinition platform-actuator-health applying {_genkey_0=/api/platform/actuator/health} to Path
2026-10-08 19:14:46.226 [main] [39mDEBUG[0;39m [36mo.s.c.g.r.RouteDefinitionRouteLocator[0;39m - RouteDefinition platform-actuator-health applying filter {_genkey_0=1} to StripPrefix
2026-10-08 19:14:46.227 [main] [39mDEBUG[0;39m [36mo.s.c.g.r.RouteDefinitionRouteLocator[0;39m - RouteDefinition matched: platform-actuator-health
2026-10-08 19:14:46.228 [main] [39mDEBUG[0;39m [36mo.s.c.g.r.RouteDefinitionRouteLocator[0;39m - RouteDefinition booking-actuator-health applying {_genkey_0=/api/booking/actuator/health} to Path
2026-10-08 19:14:46.230 [main] [39mDEBUG[0;39m [36mo.s.c.g.r.RouteDefinitionRouteLocator[0;39m - RouteDefinition booking-actuator-health applying filter {_genkey_0=1} to StripPrefix
2026-10-08 19:14:46.230 [main] [39mDEBUG[0;39m [36mo.s.c.g.r.RouteDefinitionRouteLocator[0;39m - RouteDefinition matched: booking-actuator-health
2026-10-08 19:14:46.231 [main] [39mDEBUG[0;39m [36mo.s.c.g.r.RouteDefinitionRouteLocator[0;39m - RouteDefinition payment-actuator-health applying {_genkey_0=/api/payment/actuator/health} to Path
2026-10-08 19:14:46.234 [main] [39mDEBUG[0;39m [36mo.s.c.g.r.RouteDefinitionRouteLocator[0;39m - RouteDefinition payment-actuator-health applying filter {_genkey_0=1} to StripPrefix
2026-10-08 19:14:46.236 [main] [39mDEBUG[0;39m [36mo.s.c.g.r.RouteDefinitionRouteLocator[0;39m - RouteDefinition matched: payment-actuator-health
2026-10-08 19:14:46.236 [main] [39mDEBUG[0;39m [36mo.s.c.g.r.RouteDefinitionRouteLocator[0;39m - RouteDefinition platform-admin applying {_genkey_0=/api/platform/admin/**} to Path
2026-10-08 19:14:46.238 [main] [39mDEBUG[0;39m [36mo.s.c.g.r.RouteDefinitionRouteLocator[0;39m - RouteDefinition platform-admin applying filter {_genkey_0=1} to StripPrefix
2026-10-08 19:14:46.240 [main] [39mDEBUG[0;39m [36mo.s.c.g.r.RouteDefinitionRouteLocator[0;39m - RouteDefinition matched: platform-admin
2026-10-08 19:14:46.241 [main] [39mDEBUG[0;39m [36mo.s.c.g.r.RouteDefinitionRouteLocator[0;39m - RouteDefinition platform-user applying {_genkey_0=/api/platform/user/**} to Path
2026-10-08 19:14:46.242 [main] [39mDEBUG[0;39m [36mo.s.c.g.r.RouteDefinitionRouteLocator[0;39m - RouteDefinition platform-user applying filter {_genkey_0=1} to StripPrefix
2026-10-08 19:14:46.243 [main] [39mDEBUG[0;39m [36mo.s.c.g.r.RouteDefinitionRouteLocator[0;39m - RouteDefinition matched: platform-user
2026-10-08 19:14:46.244 [main] [39mDEBUG[0;39m [36mo.s.c.g.r.RouteDefinitionRouteLocator[0;39m - RouteDefinition platform-other applying {_genkey_0=/api/platform/**} to Path
2026-10-08 19:14:46.246 [main] [39mDEBUG[0;39m [36mo.s.c.g.r.RouteDefinitionRouteLocator[0;39m - RouteDefinition platform-other applying filter {_genkey_0=1} to StripPrefix
2026-10-08 19:14:46.247 [main] [39mDEBUG[0;39m [36mo.s.c.g.r.RouteDefinitionRouteLocator[0;39m - RouteDefinition matched: platform-other
2026-10-08 19:14:46.248 [main] [39mDEBUG[0;39m [36mo.s.c.g.r.RouteDefinitionRouteLocator[0;39m - RouteDefinition booking-service applying {_genkey_0=/api/booking/**} to Path
2026-10-08 19:14:46.249 [main] [39mDEBUG[0;39m [36mo.s.c.g.r.RouteDefinitionRouteLocator[0;39m - RouteDefinition booking-service applying filter {_genkey_0=1} to StripPrefix
2026-10-08 19:14:46.250 [main] [39mDEBUG[0;39m [36mo.s.c.g.r.RouteDefinitionRouteLocator[0;39m - RouteDefinition matched: booking-service
2026-10-08 19:14:46.251 [main] [39mDEBUG[0;39m [36mo.s.c.g.r.RouteDefinitionRouteLocator[0;39m - RouteDefinition payment-service applying {_genkey_0=/api/payment/**} to Path
2026-10-08 19:14:46.251 [main] [39mDEBUG[0;39m [36mo.s.c.g.r.RouteDefinitionRouteLocator[0;39m - RouteDefinition payment-service applying filter {_genkey_0=1} to StripPrefix
2026-10-08 19:14:46.252 [main] [39mDEBUG[0;39m [36mo.s.c.g.r.RouteDefinitionRouteLocator[0;39m - RouteDefinition matched: payment-service
2026-10-08 19:14:46.252 [main] [39mDEBUG[0;39m [36mo.s.c.g.r.RouteDefinitionRouteLocator[0;39m - RouteDefinition platform-actuator applying {_genkey_0=/api/platform/actuator/**} to Path
2026-10-08 19:14:46.253 [main] [39mDEBUG[0;39m [36mo.s.c.g.r.RouteDefinitionRouteLocator[0;39m - RouteDefinition platform-actuator applying filter {_genkey_0=1} to StripPrefix
2026-10-08 19:14:46.256 [main] [39mDEBUG[0;39m [36mo.s.c.g.r.RouteDefinitionRouteLocator[0;39m - RouteDefinition matched: platform-actuator
2026-10-08 19:14:46.257 [main] [39mDEBUG[0;39m [36mo.s.c.g.r.RouteDefinitionRouteLocator[0;39m - RouteDefinition booking-actuator applying {_genkey_0=/api/booking/actuator/**} to Path
2026-10-08 19:14:46.259 [main] [39mDEBUG[0;39m [36mo.s.c.g.r.RouteDefinitionRouteLocator[0;39m - RouteDefinition booking-actuator applying filter {_genkey_0=1} to StripPrefix
2026-10-08 19:14:46.260 [main] [39mDEBUG[0;39m [36mo.s.c.g.r.RouteDefinitionRouteLocator[0;39m - RouteDefinition matched: booking-actuator
2026-10-08 19:14:46.261 [main] [39mDEBUG[0;39m [36mo.s.c.g.r.RouteDefinitionRouteLocator[0;39m - RouteDefinition payment-actuator applying {_genkey_0=/api/payment/actuator/**} to Path
2026-10-08 19:14:46.263 [main] [39mDEBUG[0;39m [36mo.s.c.g.r.RouteDefinitionRouteLocator[0;39m - RouteDefinition payment-actuator applying filter {_genkey_0=1} to StripPrefix
2026-10-08 19:14:46.268 [main] [39mDEBUG[0;39m [36mo.s.c.g.r.RouteDefinitionRouteLocator[0;39m - RouteDefinition matched: payment-actuator
2026-10-08 19:14:46.271 [main] [39mDEBUG[0;39m [36mo.s.c.g.filter.GatewayMetricsFilter[0;39m - New routes count: 17
2026-10-08 19:14:46.874 [main] [39mDEBUG[0;39m [36mo.s.c.g.r.RouteDefinitionRouteLocator[0;39m - RouteDefinition platform-public applying {_genkey_0=/api/platform/public/**} to Path
2026-10-08 19:14:46.875 [main] [39mDEBUG[0;39m [36mo.s.c.g.r.RouteDefinitionRouteLocator[0;39m - RouteDefinition platform-public applying filter {_genkey_0=1} to StripPrefix
2026-10-08 19:14:46.876 [main] [39mDEBUG[0;39m [36mo.s.c.g.r.RouteDefinitionRouteLocator[0;39m - RouteDefinition matched: platform-public
2026-10-08 19:14:46.876 [main] [39mDEBUG[0;39m [36mo.s.c.g.r.RouteDefinitionRouteLocator[0;39m - RouteDefinition platform-auth applying {_genkey_0=/api/platform/auth/**} to Path
2026-10-08 19:14:46.876 [main] [39mDEBUG[0;39m [36mo.s.c.g.r.RouteDefinitionRouteLocator[0;39m - RouteDefinition platform-auth applying filter {_genkey_0=1} to StripPrefix
2026-10-08 19:14:46.876 [main] [39mDEBUG[0;39m [36mo.s.c.g.r.RouteDefinitionRouteLocator[0;39m - RouteDefinition matched: platform-auth
2026-10-08 19:14:46.876 [main] [39mDEBUG[0;39m [36mo.s.c.g.r.RouteDefinitionRouteLocator[0;39m - RouteDefinition platform-uploads applying {_genkey_0=/api/uploads/**} to Path
2026-10-08 19:14:46.878 [main] [39mDEBUG[0;39m [36mo.s.c.g.r.RouteDefinitionRouteLocator[0;39m - RouteDefinition platform-uploads applying filter {_genkey_0=1} to StripPrefix
2026-10-08 19:14:46.879 [main] [39mDEBUG[0;39m [36mo.s.c.g.r.RouteDefinitionRouteLocator[0;39m - RouteDefinition matched: platform-uploads
2026-10-08 19:14:46.879 [main] [39mDEBUG[0;39m [36mo.s.c.g.r.RouteDefinitionRouteLocator[0;39m - RouteDefinition platform-api-docs applying {_genkey_0=/api/platform/v3/api-docs/**} to Path
2026-10-08 19:14:46.881 [main] [39mDEBUG[0;39m [36mo.s.c.g.r.RouteDefinitionRouteLocator[0;39m - RouteDefinition platform-api-docs applying filter {_genkey_0=1} to StripPrefix
2026-10-08 19:14:46.881 [main] [39mDEBUG[0;39m [36mo.s.c.g.r.RouteDefinitionRouteLocator[0;39m - RouteDefinition matched: platform-api-docs
2026-10-08 19:14:46.881 [main] [39mDEBUG[0;39m [36mo.s.c.g.r.RouteDefinitionRouteLocator[0;39m - RouteDefinition booking-api-docs applying {_genkey_0=/api/booking/v3/api-docs/**} to Path
2026-10-08 19:14:46.881 [main] [39mDEBUG[0;39m [36mo.s.c.g.r.RouteDefinitionRouteLocator[0;39m - RouteDefinition booking-api-docs applying filter {_genkey_0=1} to StripPrefix
2026-10-08 19:14:46.883 [main] [39mDEBUG[0;39m [36mo.s.c.g.r.RouteDefinitionRouteLocator[0;39m - RouteDefinition matched: booking-api-docs
2026-10-08 19:14:46.883 [main] [39mDEBUG[0;39m [36mo.s.c.g.r.RouteDefinitionRouteLocator[0;39m - RouteDefinition payment-api-docs applying {_genkey_0=/api/payment/v3/api-docs/**} to Path
2026-10-08 19:14:46.883 [main] [39mDEBUG[0;39m [36mo.s.c.g.r.RouteDefinitionRouteLocator[0;39m - RouteDefinition payment-api-docs applying filter {_genkey_0=1} to StripPrefix
2026-10-08 19:14:46.883 [main] [39mDEBUG[0;39m [36mo.s.c.g.r.RouteDefinitionRouteLocator[0;39m - RouteDefinition matched: payment-api-docs
2026-10-08 19:14:46.884 [main] [39mDEBUG[0;39m [36mo.s.c.g.r.RouteDefinitionRouteLocator[0;39m - RouteDefinition platform-actuator-health applying {_genkey_0=/api/platform/actuator/health} to Path
2026-10-08 19:14:46.885 [main] [39mDEBUG[0;39m [36mo.s.c.g.r.RouteDefinitionRouteLocator[0;39m - RouteDefinition platform-actuator-health applying filter {_genkey_0=1} to StripPrefix
2026-10-08 19:14:46.885 [main] [39mDEBUG[0;39m [36mo.s.c.g.r.RouteDefinitionRouteLocator[0;39m - RouteDefinition matched: platform-actuator-health
2026-10-08 19:14:46.885 [main] [39mDEBUG[0;39m [36mo.s.c.g.r.RouteDefinitionRouteLocator[0;39m - RouteDefinition booking-actuator-health applying {_genkey_0=/api/booking/actuator/health} to Path
2026-10-08 19:14:46.887 [main] [39mDEBUG[0;39m [36mo.s.c.g.r.RouteDefinitionRouteLocator[0;39m - RouteDefinition booking-actuator-health applying filter {_genkey_0=1} to StripPrefix
2026-10-08 19:14:46.888 [main] [39mDEBUG[0;39m [36mo.s.c.g.r.RouteDefinitionRouteLocator[0;39m - RouteDefinition matched: booking-actuator-health
2026-10-08 19:14:46.888 [main] [39mDEBUG[0;39m [36mo.s.c.g.r.RouteDefinitionRouteLocator[0;39m - RouteDefinition payment-actuator-health applying {_genkey_0=/api/payment/actuator/health} to Path
2026-10-08 19:14:46.889 [main] [39mDEBUG[0;39m [36mo.s.c.g.r.RouteDefinitionRouteLocator[0;39m - RouteDefinition payment-actuator-health applying filter {_genkey_0=1} to StripPrefix
2026-10-08 19:14:46.889 [main] [39mDEBUG[0;39m [36mo.s.c.g.r.RouteDefinitionRouteLocator[0;39m - RouteDefinition matched: payment-actuator-health
2026-10-08 19:14:46.891 [main] [39mDEBUG[0;39m [36mo.s.c.g.r.RouteDefinitionRouteLocator[0;39m - RouteDefinition platform-admin applying {_genkey_0=/api/platform/admin/**} to Path
2026-10-08 19:14:46.891 [main] [39mDEBUG[0;39m [36mo.s.c.g.r.RouteDefinitionRouteLocator[0;39m - RouteDefinition platform-admin applying filter {_genkey_0=1} to StripPrefix
2026-10-08 19:14:46.891 [main] [39mDEBUG[0;39m [36mo.s.c.g.r.RouteDefinitionRouteLocator[0;39m - RouteDefinition matched: platform-admin
2026-10-08 19:14:46.891 [main] [39mDEBUG[0;39m [36mo.s.c.g.r.RouteDefinitionRouteLocator[0;39m - RouteDefinition platform-user applying {_genkey_0=/api/platform/user/**} to Path
2026-10-08 19:14:46.892 [main] [39mDEBUG[0;39m [36mo.s.c.g.r.RouteDefinitionRouteLocator[0;39m - RouteDefinition platform-user applying filter {_genkey_0=1} to StripPrefix
2026-10-08 19:14:46.892 [main] [39mDEBUG[0;39m [36mo.s.c.g.r.RouteDefinitionRouteLocator[0;39m - RouteDefinition matched: platform-user
2026-10-08 19:14:46.892 [main] [39mDEBUG[0;39m [36mo.s.c.g.r.RouteDefinitionRouteLocator[0;39m - RouteDefinition platform-other applying {_genkey_0=/api/platform/**} to Path
2026-10-08 19:14:46.892 [main] [39mDEBUG[0;39m [36mo.s.c.g.r.RouteDefinitionRouteLocator[0;39m - RouteDefinition platform-other applying filter {_genkey_0=1} to StripPrefix
2026-10-08 19:14:46.894 [main] [39mDEBUG[0;39m [36mo.s.c.g.r.RouteDefinitionRouteLocator[0;39m - RouteDefinition matched: platform-other
2026-10-08 19:14:46.894 [main] [39mDEBUG[0;39m [36mo.s.c.g.r.RouteDefinitionRouteLocator[0;39m - RouteDefinition booking-service applying {_genkey_0=/api/booking/**} to Path
2026-10-08 19:14:46.895 [main] [39mDEBUG[0;39m [36mo.s.c.g.r.RouteDefinitionRouteLocator[0;39m - RouteDefinition booking-service applying filter {_genkey_0=1} to StripPrefix
2026-10-08 19:14:46.896 [main] [39mDEBUG[0;39m [36mo.s.c.g.r.RouteDefinitionRouteLocator[0;39m - RouteDefinition matched: booking-service
2026-10-08 19:14:46.896 [main] [39mDEBUG[0;39m [36mo.s.c.g.r.RouteDefinitionRouteLocator[0;39m - RouteDefinition payment-service applying {_genkey_0=/api/payment/**} to Path
2026-10-08 19:14:46.896 [main] [39mDEBUG[0;39m [36mo.s.c.g.r.RouteDefinitionRouteLocator[0;39m - RouteDefinition payment-service applying filter {_genkey_0=1} to StripPrefix
2026-10-08 19:14:46.897 [main] [39mDEBUG[0;39m [36mo.s.c.g.r.RouteDefinitionRouteLocator[0;39m - RouteDefinition matched: payment-service
2026-10-08 19:14:46.897 [main] [39mDEBUG[0;39m [36mo.s.c.g.r.RouteDefinitionRouteLocator[0;39m - RouteDefinition platform-actuator applying {_genkey_0=/api/platform/actuator/**} to Path
2026-10-08 19:14:46.897 [main] [39mDEBUG[0;39m [36mo.s.c.g.r.RouteDefinitionRouteLocator[0;39m - RouteDefinition platform-actuator applying filter {_genkey_0=1} to StripPrefix
2026-10-08 19:14:46.897 [main] [39mDEBUG[0;39m [36mo.s.c.g.r.RouteDefinitionRouteLocator[0;39m - RouteDefinition matched: platform-actuator
2026-10-08 19:14:46.897 [main] [39mDEBUG[0;39m [36mo.s.c.g.r.RouteDefinitionRouteLocator[0;39m - RouteDefinition booking-actuator applying {_genkey_0=/api/booking/actuator/**} to Path
2026-10-08 19:14:46.899 [main] [39mDEBUG[0;39m [36mo.s.c.g.r.RouteDefinitionRouteLocator[0;39m - RouteDefinition booking-actuator applying filter {_genkey_0=1} to StripPrefix
2026-10-08 19:14:46.899 [main] [39mDEBUG[0;39m [36mo.s.c.g.r.RouteDefinitionRouteLocator[0;39m - RouteDefinition matched: booking-actuator
2026-10-08 19:14:46.899 [main] [39mDEBUG[0;39m [36mo.s.c.g.r.RouteDefinitionRouteLocator[0;39m - RouteDefinition payment-actuator applying {_genkey_0=/api/payment/actuator/**} to Path
2026-10-08 19:14:46.899 [main] [39mDEBUG[0;39m [36mo.s.c.g.r.RouteDefinitionRouteLocator[0;39m - RouteDefinition payment-actuator applying filter {_genkey_0=1} to StripPrefix
2026-10-08 19:14:46.900 [main] [39mDEBUG[0;39m [36mo.s.c.g.r.RouteDefinitionRouteLocator[0;39m - RouteDefinition matched: payment-actuator
2026-10-08 19:14:46.900 [main] [39mDEBUG[0;39m [36mo.s.c.g.filter.GatewayMetricsFilter[0;39m - New routes count: 17
2026-10-08 19:14:47.132 [catalogWatchTaskScheduler-1] [39mDEBUG[0;39m [36mo.s.c.g.r.RouteDefinitionRouteLocator[0;39m - RouteDefinition platform-public applying {_genkey_0=/api/platform/public/**} to Path
2026-10-08 19:14:47.133 [catalogWatchTaskScheduler-1] [39mDEBUG[0;39m [36mo.s.c.g.r.RouteDefinitionRouteLocator[0;39m - RouteDefinition platform-public applying filter {_genkey_0=1} to StripPrefix
2026-10-08 19:14:47.134 [catalogWatchTaskScheduler-1] [39mDEBUG[0;39m [36mo.s.c.g.r.RouteDefinitionRouteLocator[0;39m - RouteDefinition matched: platform-public
2026-10-08 19:14:47.134 [catalogWatchTaskScheduler-1] [39mDEBUG[0;39m [36mo.s.c.g.r.RouteDefinitionRouteLocator[0;39m - RouteDefinition platform-auth applying {_genkey_0=/api/platform/auth/**} to Path
2026-10-08 19:14:47.136 [catalogWatchTaskScheduler-1] [39mDEBUG[0;39m [36mo.s.c.g.r.RouteDefinitionRouteLocator[0;39m - RouteDefinition platform-auth applying filter {_genkey_0=1} to StripPrefix
2026-10-08 19:14:47.137 [catalogWatchTaskScheduler-1] [39mDEBUG[0;39m [36mo.s.c.g.r.RouteDefinitionRouteLocator[0;39m - RouteDefinition matched: platform-auth
2026-10-08 19:14:47.137 [catalogWatchTaskScheduler-1] [39mDEBUG[0;39m [36mo.s.c.g.r.RouteDefinitionRouteLocator[0;39m - RouteDefinition platform-uploads applying {_genkey_0=/api/uploads/**} to Path
2026-10-08 19:14:47.139 [catalogWatchTaskScheduler-1] [39mDEBUG[0;39m [36mo.s.c.g.r.RouteDefinitionRouteLocator[0;39m - RouteDefinition platform-uploads applying filter {_genkey_0=1} to StripPrefix
2026-10-08 19:14:47.140 [catalogWatchTaskScheduler-1] [39mDEBUG[0;39m [36mo.s.c.g.r.RouteDefinitionRouteLocator[0;39m - RouteDefinition matched: platform-uploads
2026-10-08 19:14:47.141 [catalogWatchTaskScheduler-1] [39mDEBUG[0;39m [36mo.s.c.g.r.RouteDefinitionRouteLocator[0;39m - RouteDefinition platform-api-docs applying {_genkey_0=/api/platform/v3/api-docs/**} to Path
2026-10-08 19:14:47.143 [catalogWatchTaskScheduler-1] [39mDEBUG[0;39m [36mo.s.c.g.r.RouteDefinitionRouteLocator[0;39m - RouteDefinition platform-api-docs applying filter {_genkey_0=1} to StripPrefix
2026-10-08 19:14:47.144 [catalogWatchTaskScheduler-1] [39mDEBUG[0;39m [36mo.s.c.g.r.RouteDefinitionRouteLocator[0;39m - RouteDefinition matched: platform-api-docs
2026-10-08 19:14:47.145 [catalogWatchTaskScheduler-1] [39mDEBUG[0;39m [36mo.s.c.g.r.RouteDefinitionRouteLocator[0;39m - RouteDefinition booking-api-docs applying {_genkey_0=/api/booking/v3/api-docs/**} to Path
2026-10-08 19:14:47.148 [catalogWatchTaskScheduler-1] [39mDEBUG[0;39m [36mo.s.c.g.r.RouteDefinitionRouteLocator[0;39m - RouteDefinition booking-api-docs applying filter {_genkey_0=1} to StripPrefix
2026-10-08 19:14:47.151 [catalogWatchTaskScheduler-1] [39mDEBUG[0;39m [36mo.s.c.g.r.RouteDefinitionRouteLocator[0;39m - RouteDefinition matched: booking-api-docs
2026-10-08 19:14:47.151 [catalogWatchTaskScheduler-1] [39mDEBUG[0;39m [36mo.s.c.g.r.RouteDefinitionRouteLocator[0;39m - RouteDefinition payment-api-docs applying {_genkey_0=/api/payment/v3/api-docs/**} to Path
2026-10-08 19:14:47.153 [catalogWatchTaskScheduler-1] [39mDEBUG[0;39m [36mo.s.c.g.r.RouteDefinitionRouteLocator[0;39m - RouteDefinition payment-api-docs applying filter {_genkey_0=1} to StripPrefix
2026-10-08 19:14:47.153 [catalogWatchTaskScheduler-1] [39mDEBUG[0;39m [36mo.s.c.g.r.RouteDefinitionRouteLocator[0;39m - RouteDefinition matched: payment-api-docs
2026-10-08 19:14:47.154 [catalogWatchTaskScheduler-1] [39mDEBUG[0;39m [36mo.s.c.g.r.RouteDefinitionRouteLocator[0;39m - RouteDefinition platform-actuator-health applying {_genkey_0=/api/platform/actuator/health} to Path
2026-10-08 19:14:47.156 [catalogWatchTaskScheduler-1] [39mDEBUG[0;39m [36mo.s.c.g.r.RouteDefinitionRouteLocator[0;39m - RouteDefinition platform-actuator-health applying filter {_genkey_0=1} to StripPrefix
2026-10-08 19:14:47.157 [catalogWatchTaskScheduler-1] [39mDEBUG[0;39m [36mo.s.c.g.r.RouteDefinitionRouteLocator[0;39m - RouteDefinition matched: platform-actuator-health
2026-10-08 19:14:47.157 [catalogWatchTaskScheduler-1] [39mDEBUG[0;39m [36mo.s.c.g.r.RouteDefinitionRouteLocator[0;39m - RouteDefinition booking-actuator-health applying {_genkey_0=/api/booking/actuator/health} to Path
2026-10-08 19:14:47.157 [catalogWatchTaskScheduler-1] [39mDEBUG[0;39m [36mo.s.c.g.r.RouteDefinitionRouteLocator[0;39m - RouteDefinition booking-actuator-health applying filter {_genkey_0=1} to StripPrefix
2026-10-08 19:14:47.160 [catalogWatchTaskScheduler-1] [39mDEBUG[0;39m [36mo.s.c.g.r.RouteDefinitionRouteLocator[0;39m - RouteDefinition matched: booking-actuator-health
2026-10-08 19:14:47.161 [catalogWatchTaskScheduler-1] [39mDEBUG[0;39m [36mo.s.c.g.r.RouteDefinitionRouteLocator[0;39m - RouteDefinition payment-actuator-health applying {_genkey_0=/api/payment/actuator/health} to Path
2026-10-08 19:14:47.164 [catalogWatchTaskScheduler-1] [39mDEBUG[0;39m [36mo.s.c.g.r.RouteDefinitionRouteLocator[0;39m - RouteDefinition payment-actuator-health applying filter {_genkey_0=1} to StripPrefix
2026-10-08 19:14:47.165 [catalogWatchTaskScheduler-1] [39mDEBUG[0;39m [36mo.s.c.g.r.RouteDefinitionRouteLocator[0;39m - RouteDefinition matched: payment-actuator-health
2026-10-08 19:14:47.165 [catalogWatchTaskScheduler-1] [39mDEBUG[0;39m [36mo.s.c.g.r.RouteDefinitionRouteLocator[0;39m - RouteDefinition platform-admin applying {_genkey_0=/api/platform/admin/**} to Path
2026-10-08 19:14:47.168 [catalogWatchTaskScheduler-1] [39mDEBUG[0;39m [36mo.s.c.g.r.RouteDefinitionRouteLocator[0;39m - RouteDefinition platform-admin applying filter {_genkey_0=1} to StripPrefix
2026-10-08 19:14:47.168 [catalogWatchTaskScheduler-1] [39mDEBUG[0;39m [36mo.s.c.g.r.RouteDefinitionRouteLocator[0;39m - RouteDefinition matched: platform-admin
2026-10-08 19:14:47.170 [catalogWatchTaskScheduler-1] [39mDEBUG[0;39m [36mo.s.c.g.r.RouteDefinitionRouteLocator[0;39m - RouteDefinition platform-user applying {_genkey_0=/api/platform/user/**} to Path
2026-10-08 19:14:47.172 [catalogWatchTaskScheduler-1] [39mDEBUG[0;39m [36mo.s.c.g.r.RouteDefinitionRouteLocator[0;39m - RouteDefinition platform-user applying filter {_genkey_0=1} to StripPrefix
2026-10-08 19:14:47.173 [catalogWatchTaskScheduler-1] [39mDEBUG[0;39m [36mo.s.c.g.r.RouteDefinitionRouteLocator[0;39m - RouteDefinition matched: platform-user
2026-10-08 19:14:47.173 [catalogWatchTaskScheduler-1] [39mDEBUG[0;39m [36mo.s.c.g.r.RouteDefinitionRouteLocator[0;39m - RouteDefinition platform-other applying {_genkey_0=/api/platform/**} to Path
2026-10-08 19:14:47.176 [catalogWatchTaskScheduler-1] [39mDEBUG[0;39m [36mo.s.c.g.r.RouteDefinitionRouteLocator[0;39m - RouteDefinition platform-other applying filter {_genkey_0=1} to StripPrefix
2026-10-08 19:14:47.178 [catalogWatchTaskScheduler-1] [39mDEBUG[0;39m [36mo.s.c.g.r.RouteDefinitionRouteLocator[0;39m - RouteDefinition matched: platform-other
2026-10-08 19:14:47.179 [catalogWatchTaskScheduler-1] [39mDEBUG[0;39m [36mo.s.c.g.r.RouteDefinitionRouteLocator[0;39m - RouteDefinition booking-service applying {_genkey_0=/api/booking/**} to Path
2026-10-08 19:14:47.181 [catalogWatchTaskScheduler-1] [39mDEBUG[0;39m [36mo.s.c.g.r.RouteDefinitionRouteLocator[0;39m - RouteDefinition booking-service applying filter {_genkey_0=1} to StripPrefix
2026-10-08 19:14:47.184 [catalogWatchTaskScheduler-1] [39mDEBUG[0;39m [36mo.s.c.g.r.RouteDefinitionRouteLocator[0;39m - RouteDefinition matched: booking-service
2026-10-08 19:14:47.184 [catalogWatchTaskScheduler-1] [39mDEBUG[0;39m [36mo.s.c.g.r.RouteDefinitionRouteLocator[0;39m - RouteDefinition payment-service applying {_genkey_0=/api/payment/**} to Path
2026-10-08 19:14:47.185 [catalogWatchTaskScheduler-1] [39mDEBUG[0;39m [36mo.s.c.g.r.RouteDefinitionRouteLocator[0;39m - RouteDefinition payment-service applying filter {_genkey_0=1} to StripPrefix
2026-10-08 19:14:47.187 [catalogWatchTaskScheduler-1] [39mDEBUG[0;39m [36mo.s.c.g.r.RouteDefinitionRouteLocator[0;39m - RouteDefinition matched: payment-service
2026-10-08 19:14:47.187 [catalogWatchTaskScheduler-1] [39mDEBUG[0;39m [36mo.s.c.g.r.RouteDefinitionRouteLocator[0;39m - RouteDefinition platform-actuator applying {_genkey_0=/api/platform/actuator/**} to Path
2026-10-08 19:14:47.189 [catalogWatchTaskScheduler-1] [39mDEBUG[0;39m [36mo.s.c.g.r.RouteDefinitionRouteLocator[0;39m - RouteDefinition platform-actuator applying filter {_genkey_0=1} to StripPrefix
2026-10-08 19:14:47.192 [catalogWatchTaskScheduler-1] [39mDEBUG[0;39m [36mo.s.c.g.r.RouteDefinitionRouteLocator[0;39m - RouteDefinition matched: platform-actuator
2026-10-08 19:14:47.192 [catalogWatchTaskScheduler-1] [39mDEBUG[0;39m [36mo.s.c.g.r.RouteDefinitionRouteLocator[0;39m - RouteDefinition booking-actuator applying {_genkey_0=/api/booking/actuator/**} to Path
2026-10-08 19:14:47.194 [catalogWatchTaskScheduler-1] [39mDEBUG[0;39m [36mo.s.c.g.r.RouteDefinitionRouteLocator[0;39m - RouteDefinition booking-actuator applying filter {_genkey_0=1} to StripPrefix
2026-10-08 19:14:47.196 [catalogWatchTaskScheduler-1] [39mDEBUG[0;39m [36mo.s.c.g.r.RouteDefinitionRouteLocator[0;39m - RouteDefinition matched: booking-actuator
2026-10-08 19:14:47.197 [catalogWatchTaskScheduler-1] [39mDEBUG[0;39m [36mo.s.c.g.r.RouteDefinitionRouteLocator[0;39m - RouteDefinition payment-actuator applying {_genkey_0=/api/payment/actuator/**} to Path
2026-10-08 19:14:47.200 [catalogWatchTaskScheduler-1] [39mDEBUG[0;39m [36mo.s.c.g.r.RouteDefinitionRouteLocator[0;39m - RouteDefinition payment-actuator applying filter {_genkey_0=1} to StripPrefix
2026-10-08 19:14:47.201 [catalogWatchTaskScheduler-1] [39mDEBUG[0;39m [36mo.s.c.g.r.RouteDefinitionRouteLocator[0;39m - RouteDefinition matched: payment-actuator
2026-10-08 19:14:47.204 [catalogWatchTaskScheduler-1] [39mDEBUG[0;39m [36mo.s.c.g.filter.GatewayMetricsFilter[0;39m - New routes count: 17
2026-10-08 19:16:29.522 [reactor-http-nio-12] [39mDEBUG[0;39m [36mo.s.c.g.h.RoutePredicateHandlerMapping[0;39m - Route matched: booking-api-docs
2026-10-08 19:16:29.543 [reactor-http-nio-12] [39mDEBUG[0;39m [36mo.s.c.g.h.RoutePredicateHandlerMapping[0;39m - Mapping [Exchange: GET http://localhost:8086/api/booking/v3/api-docs] to Route{id='booking-api-docs', uri=lb://MOMENT-FOREVER-BOOKING, order=0, predicate=Paths: [/api/booking/v3/api-docs/**], match trailing slash: true, gatewayFilters=[[[StripPrefix parts = 1], order = 1]], metadata={is-public=true}}
2026-10-08 19:16:29.547 [reactor-http-nio-12] [39mDEBUG[0;39m [36mo.s.c.g.h.RoutePredicateHandlerMapping[0;39m - [531cf6e2-12] Mapped to org.springframework.cloud.gateway.handler.FilteringWebHandler@3f7c6365
2026-10-08 19:16:29.550 [reactor-http-nio-12] [39mDEBUG[0;39m [36mo.s.c.g.handler.FilteringWebHandler[0;39m - Sorted gatewayFilterFactories: [[GatewayFilterAdapter{delegate=org.springframework.cloud.gateway.filter.RemoveCachedBodyFilter@7227926b}, order = -2147483648], [GatewayFilterAdapter{delegate=org.springframework.cloud.gateway.filter.AdaptCachedBodyGlobalFilter@79617c3d}, order = -2147482648], [GatewayFilterAdapter{delegate=com.forvmom.MomentForeverAPIGateway.filter.JwtAuthenticationFilter@35a9e665}, order = -1], [GatewayFilterAdapter{delegate=org.springframework.cloud.gateway.filter.NettyWriteResponseFilter@1b632442}, order = -1], [GatewayFilterAdapter{delegate=org.springframework.cloud.gateway.filter.ForwardPathFilter@57a982f9}, order = 0], [GatewayFilterAdapter{delegate=org.springframework.cloud.gateway.filter.GatewayMetricsFilter@1b69fc07}, order = 0], [[StripPrefix parts = 1], order = 1], [GatewayFilterAdapter{delegate=org.springframework.cloud.gateway.filter.RouteToRequestUrlFilter@2f75a9b1}, order = 10000], [GatewayFilterAdapter{delegate=org.springframework.cloud.gateway.filter.ReactiveLoadBalancerClientFilter@362be0cd}, order = 10150], [GatewayFilterAdapter{delegate=org.springframework.cloud.gateway.filter.LoadBalancerServiceInstanceCookieFilter@2dde0a34}, order = 10151], [GatewayFilterAdapter{delegate=org.springframework.cloud.gateway.filter.WebsocketRoutingFilter@19d3f6ad}, order = 2147483646], [GatewayFilterAdapter{delegate=com.forvmom.MomentForeverAPIGateway.filter.GatewayRequestLoggingFilter@6a04d2a4}, order = 2147483647], [GatewayFilterAdapter{delegate=org.springframework.cloud.gateway.filter.NettyRoutingFilter@61836cd9}, order = 2147483647], [GatewayFilterAdapter{delegate=org.springframework.cloud.gateway.filter.ForwardRoutingFilter@556aed22}, order = 2147483647]]
2026-10-08 19:16:29.724 [reactor-http-nio-12] [39mDEBUG[0;39m [36mo.s.c.g.r.RouteDefinitionRouteLocator[0;39m - RouteDefinition platform-public applying {_genkey_0=/api/platform/public/**} to Path
2026-10-08 19:16:29.728 [reactor-http-nio-12] [39mDEBUG[0;39m [36mo.s.c.g.r.RouteDefinitionRouteLocator[0;39m - RouteDefinition platform-public applying filter {_genkey_0=1} to StripPrefix
2026-10-08 19:16:29.730 [reactor-http-nio-12] [39mDEBUG[0;39m [36mo.s.c.g.r.RouteDefinitionRouteLocator[0;39m - RouteDefinition matched: platform-public
2026-10-08 19:16:29.731 [reactor-http-nio-12] [39mDEBUG[0;39m [36mo.s.c.g.r.RouteDefinitionRouteLocator[0;39m - RouteDefinition platform-auth applying {_genkey_0=/api/platform/auth/**} to Path
2026-10-08 19:16:29.736 [reactor-http-nio-12] [39mDEBUG[0;39m [36mo.s.c.g.r.RouteDefinitionRouteLocator[0;39m - RouteDefinition platform-auth applying filter {_genkey_0=1} to StripPrefix
2026-10-08 19:16:29.739 [reactor-http-nio-12] [39mDEBUG[0;39m [36mo.s.c.g.r.RouteDefinitionRouteLocator[0;39m - RouteDefinition matched: platform-auth
2026-10-08 19:16:29.739 [reactor-http-nio-12] [39mDEBUG[0;39m [36mo.s.c.g.r.RouteDefinitionRouteLocator[0;39m - RouteDefinition platform-uploads applying {_genkey_0=/api/uploads/**} to Path
2026-10-08 19:16:29.740 [reactor-http-nio-12] [39mDEBUG[0;39m [36mo.s.c.g.r.RouteDefinitionRouteLocator[0;39m - RouteDefinition platform-uploads applying filter {_genkey_0=1} to StripPrefix
2026-10-08 19:16:29.742 [reactor-http-nio-12] [39mDEBUG[0;39m [36mo.s.c.g.r.RouteDefinitionRouteLocator[0;39m - RouteDefinition matched: platform-uploads
2026-10-08 19:16:29.743 [reactor-http-nio-12] [39mDEBUG[0;39m [36mo.s.c.g.r.RouteDefinitionRouteLocator[0;39m - RouteDefinition platform-api-docs applying {_genkey_0=/api/platform/v3/api-docs/**} to Path
2026-10-08 19:16:29.746 [reactor-http-nio-12] [39mDEBUG[0;39m [36mo.s.c.g.r.RouteDefinitionRouteLocator[0;39m - RouteDefinition platform-api-docs applying filter {_genkey_0=1} to StripPrefix
2026-10-08 19:16:29.750 [reactor-http-nio-12] [39mDEBUG[0;39m [36mo.s.c.g.r.RouteDefinitionRouteLocator[0;39m - RouteDefinition matched: platform-api-docs
2026-10-08 19:16:29.750 [reactor-http-nio-12] [39mDEBUG[0;39m [36mo.s.c.g.r.RouteDefinitionRouteLocator[0;39m - RouteDefinition booking-api-docs applying {_genkey_0=/api/booking/v3/api-docs/**} to Path
2026-10-08 19:16:29.752 [reactor-http-nio-12] [39mDEBUG[0;39m [36mo.s.c.g.r.RouteDefinitionRouteLocator[0;39m - RouteDefinition booking-api-docs applying filter {_genkey_0=1} to StripPrefix
2026-10-08 19:16:29.754 [reactor-http-nio-12] [39mDEBUG[0;39m [36mo.s.c.g.r.RouteDefinitionRouteLocator[0;39m - RouteDefinition matched: booking-api-docs
2026-10-08 19:16:29.754 [reactor-http-nio-12] [39mDEBUG[0;39m [36mo.s.c.g.r.RouteDefinitionRouteLocator[0;39m - RouteDefinition payment-api-docs applying {_genkey_0=/api/payment/v3/api-docs/**} to Path
2026-10-08 19:16:29.755 [reactor-http-nio-12] [39mDEBUG[0;39m [36mo.s.c.g.r.RouteDefinitionRouteLocator[0;39m - RouteDefinition payment-api-docs applying filter {_genkey_0=1} to StripPrefix
2026-10-08 19:16:29.758 [reactor-http-nio-12] [39mDEBUG[0;39m [36mo.s.c.g.r.RouteDefinitionRouteLocator[0;39m - RouteDefinition matched: payment-api-docs
2026-10-08 19:16:29.758 [reactor-http-nio-12] [39mDEBUG[0;39m [36mo.s.c.g.r.RouteDefinitionRouteLocator[0;39m - RouteDefinition platform-actuator-health applying {_genkey_0=/api/platform/actuator/health} to Path
2026-10-08 19:16:29.761 [reactor-http-nio-12] [39mDEBUG[0;39m [36mo.s.c.g.r.RouteDefinitionRouteLocator[0;39m - RouteDefinition platform-actuator-health applying filter {_genkey_0=1} to StripPrefix
2026-10-08 19:16:29.764 [reactor-http-nio-12] [39mDEBUG[0;39m [36mo.s.c.g.r.RouteDefinitionRouteLocator[0;39m - RouteDefinition matched: platform-actuator-health
2026-10-08 19:16:29.765 [reactor-http-nio-12] [39mDEBUG[0;39m [36mo.s.c.g.r.RouteDefinitionRouteLocator[0;39m - RouteDefinition booking-actuator-health applying {_genkey_0=/api/booking/actuator/health} to Path
2026-10-08 19:16:29.767 [reactor-http-nio-12] [39mDEBUG[0;39m [36mo.s.c.g.r.RouteDefinitionRouteLocator[0;39m - RouteDefinition booking-actuator-health applying filter {_genkey_0=1} to StripPrefix
2026-10-08 19:16:29.768 [reactor-http-nio-12] [39mDEBUG[0;39m [36mo.s.c.g.r.RouteDefinitionRouteLocator[0;39m - RouteDefinition matched: booking-actuator-health
2026-10-08 19:16:29.769 [reactor-http-nio-12] [39mDEBUG[0;39m [36mo.s.c.g.r.RouteDefinitionRouteLocator[0;39m - RouteDefinition payment-actuator-health applying {_genkey_0=/api/payment/actuator/health} to Path
2026-10-08 19:16:29.771 [reactor-http-nio-12] [39mDEBUG[0;39m [36mo.s.c.g.r.RouteDefinitionRouteLocator[0;39m - RouteDefinition payment-actuator-health applying filter {_genkey_0=1} to StripPrefix
2026-10-08 19:16:29.774 [reactor-http-nio-12] [39mDEBUG[0;39m [36mo.s.c.g.r.RouteDefinitionRouteLocator[0;39m - RouteDefinition matched: payment-actuator-health
2026-10-08 19:16:29.775 [reactor-http-nio-12] [39mDEBUG[0;39m [36mo.s.c.g.r.RouteDefinitionRouteLocator[0;39m - RouteDefinition platform-admin applying {_genkey_0=/api/platform/admin/**} to Path
2026-10-08 19:16:29.780 [reactor-http-nio-12] [39mDEBUG[0;39m [36mo.s.c.g.r.RouteDefinitionRouteLocator[0;39m - RouteDefinition platform-admin applying filter {_genkey_0=1} to StripPrefix
2026-10-08 19:16:29.784 [reactor-http-nio-12] [39mDEBUG[0;39m [36mo.s.c.g.r.RouteDefinitionRouteLocator[0;39m - RouteDefinition matched: platform-admin
2026-10-08 19:16:29.784 [reactor-http-nio-12] [39mDEBUG[0;39m [36mo.s.c.g.r.RouteDefinitionRouteLocator[0;39m - RouteDefinition platform-user applying {_genkey_0=/api/platform/user/**} to Path
2026-10-08 19:16:29.787 [reactor-http-nio-12] [39mDEBUG[0;39m [36mo.s.c.g.r.RouteDefinitionRouteLocator[0;39m - RouteDefinition platform-user applying filter {_genkey_0=1} to StripPrefix
2026-10-08 19:16:29.789 [reactor-http-nio-12] [39mDEBUG[0;39m [36mo.s.c.g.r.RouteDefinitionRouteLocator[0;39m - RouteDefinition matched: platform-user
2026-10-08 19:16:29.789 [reactor-http-nio-12] [39mDEBUG[0;39m [36mo.s.c.g.r.RouteDefinitionRouteLocator[0;39m - RouteDefinition platform-other applying {_genkey_0=/api/platform/**} to Path
2026-10-08 19:16:29.791 [reactor-http-nio-12] [39mDEBUG[0;39m [36mo.s.c.g.r.RouteDefinitionRouteLocator[0;39m - RouteDefinition platform-other applying filter {_genkey_0=1} to StripPrefix
2026-10-08 19:16:29.794 [reactor-http-nio-12] [39mDEBUG[0;39m [36mo.s.c.g.r.RouteDefinitionRouteLocator[0;39m - RouteDefinition matched: platform-other
2026-10-08 19:16:29.795 [reactor-http-nio-12] [39mDEBUG[0;39m [36mo.s.c.g.r.RouteDefinitionRouteLocator[0;39m - RouteDefinition booking-service applying {_genkey_0=/api/booking/**} to Path
2026-10-08 19:16:29.799 [reactor-http-nio-12] [39mDEBUG[0;39m [36mo.s.c.g.r.RouteDefinitionRouteLocator[0;39m - RouteDefinition booking-service applying filter {_genkey_0=1} to StripPrefix
2026-10-08 19:16:29.801 [reactor-http-nio-12] [39mDEBUG[0;39m [36mo.s.c.g.r.RouteDefinitionRouteLocator[0;39m - RouteDefinition matched: booking-service
2026-10-08 19:16:29.801 [reactor-http-nio-12] [39mDEBUG[0;39m [36mo.s.c.g.r.RouteDefinitionRouteLocator[0;39m - RouteDefinition payment-service applying {_genkey_0=/api/payment/**} to Path
2026-10-08 19:16:29.805 [reactor-http-nio-12] [39mDEBUG[0;39m [36mo.s.c.g.r.RouteDefinitionRouteLocator[0;39m - RouteDefinition payment-service applying filter {_genkey_0=1} to StripPrefix
2026-10-08 19:16:29.808 [reactor-http-nio-12] [39mDEBUG[0;39m [36mo.s.c.g.r.RouteDefinitionRouteLocator[0;39m - RouteDefinition matched: payment-service
2026-10-08 19:16:29.808 [reactor-http-nio-12] [39mDEBUG[0;39m [36mo.s.c.g.r.RouteDefinitionRouteLocator[0;39m - RouteDefinition platform-actuator applying {_genkey_0=/api/platform/actuator/**} to Path
2026-10-08 19:16:29.812 [reactor-http-nio-12] [39mDEBUG[0;39m [36mo.s.c.g.r.RouteDefinitionRouteLocator[0;39m - RouteDefinition platform-actuator applying filter {_genkey_0=1} to StripPrefix
2026-10-08 19:16:29.814 [reactor-http-nio-12] [39mDEBUG[0;39m [36mo.s.c.g.r.RouteDefinitionRouteLocator[0;39m - RouteDefinition matched: platform-actuator
2026-10-08 19:16:29.814 [reactor-http-nio-12] [39mDEBUG[0;39m [36mo.s.c.g.r.RouteDefinitionRouteLocator[0;39m - RouteDefinition booking-actuator applying {_genkey_0=/api/booking/actuator/**} to Path
2026-10-08 19:16:29.816 [reactor-http-nio-12] [39mDEBUG[0;39m [36mo.s.c.g.r.RouteDefinitionRouteLocator[0;39m - RouteDefinition booking-actuator applying filter {_genkey_0=1} to StripPrefix
2026-10-08 19:16:29.821 [reactor-http-nio-12] [39mDEBUG[0;39m [36mo.s.c.g.r.RouteDefinitionRouteLocator[0;39m - RouteDefinition matched: booking-actuator
2026-10-08 19:16:29.822 [reactor-http-nio-12] [39mDEBUG[0;39m [36mo.s.c.g.r.RouteDefinitionRouteLocator[0;39m - RouteDefinition payment-actuator applying {_genkey_0=/api/payment/actuator/**} to Path
2026-10-08 19:16:29.825 [reactor-http-nio-12] [39mDEBUG[0;39m [36mo.s.c.g.r.RouteDefinitionRouteLocator[0;39m - RouteDefinition payment-actuator applying filter {_genkey_0=1} to StripPrefix
2026-10-08 19:16:29.827 [reactor-http-nio-12] [39mDEBUG[0;39m [36mo.s.c.g.r.RouteDefinitionRouteLocator[0;39m - RouteDefinition matched: payment-actuator
2026-10-08 19:16:29.830 [reactor-http-nio-12] [39mDEBUG[0;39m [36mo.s.c.g.filter.GatewayMetricsFilter[0;39m - New routes count: 17
2026-10-08 19:16:32.790 [reactor-http-nio-12] [39mDEBUG[0;39m [36mo.s.c.g.h.RoutePredicateHandlerMapping[0;39m - Route matched: platform-api-docs
2026-10-08 19:16:32.790 [reactor-http-nio-12] [39mDEBUG[0;39m [36mo.s.c.g.h.RoutePredicateHandlerMapping[0;39m - Mapping [Exchange: GET http://localhost:8086/api/platform/v3/api-docs] to Route{id='platform-api-docs', uri=lb://MOMENT-FOREVER-PLATFORM, order=0, predicate=Paths: [/api/platform/v3/api-docs/**], match trailing slash: true, gatewayFilters=[[[StripPrefix parts = 1], order = 1]], metadata={is-public=true}}
2026-10-08 19:16:32.790 [reactor-http-nio-12] [39mDEBUG[0;39m [36mo.s.c.g.h.RoutePredicateHandlerMapping[0;39m - [531cf6e2-14] Mapped to org.springframework.cloud.gateway.handler.FilteringWebHandler@3f7c6365
2026-10-08 19:16:32.790 [reactor-http-nio-12] [39mDEBUG[0;39m [36mo.s.c.g.handler.FilteringWebHandler[0;39m - Sorted gatewayFilterFactories: [[GatewayFilterAdapter{delegate=org.springframework.cloud.gateway.filter.RemoveCachedBodyFilter@7227926b}, order = -2147483648], [GatewayFilterAdapter{delegate=org.springframework.cloud.gateway.filter.AdaptCachedBodyGlobalFilter@79617c3d}, order = -2147482648], [GatewayFilterAdapter{delegate=com.forvmom.MomentForeverAPIGateway.filter.JwtAuthenticationFilter@35a9e665}, order = -1], [GatewayFilterAdapter{delegate=org.springframework.cloud.gateway.filter.NettyWriteResponseFilter@1b632442}, order = -1], [GatewayFilterAdapter{delegate=org.springframework.cloud.gateway.filter.ForwardPathFilter@57a982f9}, order = 0], [GatewayFilterAdapter{delegate=org.springframework.cloud.gateway.filter.GatewayMetricsFilter@1b69fc07}, order = 0], [[StripPrefix parts = 1], order = 1], [GatewayFilterAdapter{delegate=org.springframework.cloud.gateway.filter.RouteToRequestUrlFilter@2f75a9b1}, order = 10000], [GatewayFilterAdapter{delegate=org.springframework.cloud.gateway.filter.ReactiveLoadBalancerClientFilter@362be0cd}, order = 10150], [GatewayFilterAdapter{delegate=org.springframework.cloud.gateway.filter.LoadBalancerServiceInstanceCookieFilter@2dde0a34}, order = 10151], [GatewayFilterAdapter{delegate=org.springframework.cloud.gateway.filter.WebsocketRoutingFilter@19d3f6ad}, order = 2147483646], [GatewayFilterAdapter{delegate=com.forvmom.MomentForeverAPIGateway.filter.GatewayRequestLoggingFilter@6a04d2a4}, order = 2147483647], [GatewayFilterAdapter{delegate=org.springframework.cloud.gateway.filter.NettyRoutingFilter@61836cd9}, order = 2147483647], [GatewayFilterAdapter{delegate=org.springframework.cloud.gateway.filter.ForwardRoutingFilter@556aed22}, order = 2147483647]]
2026-10-08 19:16:32.838 [reactor-http-nio-12] [39mDEBUG[0;39m [36mo.s.c.g.r.RouteDefinitionRouteLocator[0;39m - RouteDefinition platform-public applying {_genkey_0=/api/platform/public/**} to Path
2026-10-08 19:16:32.842 [reactor-http-nio-12] [39mDEBUG[0;39m [36mo.s.c.g.r.RouteDefinitionRouteLocator[0;39m - RouteDefinition platform-public applying filter {_genkey_0=1} to StripPrefix
2026-10-08 19:16:32.845 [reactor-http-nio-12] [39mDEBUG[0;39m [36mo.s.c.g.r.RouteDefinitionRouteLocator[0;39m - RouteDefinition matched: platform-public
2026-10-08 19:16:32.845 [reactor-http-nio-12] [39mDEBUG[0;39m [36mo.s.c.g.r.RouteDefinitionRouteLocator[0;39m - RouteDefinition platform-auth applying {_genkey_0=/api/platform/auth/**} to Path
2026-10-08 19:16:32.847 [reactor-http-nio-12] [39mDEBUG[0;39m [36mo.s.c.g.r.RouteDefinitionRouteLocator[0;39m - RouteDefinition platform-auth applying filter {_genkey_0=1} to StripPrefix
2026-10-08 19:16:32.848 [reactor-http-nio-12] [39mDEBUG[0;39m [36mo.s.c.g.r.RouteDefinitionRouteLocator[0;39m - RouteDefinition matched: platform-auth
2026-10-08 19:16:32.849 [reactor-http-nio-12] [39mDEBUG[0;39m [36mo.s.c.g.r.RouteDefinitionRouteLocator[0;39m - RouteDefinition platform-uploads applying {_genkey_0=/api/uploads/**} to Path
2026-10-08 19:16:32.853 [reactor-http-nio-12] [39mDEBUG[0;39m [36mo.s.c.g.r.RouteDefinitionRouteLocator[0;39m - RouteDefinition platform-uploads applying filter {_genkey_0=1} to StripPrefix
2026-10-08 19:16:32.855 [reactor-http-nio-12] [39mDEBUG[0;39m [36mo.s.c.g.r.RouteDefinitionRouteLocator[0;39m - RouteDefinition matched: platform-uploads
2026-10-08 19:16:32.855 [reactor-http-nio-12] [39mDEBUG[0;39m [36mo.s.c.g.r.RouteDefinitionRouteLocator[0;39m - RouteDefinition platform-api-docs applying {_genkey_0=/api/platform/v3/api-docs/**} to Path
2026-10-08 19:16:32.859 [reactor-http-nio-12] [39mDEBUG[0;39m [36mo.s.c.g.r.RouteDefinitionRouteLocator[0;39m - RouteDefinition platform-api-docs applying filter {_genkey_0=1} to StripPrefix
2026-10-08 19:16:32.861 [reactor-http-nio-12] [39mDEBUG[0;39m [36mo.s.c.g.r.RouteDefinitionRouteLocator[0;39m - RouteDefinition matched: platform-api-docs
2026-10-08 19:16:32.862 [reactor-http-nio-12] [39mDEBUG[0;39m [36mo.s.c.g.r.RouteDefinitionRouteLocator[0;39m - RouteDefinition booking-api-docs applying {_genkey_0=/api/booking/v3/api-docs/**} to Path
2026-10-08 19:16:32.865 [reactor-http-nio-12] [39mDEBUG[0;39m [36mo.s.c.g.r.RouteDefinitionRouteLocator[0;39m - RouteDefinition booking-api-docs applying filter {_genkey_0=1} to StripPrefix
2026-10-08 19:16:32.866 [reactor-http-nio-12] [39mDEBUG[0;39m [36mo.s.c.g.r.RouteDefinitionRouteLocator[0;39m - RouteDefinition matched: booking-api-docs
2026-10-08 19:16:32.867 [reactor-http-nio-12] [39mDEBUG[0;39m [36mo.s.c.g.r.RouteDefinitionRouteLocator[0;39m - RouteDefinition payment-api-docs applying {_genkey_0=/api/payment/v3/api-docs/**} to Path
2026-10-08 19:16:32.868 [reactor-http-nio-12] [39mDEBUG[0;39m [36mo.s.c.g.r.RouteDefinitionRouteLocator[0;39m - RouteDefinition payment-api-docs applying filter {_genkey_0=1} to StripPrefix
2026-10-08 19:16:32.869 [reactor-http-nio-12] [39mDEBUG[0;39m [36mo.s.c.g.r.RouteDefinitionRouteLocator[0;39m - RouteDefinition matched: payment-api-docs
2026-10-08 19:16:32.869 [reactor-http-nio-12] [39mDEBUG[0;39m [36mo.s.c.g.r.RouteDefinitionRouteLocator[0;39m - RouteDefinition platform-actuator-health applying {_genkey_0=/api/platform/actuator/health} to Path
2026-10-08 19:16:32.873 [reactor-http-nio-12] [39mDEBUG[0;39m [36mo.s.c.g.r.RouteDefinitionRouteLocator[0;39m - RouteDefinition platform-actuator-health applying filter {_genkey_0=1} to StripPrefix
2026-10-08 19:16:32.876 [reactor-http-nio-12] [39mDEBUG[0;39m [36mo.s.c.g.r.RouteDefinitionRouteLocator[0;39m - RouteDefinition matched: platform-actuator-health
2026-10-08 19:16:32.876 [reactor-http-nio-12] [39mDEBUG[0;39m [36mo.s.c.g.r.RouteDefinitionRouteLocator[0;39m - RouteDefinition booking-actuator-health applying {_genkey_0=/api/booking/actuator/health} to Path
2026-10-08 19:16:32.878 [reactor-http-nio-12] [39mDEBUG[0;39m [36mo.s.c.g.r.RouteDefinitionRouteLocator[0;39m - RouteDefinition booking-actuator-health applying filter {_genkey_0=1} to StripPrefix
2026-10-08 19:16:32.880 [reactor-http-nio-12] [39mDEBUG[0;39m [36mo.s.c.g.r.RouteDefinitionRouteLocator[0;39m - RouteDefinition matched: booking-actuator-health
2026-10-08 19:16:32.880 [reactor-http-nio-12] [39mDEBUG[0;39m [36mo.s.c.g.r.RouteDefinitionRouteLocator[0;39m - RouteDefinition payment-actuator-health applying {_genkey_0=/api/payment/actuator/health} to Path
2026-10-08 19:16:32.883 [reactor-http-nio-12] [39mDEBUG[0;39m [36mo.s.c.g.r.RouteDefinitionRouteLocator[0;39m - RouteDefinition payment-actuator-health applying filter {_genkey_0=1} to StripPrefix
2026-10-08 19:16:32.887 [reactor-http-nio-12] [39mDEBUG[0;39m [36mo.s.c.g.r.RouteDefinitionRouteLocator[0;39m - RouteDefinition matched: payment-actuator-health
2026-10-08 19:16:32.887 [reactor-http-nio-12] [39mDEBUG[0;39m [36mo.s.c.g.r.RouteDefinitionRouteLocator[0;39m - RouteDefinition platform-admin applying {_genkey_0=/api/platform/admin/**} to Path
2026-10-08 19:16:32.889 [reactor-http-nio-12] [39mDEBUG[0;39m [36mo.s.c.g.r.RouteDefinitionRouteLocator[0;39m - RouteDefinition platform-admin applying filter {_genkey_0=1} to StripPrefix
2026-10-08 19:16:32.890 [reactor-http-nio-12] [39mDEBUG[0;39m [36mo.s.c.g.r.RouteDefinitionRouteLocator[0;39m - RouteDefinition matched: platform-admin
2026-10-08 19:16:32.891 [reactor-http-nio-12] [39mDEBUG[0;39m [36mo.s.c.g.r.RouteDefinitionRouteLocator[0;39m - RouteDefinition platform-user applying {_genkey_0=/api/platform/user/**} to Path
2026-10-08 19:16:32.892 [reactor-http-nio-12] [39mDEBUG[0;39m [36mo.s.c.g.r.RouteDefinitionRouteLocator[0;39m - RouteDefinition platform-user applying filter {_genkey_0=1} to StripPrefix
2026-10-08 19:16:32.894 [reactor-http-nio-12] [39mDEBUG[0;39m [36mo.s.c.g.r.RouteDefinitionRouteLocator[0;39m - RouteDefinition matched: platform-user
2026-10-08 19:16:32.894 [reactor-http-nio-12] [39mDEBUG[0;39m [36mo.s.c.g.r.RouteDefinitionRouteLocator[0;39m - RouteDefinition platform-other applying {_genkey_0=/api/platform/**} to Path
2026-10-08 19:16:32.896 [reactor-http-nio-12] [39mDEBUG[0;39m [36mo.s.c.g.r.RouteDefinitionRouteLocator[0;39m - RouteDefinition platform-other applying filter {_genkey_0=1} to StripPrefix
2026-10-08 19:16:32.898 [reactor-http-nio-12] [39mDEBUG[0;39m [36mo.s.c.g.r.RouteDefinitionRouteLocator[0;39m - RouteDefinition matched: platform-other
2026-10-08 19:16:32.898 [reactor-http-nio-12] [39mDEBUG[0;39m [36mo.s.c.g.r.RouteDefinitionRouteLocator[0;39m - RouteDefinition booking-service applying {_genkey_0=/api/booking/**} to Path
2026-10-08 19:16:32.900 [reactor-http-nio-12] [39mDEBUG[0;39m [36mo.s.c.g.r.RouteDefinitionRouteLocator[0;39m - RouteDefinition booking-service applying filter {_genkey_0=1} to StripPrefix
2026-10-08 19:16:32.901 [reactor-http-nio-12] [39mDEBUG[0;39m [36mo.s.c.g.r.RouteDefinitionRouteLocator[0;39m - RouteDefinition matched: booking-service
2026-10-08 19:16:32.903 [reactor-http-nio-12] [39mDEBUG[0;39m [36mo.s.c.g.r.RouteDefinitionRouteLocator[0;39m - RouteDefinition payment-service applying {_genkey_0=/api/payment/**} to Path
2026-10-08 19:16:32.904 [reactor-http-nio-12] [39mDEBUG[0;39m [36mo.s.c.g.r.RouteDefinitionRouteLocator[0;39m - RouteDefinition payment-service applying filter {_genkey_0=1} to StripPrefix
2026-10-08 19:16:32.906 [reactor-http-nio-12] [39mDEBUG[0;39m [36mo.s.c.g.r.RouteDefinitionRouteLocator[0;39m - RouteDefinition matched: payment-service
2026-10-08 19:16:32.906 [reactor-http-nio-12] [39mDEBUG[0;39m [36mo.s.c.g.r.RouteDefinitionRouteLocator[0;39m - RouteDefinition platform-actuator applying {_genkey_0=/api/platform/actuator/**} to Path
2026-10-08 19:16:32.908 [reactor-http-nio-12] [39mDEBUG[0;39m [36mo.s.c.g.r.RouteDefinitionRouteLocator[0;39m - RouteDefinition platform-actuator applying filter {_genkey_0=1} to StripPrefix
2026-10-08 19:16:32.910 [reactor-http-nio-12] [39mDEBUG[0;39m [36mo.s.c.g.r.RouteDefinitionRouteLocator[0;39m - RouteDefinition matched: platform-actuator
2026-10-08 19:16:32.910 [reactor-http-nio-12] [39mDEBUG[0;39m [36mo.s.c.g.r.RouteDefinitionRouteLocator[0;39m - RouteDefinition booking-actuator applying {_genkey_0=/api/booking/actuator/**} to Path
2026-10-08 19:16:32.913 [reactor-http-nio-12] [39mDEBUG[0;39m [36mo.s.c.g.r.RouteDefinitionRouteLocator[0;39m - RouteDefinition booking-actuator applying filter {_genkey_0=1} to StripPrefix
2026-10-08 19:16:32.915 [reactor-http-nio-12] [39mDEBUG[0;39m [36mo.s.c.g.r.RouteDefinitionRouteLocator[0;39m - RouteDefinition matched: booking-actuator
2026-10-08 19:16:32.915 [reactor-http-nio-12] [39mDEBUG[0;39m [36mo.s.c.g.r.RouteDefinitionRouteLocator[0;39m - RouteDefinition payment-actuator applying {_genkey_0=/api/payment/actuator/**} to Path
2026-10-08 19:16:32.916 [reactor-http-nio-12] [39mDEBUG[0;39m [36mo.s.c.g.r.RouteDefinitionRouteLocator[0;39m - RouteDefinition payment-actuator applying filter {_genkey_0=1} to StripPrefix
2026-10-08 19:16:32.917 [reactor-http-nio-12] [39mDEBUG[0;39m [36mo.s.c.g.r.RouteDefinitionRouteLocator[0;39m - RouteDefinition matched: payment-actuator
2026-10-08 19:16:32.919 [reactor-http-nio-12] [39mDEBUG[0;39m [36mo.s.c.g.filter.GatewayMetricsFilter[0;39m - New routes count: 17
2026-10-08 19:16:46.845 [catalogWatchTaskScheduler-1] [39mDEBUG[0;39m [36mo.s.c.g.r.RouteDefinitionRouteLocator[0;39m - RouteDefinition platform-public applying {_genkey_0=/api/platform/public/**} to Path
2026-10-08 19:16:46.847 [catalogWatchTaskScheduler-1] [39mDEBUG[0;39m [36mo.s.c.g.r.RouteDefinitionRouteLocator[0;39m - RouteDefinition platform-public applying filter {_genkey_0=1} to StripPrefix
2026-10-08 19:16:46.848 [catalogWatchTaskScheduler-1] [39mDEBUG[0;39m [36mo.s.c.g.r.RouteDefinitionRouteLocator[0;39m - RouteDefinition matched: platform-public
2026-10-08 19:16:46.848 [catalogWatchTaskScheduler-1] [39mDEBUG[0;39m [36mo.s.c.g.r.RouteDefinitionRouteLocator[0;39m - RouteDefinition platform-auth applying {_genkey_0=/api/platform/auth/**} to Path
2026-10-08 19:16:46.849 [catalogWatchTaskScheduler-1] [39mDEBUG[0;39m [36mo.s.c.g.r.RouteDefinitionRouteLocator[0;39m - RouteDefinition platform-auth applying filter {_genkey_0=1} to StripPrefix
2026-10-08 19:16:46.851 [catalogWatchTaskScheduler-1] [39mDEBUG[0;39m [36mo.s.c.g.r.RouteDefinitionRouteLocator[0;39m - RouteDefinition matched: platform-auth
2026-10-08 19:16:46.851 [catalogWatchTaskScheduler-1] [39mDEBUG[0;39m [36mo.s.c.g.r.RouteDefinitionRouteLocator[0;39m - RouteDefinition platform-uploads applying {_genkey_0=/api/uploads/**} to Path
2026-10-08 19:16:46.853 [catalogWatchTaskScheduler-1] [39mDEBUG[0;39m [36mo.s.c.g.r.RouteDefinitionRouteLocator[0;39m - RouteDefinition platform-uploads applying filter {_genkey_0=1} to StripPrefix
2026-10-08 19:16:46.854 [catalogWatchTaskScheduler-1] [39mDEBUG[0;39m [36mo.s.c.g.r.RouteDefinitionRouteLocator[0;39m - RouteDefinition matched: platform-uploads
2026-10-08 19:16:46.854 [catalogWatchTaskScheduler-1] [39mDEBUG[0;39m [36mo.s.c.g.r.RouteDefinitionRouteLocator[0;39m - RouteDefinition platform-api-docs applying {_genkey_0=/api/platform/v3/api-docs/**} to Path
2026-10-08 19:16:46.855 [catalogWatchTaskScheduler-1] [39mDEBUG[0;39m [36mo.s.c.g.r.RouteDefinitionRouteLocator[0;39m - RouteDefinition platform-api-docs applying filter {_genkey_0=1} to StripPrefix
2026-10-08 19:16:46.856 [catalogWatchTaskScheduler-1] [39mDEBUG[0;39m [36mo.s.c.g.r.RouteDefinitionRouteLocator[0;39m - RouteDefinition matched: platform-api-docs
2026-10-08 19:16:46.856 [catalogWatchTaskScheduler-1] [39mDEBUG[0;39m [36mo.s.c.g.r.RouteDefinitionRouteLocator[0;39m - RouteDefinition booking-api-docs applying {_genkey_0=/api/booking/v3/api-docs/**} to Path
2026-10-08 19:16:46.857 [catalogWatchTaskScheduler-1] [39mDEBUG[0;39m [36mo.s.c.g.r.RouteDefinitionRouteLocator[0;39m - RouteDefinition booking-api-docs applying filter {_genkey_0=1} to StripPrefix
2026-10-08 19:16:46.858 [catalogWatchTaskScheduler-1] [39mDEBUG[0;39m [36mo.s.c.g.r.RouteDefinitionRouteLocator[0;39m - RouteDefinition matched: booking-api-docs
2026-10-08 19:16:46.859 [catalogWatchTaskScheduler-1] [39mDEBUG[0;39m [36mo.s.c.g.r.RouteDefinitionRouteLocator[0;39m - RouteDefinition payment-api-docs applying {_genkey_0=/api/payment/v3/api-docs/**} to Path
2026-10-08 19:16:46.860 [catalogWatchTaskScheduler-1] [39mDEBUG[0;39m [36mo.s.c.g.r.RouteDefinitionRouteLocator[0;39m - RouteDefinition payment-api-docs applying filter {_genkey_0=1} to StripPrefix
2026-10-08 19:16:46.861 [catalogWatchTaskScheduler-1] [39mDEBUG[0;39m [36mo.s.c.g.r.RouteDefinitionRouteLocator[0;39m - RouteDefinition matched: payment-api-docs
2026-10-08 19:16:46.861 [catalogWatchTaskScheduler-1] [39mDEBUG[0;39m [36mo.s.c.g.r.RouteDefinitionRouteLocator[0;39m - RouteDefinition platform-actuator-health applying {_genkey_0=/api/platform/actuator/health} to Path
2026-10-08 19:16:46.863 [catalogWatchTaskScheduler-1] [39mDEBUG[0;39m [36mo.s.c.g.r.RouteDefinitionRouteLocator[0;39m - RouteDefinition platform-actuator-health applying filter {_genkey_0=1} to StripPrefix
2026-10-08 19:16:46.864 [catalogWatchTaskScheduler-1] [39mDEBUG[0;39m [36mo.s.c.g.r.RouteDefinitionRouteLocator[0;39m - RouteDefinition matched: platform-actuator-health
2026-10-08 19:16:46.864 [catalogWatchTaskScheduler-1] [39mDEBUG[0;39m [36mo.s.c.g.r.RouteDefinitionRouteLocator[0;39m - RouteDefinition booking-actuator-health applying {_genkey_0=/api/booking/actuator/health} to Path
2026-10-08 19:16:46.865 [catalogWatchTaskScheduler-1] [39mDEBUG[0;39m [36mo.s.c.g.r.RouteDefinitionRouteLocator[0;39m - RouteDefinition booking-actuator-health applying filter {_genkey_0=1} to StripPrefix
2026-10-08 19:16:46.867 [catalogWatchTaskScheduler-1] [39mDEBUG[0;39m [36mo.s.c.g.r.RouteDefinitionRouteLocator[0;39m - RouteDefinition matched: booking-actuator-health
2026-10-08 19:16:46.867 [catalogWatchTaskScheduler-1] [39mDEBUG[0;39m [36mo.s.c.g.r.RouteDefinitionRouteLocator[0;39m - RouteDefinition payment-actuator-health applying {_genkey_0=/api/payment/actuator/health} to Path
2026-10-08 19:16:46.869 [catalogWatchTaskScheduler-1] [39mDEBUG[0;39m [36mo.s.c.g.r.RouteDefinitionRouteLocator[0;39m - RouteDefinition payment-actuator-health applying filter {_genkey_0=1} to StripPrefix
2026-10-08 19:16:46.870 [catalogWatchTaskScheduler-1] [39mDEBUG[0;39m [36mo.s.c.g.r.RouteDefinitionRouteLocator[0;39m - RouteDefinition matched: payment-actuator-health
2026-10-08 19:16:46.871 [catalogWatchTaskScheduler-1] [39mDEBUG[0;39m [36mo.s.c.g.r.RouteDefinitionRouteLocator[0;39m - RouteDefinition platform-admin applying {_genkey_0=/api/platform/admin/**} to Path
2026-10-08 19:16:46.872 [catalogWatchTaskScheduler-1] [39mDEBUG[0;39m [36mo.s.c.g.r.RouteDefinitionRouteLocator[0;39m - RouteDefinition platform-admin applying filter {_genkey_0=1} to StripPrefix
2026-10-08 19:16:46.873 [catalogWatchTaskScheduler-1] [39mDEBUG[0;39m [36mo.s.c.g.r.RouteDefinitionRouteLocator[0;39m - RouteDefinition matched: platform-admin
2026-10-08 19:16:46.874 [catalogWatchTaskScheduler-1] [39mDEBUG[0;39m [36mo.s.c.g.r.RouteDefinitionRouteLocator[0;39m - RouteDefinition platform-user applying {_genkey_0=/api/platform/user/**} to Path
2026-10-08 19:16:46.875 [catalogWatchTaskScheduler-1] [39mDEBUG[0;39m [36mo.s.c.g.r.RouteDefinitionRouteLocator[0;39m - RouteDefinition platform-user applying filter {_genkey_0=1} to StripPrefix
2026-10-08 19:16:46.875 [catalogWatchTaskScheduler-1] [39mDEBUG[0;39m [36mo.s.c.g.r.RouteDefinitionRouteLocator[0;39m - RouteDefinition matched: platform-user
2026-10-08 19:16:46.875 [catalogWatchTaskScheduler-1] [39mDEBUG[0;39m [36mo.s.c.g.r.RouteDefinitionRouteLocator[0;39m - RouteDefinition platform-other applying {_genkey_0=/api/platform/**} to Path
2026-10-08 19:16:46.878 [catalogWatchTaskScheduler-1] [39mDEBUG[0;39m [36mo.s.c.g.r.RouteDefinitionRouteLocator[0;39m - RouteDefinition platform-other applying filter {_genkey_0=1} to StripPrefix
2026-10-08 19:16:46.880 [catalogWatchTaskScheduler-1] [39mDEBUG[0;39m [36mo.s.c.g.r.RouteDefinitionRouteLocator[0;39m - RouteDefinition matched: platform-other
2026-10-08 19:16:46.880 [catalogWatchTaskScheduler-1] [39mDEBUG[0;39m [36mo.s.c.g.r.RouteDefinitionRouteLocator[0;39m - RouteDefinition booking-service applying {_genkey_0=/api/booking/**} to Path
2026-10-08 19:16:46.882 [catalogWatchTaskScheduler-1] [39mDEBUG[0;39m [36mo.s.c.g.r.RouteDefinitionRouteLocator[0;39m - RouteDefinition booking-service applying filter {_genkey_0=1} to StripPrefix
2026-10-08 19:16:46.883 [catalogWatchTaskScheduler-1] [39mDEBUG[0;39m [36mo.s.c.g.r.RouteDefinitionRouteLocator[0;39m - RouteDefinition matched: booking-service
2026-10-08 19:16:46.883 [catalogWatchTaskScheduler-1] [39mDEBUG[0;39m [36mo.s.c.g.r.RouteDefinitionRouteLocator[0;39m - RouteDefinition payment-service applying {_genkey_0=/api/payment/**} to Path
2026-10-08 19:16:46.884 [catalogWatchTaskScheduler-1] [39mDEBUG[0;39m [36mo.s.c.g.r.RouteDefinitionRouteLocator[0;39m - RouteDefinition payment-service applying filter {_genkey_0=1} to StripPrefix
2026-10-08 19:16:46.885 [catalogWatchTaskScheduler-1] [39mDEBUG[0;39m [36mo.s.c.g.r.RouteDefinitionRouteLocator[0;39m - RouteDefinition matched: payment-service
2026-10-08 19:16:46.886 [catalogWatchTaskScheduler-1] [39mDEBUG[0;39m [36mo.s.c.g.r.RouteDefinitionRouteLocator[0;39m - RouteDefinition platform-actuator applying {_genkey_0=/api/platform/actuator/**} to Path
2026-10-08 19:16:46.888 [catalogWatchTaskScheduler-1] [39mDEBUG[0;39m [36mo.s.c.g.r.RouteDefinitionRouteLocator[0;39m - RouteDefinition platform-actuator applying filter {_genkey_0=1} to StripPrefix
2026-10-08 19:16:46.889 [catalogWatchTaskScheduler-1] [39mDEBUG[0;39m [36mo.s.c.g.r.RouteDefinitionRouteLocator[0;39m - RouteDefinition matched: platform-actuator
2026-10-08 19:16:46.889 [catalogWatchTaskScheduler-1] [39mDEBUG[0;39m [36mo.s.c.g.r.RouteDefinitionRouteLocator[0;39m - RouteDefinition booking-actuator applying {_genkey_0=/api/booking/actuator/**} to Path
2026-10-08 19:16:46.891 [catalogWatchTaskScheduler-1] [39mDEBUG[0;39m [36mo.s.c.g.r.RouteDefinitionRouteLocator[0;39m - RouteDefinition booking-actuator applying filter {_genkey_0=1} to StripPrefix
2026-10-08 19:16:46.894 [catalogWatchTaskScheduler-1] [39mDEBUG[0;39m [36mo.s.c.g.r.RouteDefinitionRouteLocator[0;39m - RouteDefinition matched: booking-actuator
2026-10-08 19:16:46.895 [catalogWatchTaskScheduler-1] [39mDEBUG[0;39m [36mo.s.c.g.r.RouteDefinitionRouteLocator[0;39m - RouteDefinition payment-actuator applying {_genkey_0=/api/payment/actuator/**} to Path
2026-10-08 19:16:46.898 [catalogWatchTaskScheduler-1] [39mDEBUG[0;39m [36mo.s.c.g.r.RouteDefinitionRouteLocator[0;39m - RouteDefinition payment-actuator applying filter {_genkey_0=1} to StripPrefix
2026-10-08 19:16:46.901 [catalogWatchTaskScheduler-1] [39mDEBUG[0;39m [36mo.s.c.g.r.RouteDefinitionRouteLocator[0;39m - RouteDefinition matched: payment-actuator
2026-10-08 19:16:46.903 [catalogWatchTaskScheduler-1] [39mDEBUG[0;39m [36mo.s.c.g.filter.GatewayMetricsFilter[0;39m - New routes count: 17
2026-10-08 19:16:54.129 [reactor-http-nio-12] [39mDEBUG[0;39m [36mo.s.c.g.h.RoutePredicateHandlerMapping[0;39m - Route matched: platform-api-docs
2026-10-08 19:16:54.132 [reactor-http-nio-12] [39mDEBUG[0;39m [36mo.s.c.g.h.RoutePredicateHandlerMapping[0;39m - Mapping [Exchange: GET http://localhost:8086/api/platform/v3/api-docs] to Route{id='platform-api-docs', uri=lb://MOMENT-FOREVER-PLATFORM, order=0, predicate=Paths: [/api/platform/v3/api-docs/**], match trailing slash: true, gatewayFilters=[[[StripPrefix parts = 1], order = 1]], metadata={is-public=true}}
2026-10-08 19:16:54.133 [reactor-http-nio-12] [39mDEBUG[0;39m [36mo.s.c.g.h.RoutePredicateHandlerMapping[0;39m - [531cf6e2-19] Mapped to org.springframework.cloud.gateway.handler.FilteringWebHandler@3f7c6365
2026-10-08 19:16:54.134 [reactor-http-nio-12] [39mDEBUG[0;39m [36mo.s.c.g.handler.FilteringWebHandler[0;39m - Sorted gatewayFilterFactories: [[GatewayFilterAdapter{delegate=org.springframework.cloud.gateway.filter.RemoveCachedBodyFilter@7227926b}, order = -2147483648], [GatewayFilterAdapter{delegate=org.springframework.cloud.gateway.filter.AdaptCachedBodyGlobalFilter@79617c3d}, order = -2147482648], [GatewayFilterAdapter{delegate=com.forvmom.MomentForeverAPIGateway.filter.JwtAuthenticationFilter@35a9e665}, order = -1], [GatewayFilterAdapter{delegate=org.springframework.cloud.gateway.filter.NettyWriteResponseFilter@1b632442}, order = -1], [GatewayFilterAdapter{delegate=org.springframework.cloud.gateway.filter.ForwardPathFilter@57a982f9}, order = 0], [GatewayFilterAdapter{delegate=org.springframework.cloud.gateway.filter.GatewayMetricsFilter@1b69fc07}, order = 0], [[StripPrefix parts = 1], order = 1], [GatewayFilterAdapter{delegate=org.springframework.cloud.gateway.filter.RouteToRequestUrlFilter@2f75a9b1}, order = 10000], [GatewayFilterAdapter{delegate=org.springframework.cloud.gateway.filter.ReactiveLoadBalancerClientFilter@362be0cd}, order = 10150], [GatewayFilterAdapter{delegate=org.springframework.cloud.gateway.filter.LoadBalancerServiceInstanceCookieFilter@2dde0a34}, order = 10151], [GatewayFilterAdapter{delegate=org.springframework.cloud.gateway.filter.WebsocketRoutingFilter@19d3f6ad}, order = 2147483646], [GatewayFilterAdapter{delegate=com.forvmom.MomentForeverAPIGateway.filter.GatewayRequestLoggingFilter@6a04d2a4}, order = 2147483647], [GatewayFilterAdapter{delegate=org.springframework.cloud.gateway.filter.NettyRoutingFilter@61836cd9}, order = 2147483647], [GatewayFilterAdapter{delegate=org.springframework.cloud.gateway.filter.ForwardRoutingFilter@556aed22}, order = 2147483647]]
2026-10-08 19:16:54.199 [boundedElastic-1] [39mDEBUG[0;39m [36mo.s.c.g.f.h.o.ObservedRequestHttpHeadersFilter[0;39m - Will instrument the HTTP request headers [Host:"localhost:8086", sec-ch-ua-platform:""Windows"", User-Agent:"Mozilla/5.0 (Windows NT 10.0; Win64; x64) AppleWebKit/537.36 (KHTML, like Gecko) Chrome/154.0.0.0 Safari/537.36 Edg/154.0.0.0", Accept:"application/json,*/*", sec-ch-ua:""Chromium";v="154", "Microsoft Edge";v="154", "Not A(Brand";v="99"", sec-ch-ua-mobile:"?0", Sec-Fetch-Site:"same-origin", Sec-Fetch-Mode:"cors", Sec-Fetch-Dest:"empty", Referer:"http://localhost:8086/webjars/swagger-ui/index.html?urls.primaryName=Platform%20Service", Accept-Encoding:"gzip, deflate, br, zstd", Accept-Language:"en-GB,en;q=0.9,en-US;q=0.8,en-IN;q=0.7", Forwarded:"proto=http;host="localhost:8086";for="[0:0:0:0:0:0:0:1]:54251"", X-Forwarded-For:"0:0:0:0:0:0:0:1", X-Forwarded-Proto:"http", X-Forwarded-Prefix:"/api", X-Forwarded-Port:"8086", X-Forwarded-Host:"localhost:8086"]
2026-10-08 19:16:54.238 [boundedElastic-1] [39mDEBUG[0;39m [36mo.s.c.g.f.h.o.ObservedRequestHttpHeadersFilter[0;39m - Client observation  {name=http.client.requests(null), error=null, context=name='http.client.requests', contextualName='null', error='null', lowCardinalityKeyValues=[http.method='GET', http.status_code='UNKNOWN', spring.cloud.gateway.route.id='platform-api-docs', spring.cloud.gateway.route.uri='lb://MOMENT-FOREVER-PLATFORM'], highCardinalityKeyValues=[http.uri='http://localhost:8086/platform/v3/api-docs'], map=[class io.micrometer.core.instrument.Timer$Sample='io.micrometer.core.instrument.Timer$Sample@16df2939', class io.micrometer.core.instrument.LongTaskTimer$Sample='SampleImpl{duration(seconds)=0.0092114, duration(nanos)=9211400.0, startTimeNanos=106219433944700}'], parentObservation={name=http.server.requests(null), error=null, context=name='http.server.requests', contextualName='null', error='null', lowCardinalityKeyValues=[exception='none', method='GET', outcome='SUCCESS', status='200', uri='UNKNOWN'], highCardinalityKeyValues=[http.url='/api/platform/v3/api-docs'], map=[class io.micrometer.core.instrument.Timer$Sample='io.micrometer.core.instrument.Timer$Sample@64417256', class io.micrometer.core.instrument.LongTaskTimer$Sample='SampleImpl{duration(seconds)=0.1143615, duration(nanos)=1.143615E8, startTimeNanos=106219332538600}'], parentObservation=null}} created for the request. New headers are [Host:"localhost:8086", sec-ch-ua-platform:""Windows"", User-Agent:"Mozilla/5.0 (Windows NT 10.0; Win64; x64) AppleWebKit/537.36 (KHTML, like Gecko) Chrome/154.0.0.0 Safari/537.36 Edg/154.0.0.0", Accept:"application/json,*/*", sec-ch-ua:""Chromium";v="154", "Microsoft Edge";v="154", "Not A(Brand";v="99"", sec-ch-ua-mobile:"?0", Sec-Fetch-Site:"same-origin", Sec-Fetch-Mode:"cors", Sec-Fetch-Dest:"empty", Referer:"http://localhost:8086/webjars/swagger-ui/index.html?urls.primaryName=Platform%20Service", Accept-Encoding:"gzip, deflate, br, zstd", Accept-Language:"en-GB,en;q=0.9,en-US;q=0.8,en-IN;q=0.7", Forwarded:"proto=http;host="localhost:8086";for="[0:0:0:0:0:0:0:1]:54251"", X-Forwarded-For:"0:0:0:0:0:0:0:1", X-Forwarded-Proto:"http", X-Forwarded-Prefix:"/api", X-Forwarded-Port:"8086", X-Forwarded-Host:"localhost:8086"]
2026-10-08 19:17:00.781 [reactor-http-nio-6] [39mDEBUG[0;39m [36mo.s.c.g.f.h.o.ObservedResponseHttpHeadersFilter[0;39m - Will instrument the response
2026-10-08 19:17:00.781 [reactor-http-nio-6] [39mDEBUG[0;39m [36mo.s.c.g.f.h.o.ObservedResponseHttpHeadersFilter[0;39m - The response was handled for observation {name=http.client.requests(null), error=null, context=name='http.client.requests', contextualName='null', error='null', lowCardinalityKeyValues=[http.method='GET', http.status_code='UNKNOWN', spring.cloud.gateway.route.id='platform-api-docs', spring.cloud.gateway.route.uri='lb://MOMENT-FOREVER-PLATFORM'], highCardinalityKeyValues=[http.uri='http://localhost:8086/platform/v3/api-docs'], map=[class io.micrometer.core.instrument.Timer$Sample='io.micrometer.core.instrument.Timer$Sample@16df2939', class io.micrometer.core.instrument.LongTaskTimer$Sample='SampleImpl{duration(seconds)=6.5555854, duration(nanos)=6.5555854E9, startTimeNanos=106219433944700}'], parentObservation={name=http.server.requests(null), error=null, context=name='http.server.requests', contextualName='null', error='null', lowCardinalityKeyValues=[exception='none', method='GET', outcome='SUCCESS', status='200', uri='UNKNOWN'], highCardinalityKeyValues=[http.url='/api/platform/v3/api-docs'], map=[class io.micrometer.core.instrument.Timer$Sample='io.micrometer.core.instrument.Timer$Sample@64417256', class io.micrometer.core.instrument.LongTaskTimer$Sample='SampleImpl{duration(seconds)=6.6573245, duration(nanos)=6.6573245E9, startTimeNanos=106219332538600}'], parentObservation=null}}
2026-10-08 19:17:00.799 [reactor-http-nio-6] [34mINFO [0;39m [36mc.f.M.f.GatewayRequestLoggingFilter[0;39m - GATEWAY_REQUEST method=GET path=/platform/v3/api-docs routeId=platform-api-docs target=lb://MOMENT-FOREVER-PLATFORM status=200 durationMs=6630 signal=onComplete
2026-10-08 19:35:08.875 [reactor-http-nio-8] [39mDEBUG[0;39m [36mo.s.c.g.h.RoutePredicateHandlerMapping[0;39m - Route matched: platform-user
2026-10-08 19:35:08.881 [reactor-http-nio-8] [39mDEBUG[0;39m [36mo.s.c.g.h.RoutePredicateHandlerMapping[0;39m - Mapping [Exchange: GET http://localhost:8086/api/platform/user/profile] to Route{id='platform-user', uri=lb://MOMENT-FOREVER-PLATFORM, order=0, predicate=Paths: [/api/platform/user/**], match trailing slash: true, gatewayFilters=[[[StripPrefix parts = 1], order = 1]], metadata={requires-auth=true}}
2026-10-08 19:35:08.881 [reactor-http-nio-8] [39mDEBUG[0;39m [36mo.s.c.g.h.RoutePredicateHandlerMapping[0;39m - [52c0e4c1-129] Mapped to org.springframework.cloud.gateway.handler.FilteringWebHandler@3f7c6365
2026-10-08 19:35:08.885 [reactor-http-nio-8] [39mDEBUG[0;39m [36mo.s.c.g.handler.FilteringWebHandler[0;39m - Sorted gatewayFilterFactories: [[GatewayFilterAdapter{delegate=org.springframework.cloud.gateway.filter.RemoveCachedBodyFilter@7227926b}, order = -2147483648], [GatewayFilterAdapter{delegate=org.springframework.cloud.gateway.filter.AdaptCachedBodyGlobalFilter@79617c3d}, order = -2147482648], [GatewayFilterAdapter{delegate=com.forvmom.MomentForeverAPIGateway.filter.JwtAuthenticationFilter@35a9e665}, order = -1], [GatewayFilterAdapter{delegate=org.springframework.cloud.gateway.filter.NettyWriteResponseFilter@1b632442}, order = -1], [GatewayFilterAdapter{delegate=org.springframework.cloud.gateway.filter.ForwardPathFilter@57a982f9}, order = 0], [GatewayFilterAdapter{delegate=org.springframework.cloud.gateway.filter.GatewayMetricsFilter@1b69fc07}, order = 0], [[StripPrefix parts = 1], order = 1], [GatewayFilterAdapter{delegate=org.springframework.cloud.gateway.filter.RouteToRequestUrlFilter@2f75a9b1}, order = 10000], [GatewayFilterAdapter{delegate=org.springframework.cloud.gateway.filter.ReactiveLoadBalancerClientFilter@362be0cd}, order = 10150], [GatewayFilterAdapter{delegate=org.springframework.cloud.gateway.filter.LoadBalancerServiceInstanceCookieFilter@2dde0a34}, order = 10151], [GatewayFilterAdapter{delegate=org.springframework.cloud.gateway.filter.WebsocketRoutingFilter@19d3f6ad}, order = 2147483646], [GatewayFilterAdapter{delegate=com.forvmom.MomentForeverAPIGateway.filter.GatewayRequestLoggingFilter@6a04d2a4}, order = 2147483647], [GatewayFilterAdapter{delegate=org.springframework.cloud.gateway.filter.NettyRoutingFilter@61836cd9}, order = 2147483647], [GatewayFilterAdapter{delegate=org.springframework.cloud.gateway.filter.ForwardRoutingFilter@556aed22}, order = 2147483647]]
2026-10-08 19:35:21.341 [reactor-http-nio-10] [39mDEBUG[0;39m [36mo.s.c.g.h.RoutePredicateHandlerMapping[0;39m - Route matched: platform-auth
2026-10-08 19:35:21.341 [reactor-http-nio-10] [39mDEBUG[0;39m [36mo.s.c.g.h.RoutePredicateHandlerMapping[0;39m - Mapping [Exchange: POST http://localhost:8086/api/platform/auth/login] to Route{id='platform-auth', uri=lb://MOMENT-FOREVER-PLATFORM, order=0, predicate=Paths: [/api/platform/auth/**], match trailing slash: true, gatewayFilters=[[[StripPrefix parts = 1], order = 1]], metadata={is-public=true}}
2026-10-08 19:35:21.341 [reactor-http-nio-10] [39mDEBUG[0;39m [36mo.s.c.g.h.RoutePredicateHandlerMapping[0;39m - [abaf73e9-131] Mapped to org.springframework.cloud.gateway.handler.FilteringWebHandler@3f7c6365
2026-10-08 19:35:21.341 [reactor-http-nio-10] [39mDEBUG[0;39m [36mo.s.c.g.handler.FilteringWebHandler[0;39m - Sorted gatewayFilterFactories: [[GatewayFilterAdapter{delegate=org.springframework.cloud.gateway.filter.RemoveCachedBodyFilter@7227926b}, order = -2147483648], [GatewayFilterAdapter{delegate=org.springframework.cloud.gateway.filter.AdaptCachedBodyGlobalFilter@79617c3d}, order = -2147482648], [GatewayFilterAdapter{delegate=com.forvmom.MomentForeverAPIGateway.filter.JwtAuthenticationFilter@35a9e665}, order = -1], [GatewayFilterAdapter{delegate=org.springframework.cloud.gateway.filter.NettyWriteResponseFilter@1b632442}, order = -1], [GatewayFilterAdapter{delegate=org.springframework.cloud.gateway.filter.ForwardPathFilter@57a982f9}, order = 0], [GatewayFilterAdapter{delegate=org.springframework.cloud.gateway.filter.GatewayMetricsFilter@1b69fc07}, order = 0], [[StripPrefix parts = 1], order = 1], [GatewayFilterAdapter{delegate=org.springframework.cloud.gateway.filter.RouteToRequestUrlFilter@2f75a9b1}, order = 10000], [GatewayFilterAdapter{delegate=org.springframework.cloud.gateway.filter.ReactiveLoadBalancerClientFilter@362be0cd}, order = 10150], [GatewayFilterAdapter{delegate=org.springframework.cloud.gateway.filter.LoadBalancerServiceInstanceCookieFilter@2dde0a34}, order = 10151], [GatewayFilterAdapter{delegate=org.springframework.cloud.gateway.filter.WebsocketRoutingFilter@19d3f6ad}, order = 2147483646], [GatewayFilterAdapter{delegate=com.forvmom.MomentForeverAPIGateway.filter.GatewayRequestLoggingFilter@6a04d2a4}, order = 2147483647], [GatewayFilterAdapter{delegate=org.springframework.cloud.gateway.filter.NettyRoutingFilter@61836cd9}, order = 2147483647], [GatewayFilterAdapter{delegate=org.springframework.cloud.gateway.filter.ForwardRoutingFilter@556aed22}, order = 2147483647]]
2026-10-08 19:35:21.348 [boundedElastic-4] [39mDEBUG[0;39m [36mo.s.c.g.f.h.o.ObservedRequestHttpHeadersFilter[0;39m - Will instrument the HTTP request headers [host:"localhost:8086", content-length:"63", sec-ch-ua-platform:""Windows"", sec-ch-ua:""Chromium";v="154", "Microsoft Edge";v="154", "Not A(Brand";v="99"", sec-ch-ua-mobile:"?0", x-requested-with:"XMLHttpRequest", x-pm-header:"[object Object]", accept:"application/json", content-type:"application/json", user-agent:"Mozilla/5.0 (Windows NT 10.0; Win64; x64) AppleWebKit/537.36 (KHTML, like Gecko) Chrome/154.0.0.0 Safari/537.36 Edg/154.0.0.0", origin:"http://localhost:5173", sec-fetch-site:"same-origin", sec-fetch-mode:"cors", sec-fetch-dest:"empty", referer:"http://localhost:5173/login", accept-encoding:"gzip, deflate, br, zstd", accept-language:"en-GB,en;q=0.9,en-US;q=0.8,en-IN;q=0.7", Forwarded:"proto=http;host="localhost:8086";for="[0:0:0:0:0:0:0:1]:57339"", X-Forwarded-For:"0:0:0:0:0:0:0:1", X-Forwarded-Proto:"http", X-Forwarded-Prefix:"/api", X-Forwarded-Port:"8086", X-Forwarded-Host:"localhost:8086"]
2026-10-08 19:35:21.349 [boundedElastic-4] [39mDEBUG[0;39m [36mo.s.c.g.f.h.o.ObservedRequestHttpHeadersFilter[0;39m - Client observation  {name=http.client.requests(null), error=null, context=name='http.client.requests', contextualName='null', error='null', lowCardinalityKeyValues=[http.method='POST', http.status_code='UNKNOWN', spring.cloud.gateway.route.id='platform-auth', spring.cloud.gateway.route.uri='lb://MOMENT-FOREVER-PLATFORM'], highCardinalityKeyValues=[http.uri='http://localhost:8086/platform/auth/login'], map=[class io.micrometer.core.instrument.Timer$Sample='io.micrometer.core.instrument.Timer$Sample@5a8eb8e7', class io.micrometer.core.instrument.LongTaskTimer$Sample='SampleImpl{duration(seconds)=1.741E-4, duration(nanos)=174100.0, startTimeNanos=107326556996400}'], parentObservation={name=http.server.requests(null), error=null, context=name='http.server.requests', contextualName='null', error='null', lowCardinalityKeyValues=[exception='none', method='POST', outcome='SUCCESS', status='200', uri='UNKNOWN'], highCardinalityKeyValues=[http.url='/api/platform/auth/login'], map=[class io.micrometer.core.instrument.Timer$Sample='io.micrometer.core.instrument.Timer$Sample@5ee2e5ab', class io.micrometer.core.instrument.LongTaskTimer$Sample='SampleImpl{duration(seconds)=0.0088257, duration(nanos)=8825700.0, startTimeNanos=107326548565100}'], parentObservation=null}} created for the request. New headers are [host:"localhost:8086", content-length:"63", sec-ch-ua-platform:""Windows"", sec-ch-ua:""Chromium";v="154", "Microsoft Edge";v="154", "Not A(Brand";v="99"", sec-ch-ua-mobile:"?0", x-requested-with:"XMLHttpRequest", x-pm-header:"[object Object]", accept:"application/json", content-type:"application/json", user-agent:"Mozilla/5.0 (Windows NT 10.0; Win64; x64) AppleWebKit/537.36 (KHTML, like Gecko) Chrome/154.0.0.0 Safari/537.36 Edg/154.0.0.0", origin:"http://localhost:5173", sec-fetch-site:"same-origin", sec-fetch-mode:"cors", sec-fetch-dest:"empty", referer:"http://localhost:5173/login", accept-encoding:"gzip, deflate, br, zstd", accept-language:"en-GB,en;q=0.9,en-US;q=0.8,en-IN;q=0.7", Forwarded:"proto=http;host="localhost:8086";for="[0:0:0:0:0:0:0:1]:57339"", X-Forwarded-For:"0:0:0:0:0:0:0:1", X-Forwarded-Proto:"http", X-Forwarded-Prefix:"/api", X-Forwarded-Port:"8086", X-Forwarded-Host:"localhost:8086"]
2026-10-08 19:35:22.110 [reactor-http-nio-11] [39mDEBUG[0;39m [36mo.s.c.g.f.h.o.ObservedResponseHttpHeadersFilter[0;39m - Will instrument the response
2026-10-08 19:35:22.111 [reactor-http-nio-11] [39mDEBUG[0;39m [36mo.s.c.g.f.h.o.ObservedResponseHttpHeadersFilter[0;39m - The response was handled for observation {name=http.client.requests(null), error=null, context=name='http.client.requests', contextualName='null', error='null', lowCardinalityKeyValues=[http.method='POST', http.status_code='UNKNOWN', spring.cloud.gateway.route.id='platform-auth', spring.cloud.gateway.route.uri='lb://MOMENT-FOREVER-PLATFORM'], highCardinalityKeyValues=[http.uri='http://localhost:8086/platform/auth/login'], map=[class io.micrometer.core.instrument.Timer$Sample='io.micrometer.core.instrument.Timer$Sample@5a8eb8e7', class io.micrometer.core.instrument.LongTaskTimer$Sample='SampleImpl{duration(seconds)=0.7618778, duration(nanos)=7.618778E8, startTimeNanos=107326556996400}'], parentObservation={name=http.server.requests(null), error=null, context=name='http.server.requests', contextualName='null', error='null', lowCardinalityKeyValues=[exception='none', method='POST', outcome='SUCCESS', status='200', uri='UNKNOWN'], highCardinalityKeyValues=[http.url='/api/platform/auth/login'], map=[class io.micrometer.core.instrument.Timer$Sample='io.micrometer.core.instrument.Timer$Sample@5ee2e5ab', class io.micrometer.core.instrument.LongTaskTimer$Sample='SampleImpl{duration(seconds)=0.7706825, duration(nanos)=7.706825E8, startTimeNanos=107326548565100}'], parentObservation=null}}
2026-10-08 19:35:22.112 [reactor-http-nio-11] [34mINFO [0;39m [36mc.f.M.f.GatewayRequestLoggingFilter[0;39m - GATEWAY_REQUEST method=POST path=/platform/auth/login routeId=platform-auth target=lb://MOMENT-FOREVER-PLATFORM status=200 durationMs=764 signal=onComplete
2026-10-08 19:35:22.142 [reactor-http-nio-12] [39mDEBUG[0;39m [36mo.s.c.g.h.RoutePredicateHandlerMapping[0;39m - Route matched: platform-user
2026-10-08 19:35:22.143 [reactor-http-nio-12] [39mDEBUG[0;39m [36mo.s.c.g.h.RoutePredicateHandlerMapping[0;39m - Mapping [Exchange: GET http://localhost:8086/api/platform/user/profile] to Route{id='platform-user', uri=lb://MOMENT-FOREVER-PLATFORM, order=0, predicate=Paths: [/api/platform/user/**], match trailing slash: true, gatewayFilters=[[[StripPrefix parts = 1], order = 1]], metadata={requires-auth=true}}
2026-10-08 19:35:22.143 [reactor-http-nio-12] [39mDEBUG[0;39m [36mo.s.c.g.h.RoutePredicateHandlerMapping[0;39m - [646c8f95-132] Mapped to org.springframework.cloud.gateway.handler.FilteringWebHandler@3f7c6365
2026-10-08 19:35:22.144 [reactor-http-nio-12] [39mDEBUG[0;39m [36mo.s.c.g.handler.FilteringWebHandler[0;39m - Sorted gatewayFilterFactories: [[GatewayFilterAdapter{delegate=org.springframework.cloud.gateway.filter.RemoveCachedBodyFilter@7227926b}, order = -2147483648], [GatewayFilterAdapter{delegate=org.springframework.cloud.gateway.filter.AdaptCachedBodyGlobalFilter@79617c3d}, order = -2147482648], [GatewayFilterAdapter{delegate=com.forvmom.MomentForeverAPIGateway.filter.JwtAuthenticationFilter@35a9e665}, order = -1], [GatewayFilterAdapter{delegate=org.springframework.cloud.gateway.filter.NettyWriteResponseFilter@1b632442}, order = -1], [GatewayFilterAdapter{delegate=org.springframework.cloud.gateway.filter.ForwardPathFilter@57a982f9}, order = 0], [GatewayFilterAdapter{delegate=org.springframework.cloud.gateway.filter.GatewayMetricsFilter@1b69fc07}, order = 0], [[StripPrefix parts = 1], order = 1], [GatewayFilterAdapter{delegate=org.springframework.cloud.gateway.filter.RouteToRequestUrlFilter@2f75a9b1}, order = 10000], [GatewayFilterAdapter{delegate=org.springframework.cloud.gateway.filter.ReactiveLoadBalancerClientFilter@362be0cd}, order = 10150], [GatewayFilterAdapter{delegate=org.springframework.cloud.gateway.filter.LoadBalancerServiceInstanceCookieFilter@2dde0a34}, order = 10151], [GatewayFilterAdapter{delegate=org.springframework.cloud.gateway.filter.WebsocketRoutingFilter@19d3f6ad}, order = 2147483646], [GatewayFilterAdapter{delegate=com.forvmom.MomentForeverAPIGateway.filter.GatewayRequestLoggingFilter@6a04d2a4}, order = 2147483647], [GatewayFilterAdapter{delegate=org.springframework.cloud.gateway.filter.NettyRoutingFilter@61836cd9}, order = 2147483647], [GatewayFilterAdapter{delegate=org.springframework.cloud.gateway.filter.ForwardRoutingFilter@556aed22}, order = 2147483647]]
2026-10-08 19:35:22.185 [reactor-http-nio-12] [39mDEBUG[0;39m [36mo.s.c.g.f.h.o.ObservedRequestHttpHeadersFilter[0;39m - Will instrument the HTTP request headers [host:"localhost:8086", sec-ch-ua-platform:""Windows"", authorization:"Bearer eyJhbGciOiJIUzI1NiJ9.eyJyb2xlcyI6IlNVUEVSX0FETUlOIiwidXNlcklkIjoxLCJlbmFibGVkIjp0cnVlLCJ1c2VybmFtZSI6InN1cGVyYWRtaW5AY2hlcmlzaHguY29tIiwiYWNjb3VudE5vbkxvY2tlZCI6dHJ1ZSwic3ViIjoic3VwZXJhZG1pbkBjaGVyaXNoeC5jb20iLCJpYXQiOjE3OTE0NjgzMjEsImV4cCI6MTc5MTU1NDcyMSwiaXNzIjoibW9tZW50LWZvcmV2ZXItYXBwIiwiYXVkIjoibW9tZW50LWZvcmV2ZXItY2xpZW50In0.MSh7MAgomTQN20GrkE0ylIFKJcho7PbSp53bCRBE2-Y", sec-ch-ua:""Chromium";v="154", "Microsoft Edge";v="154", "Not A(Brand";v="99"", accesstoken:"eyJhbGciOiJIUzI1NiJ9.eyJyb2xlcyI6IlNVUEVSX0FETUlOIiwidXNlcklkIjoxLCJlbmFibGVkIjp0cnVlLCJ1c2VybmFtZSI6InN1cGVyYWRtaW5AY2hlcmlzaHguY29tIiwiYWNjb3VudE5vbkxvY2tlZCI6dHJ1ZSwic3ViIjoic3VwZXJhZG1pbkBjaGVyaXNoeC5jb20iLCJpYXQiOjE3OTE0NjgzMjEsImV4cCI6MTc5MTU1NDcyMSwiaXNzIjoibW9tZW50LWZvcmV2ZXItYXBwIiwiYXVkIjoibW9tZW50LWZvcmV2ZXItY2xpZW50In0.MSh7MAgomTQN20GrkE0ylIFKJcho7PbSp53bCRBE2-Y", sec-ch-ua-mobile:"?0", x-requested-with:"XMLHttpRequest", x-pm-header:"[object Object]", accept:"application/json", user-agent:"Mozilla/5.0 (Windows NT 10.0; Win64; x64) AppleWebKit/537.36 (KHTML, like Gecko) Chrome/154.0.0.0 Safari/537.36 Edg/154.0.0.0", sec-fetch-site:"same-origin", sec-fetch-mode:"cors", sec-fetch-dest:"empty", referer:"http://localhost:5173/login", accept-encoding:"gzip, deflate, br, zstd", accept-language:"en-GB,en;q=0.9,en-US;q=0.8,en-IN;q=0.7", X-User-Id:"1", X-User-Roles:"SUPER_ADMIN", Forwarded:"proto=http;host="localhost:8086";for="[0:0:0:0:0:0:0:1]:54363"", X-Forwarded-For:"0:0:0:0:0:0:0:1", X-Forwarded-Proto:"http", X-Forwarded-Prefix:"/api", X-Forwarded-Port:"8086", X-Forwarded-Host:"localhost:8086"]
2026-10-08 19:35:22.187 [reactor-http-nio-12] [39mDEBUG[0;39m [36mo.s.c.g.f.h.o.ObservedRequestHttpHeadersFilter[0;39m - Client observation  {name=http.client.requests(null), error=null, context=name='http.client.requests', contextualName='null', error='null', lowCardinalityKeyValues=[http.method='GET', http.status_code='UNKNOWN', spring.cloud.gateway.route.id='platform-user', spring.cloud.gateway.route.uri='lb://MOMENT-FOREVER-PLATFORM'], highCardinalityKeyValues=[http.uri='http://localhost:8086/platform/user/profile'], map=[class io.micrometer.core.instrument.Timer$Sample='io.micrometer.core.instrument.Timer$Sample@26f8cf3d', class io.micrometer.core.instrument.LongTaskTimer$Sample='SampleImpl{duration(seconds)=2.787E-4, duration(nanos)=278700.0, startTimeNanos=107327394507200}'], parentObservation={name=http.server.requests(null), error=null, context=name='http.server.requests', contextualName='null', error='null', lowCardinalityKeyValues=[exception='none', method='GET', outcome='SUCCESS', status='200', uri='UNKNOWN'], highCardinalityKeyValues=[http.url='/api/platform/user/profile'], map=[class io.micrometer.core.instrument.Timer$Sample='io.micrometer.core.instrument.Timer$Sample@f9941fb', class io.micrometer.core.instrument.LongTaskTimer$Sample='SampleImpl{duration(seconds)=0.0456446, duration(nanos)=4.56446E7, startTimeNanos=107327349619000}'], parentObservation=null}} created for the request. New headers are [host:"localhost:8086", sec-ch-ua-platform:""Windows"", authorization:"Bearer eyJhbGciOiJIUzI1NiJ9.eyJyb2xlcyI6IlNVUEVSX0FETUlOIiwidXNlcklkIjoxLCJlbmFibGVkIjp0cnVlLCJ1c2VybmFtZSI6InN1cGVyYWRtaW5AY2hlcmlzaHguY29tIiwiYWNjb3VudE5vbkxvY2tlZCI6dHJ1ZSwic3ViIjoic3VwZXJhZG1pbkBjaGVyaXNoeC5jb20iLCJpYXQiOjE3OTE0NjgzMjEsImV4cCI6MTc5MTU1NDcyMSwiaXNzIjoibW9tZW50LWZvcmV2ZXItYXBwIiwiYXVkIjoibW9tZW50LWZvcmV2ZXItY2xpZW50In0.MSh7MAgomTQN20GrkE0ylIFKJcho7PbSp53bCRBE2-Y", sec-ch-ua:""Chromium";v="154", "Microsoft Edge";v="154", "Not A(Brand";v="99"", accesstoken:"eyJhbGciOiJIUzI1NiJ9.eyJyb2xlcyI6IlNVUEVSX0FETUlOIiwidXNlcklkIjoxLCJlbmFibGVkIjp0cnVlLCJ1c2VybmFtZSI6InN1cGVyYWRtaW5AY2hlcmlzaHguY29tIiwiYWNjb3VudE5vbkxvY2tlZCI6dHJ1ZSwic3ViIjoic3VwZXJhZG1pbkBjaGVyaXNoeC5jb20iLCJpYXQiOjE3OTE0NjgzMjEsImV4cCI6MTc5MTU1NDcyMSwiaXNzIjoibW9tZW50LWZvcmV2ZXItYXBwIiwiYXVkIjoibW9tZW50LWZvcmV2ZXItY2xpZW50In0.MSh7MAgomTQN20GrkE0ylIFKJcho7PbSp53bCRBE2-Y", sec-ch-ua-mobile:"?0", x-requested-with:"XMLHttpRequest", x-pm-header:"[object Object]", accept:"application/json", user-agent:"Mozilla/5.0 (Windows NT 10.0; Win64; x64) AppleWebKit/537.36 (KHTML, like Gecko) Chrome/154.0.0.0 Safari/537.36 Edg/154.0.0.0", sec-fetch-site:"same-origin", sec-fetch-mode:"cors", sec-fetch-dest:"empty", referer:"http://localhost:5173/login", accept-encoding:"gzip, deflate, br, zstd", accept-language:"en-GB,en;q=0.9,en-US;q=0.8,en-IN;q=0.7", X-User-Id:"1", X-User-Roles:"SUPER_ADMIN", Forwarded:"proto=http;host="localhost:8086";for="[0:0:0:0:0:0:0:1]:54363"", X-Forwarded-For:"0:0:0:0:0:0:0:1", X-Forwarded-Proto:"http", X-Forwarded-Prefix:"/api", X-Forwarded-Port:"8086", X-Forwarded-Host:"localhost:8086"]
2026-10-08 19:35:22.310 [reactor-http-nio-11] [39mDEBUG[0;39m [36mo.s.c.g.f.h.o.ObservedResponseHttpHeadersFilter[0;39m - Will instrument the response
2026-10-08 19:35:22.312 [reactor-http-nio-11] [39mDEBUG[0;39m [36mo.s.c.g.f.h.o.ObservedResponseHttpHeadersFilter[0;39m - The response was handled for observation {name=http.client.requests(null), error=null, context=name='http.client.requests', contextualName='null', error='null', lowCardinalityKeyValues=[http.method='GET', http.status_code='UNKNOWN', spring.cloud.gateway.route.id='platform-user', spring.cloud.gateway.route.uri='lb://MOMENT-FOREVER-PLATFORM'], highCardinalityKeyValues=[http.uri='http://localhost:8086/platform/user/profile'], map=[class io.micrometer.core.instrument.Timer$Sample='io.micrometer.core.instrument.Timer$Sample@26f8cf3d', class io.micrometer.core.instrument.LongTaskTimer$Sample='SampleImpl{duration(seconds)=0.1248193, duration(nanos)=1.248193E8, startTimeNanos=107327394507200}'], parentObservation={name=http.server.requests(null), error=null, context=name='http.server.requests', contextualName='null', error='null', lowCardinalityKeyValues=[exception='none', method='GET', outcome='SUCCESS', status='200', uri='UNKNOWN'], highCardinalityKeyValues=[http.url='/api/platform/user/profile'], map=[class io.micrometer.core.instrument.Timer$Sample='io.micrometer.core.instrument.Timer$Sample@f9941fb', class io.micrometer.core.instrument.LongTaskTimer$Sample='SampleImpl{duration(seconds)=0.1703128, duration(nanos)=1.703128E8, startTimeNanos=107327349619000}'], parentObservation=null}}
2026-10-08 19:35:22.313 [reactor-http-nio-11] [34mINFO [0;39m [36mc.f.M.f.GatewayRequestLoggingFilter[0;39m - GATEWAY_REQUEST method=GET path=/platform/user/profile routeId=platform-user target=lb://MOMENT-FOREVER-PLATFORM status=200 durationMs=129 signal=onComplete
2026-10-08 19:35:22.348 [reactor-http-nio-1] [39mDEBUG[0;39m [36mo.s.c.g.h.RoutePredicateHandlerMapping[0;39m - Route matched: platform-user
2026-10-08 19:35:22.348 [reactor-http-nio-1] [39mDEBUG[0;39m [36mo.s.c.g.h.RoutePredicateHandlerMapping[0;39m - Mapping [Exchange: GET http://localhost:8086/api/platform/user/profile] to Route{id='platform-user', uri=lb://MOMENT-FOREVER-PLATFORM, order=0, predicate=Paths: [/api/platform/user/**], match trailing slash: true, gatewayFilters=[[[StripPrefix parts = 1], order = 1]], metadata={requires-auth=true}}
2026-10-08 19:35:22.348 [reactor-http-nio-1] [39mDEBUG[0;39m [36mo.s.c.g.h.RoutePredicateHandlerMapping[0;39m - [5646b2a3-133] Mapped to org.springframework.cloud.gateway.handler.FilteringWebHandler@3f7c6365
2026-10-08 19:35:22.348 [reactor-http-nio-1] [39mDEBUG[0;39m [36mo.s.c.g.handler.FilteringWebHandler[0;39m - Sorted gatewayFilterFactories: [[GatewayFilterAdapter{delegate=org.springframework.cloud.gateway.filter.RemoveCachedBodyFilter@7227926b}, order = -2147483648], [GatewayFilterAdapter{delegate=org.springframework.cloud.gateway.filter.AdaptCachedBodyGlobalFilter@79617c3d}, order = -2147482648], [GatewayFilterAdapter{delegate=com.forvmom.MomentForeverAPIGateway.filter.JwtAuthenticationFilter@35a9e665}, order = -1], [GatewayFilterAdapter{delegate=org.springframework.cloud.gateway.filter.NettyWriteResponseFilter@1b632442}, order = -1], [GatewayFilterAdapter{delegate=org.springframework.cloud.gateway.filter.ForwardPathFilter@57a982f9}, order = 0], [GatewayFilterAdapter{delegate=org.springframework.cloud.gateway.filter.GatewayMetricsFilter@1b69fc07}, order = 0], [[StripPrefix parts = 1], order = 1], [GatewayFilterAdapter{delegate=org.springframework.cloud.gateway.filter.RouteToRequestUrlFilter@2f75a9b1}, order = 10000], [GatewayFilterAdapter{delegate=org.springframework.cloud.gateway.filter.ReactiveLoadBalancerClientFilter@362be0cd}, order = 10150], [GatewayFilterAdapter{delegate=org.springframework.cloud.gateway.filter.LoadBalancerServiceInstanceCookieFilter@2dde0a34}, order = 10151], [GatewayFilterAdapter{delegate=org.springframework.cloud.gateway.filter.WebsocketRoutingFilter@19d3f6ad}, order = 2147483646], [GatewayFilterAdapter{delegate=com.forvmom.MomentForeverAPIGateway.filter.GatewayRequestLoggingFilter@6a04d2a4}, order = 2147483647], [GatewayFilterAdapter{delegate=org.springframework.cloud.gateway.filter.NettyRoutingFilter@61836cd9}, order = 2147483647], [GatewayFilterAdapter{delegate=org.springframework.cloud.gateway.filter.ForwardRoutingFilter@556aed22}, order = 2147483647]]
2026-10-08 19:35:22.365 [reactor-http-nio-1] [39mDEBUG[0;39m [36mo.s.c.g.f.h.o.ObservedRequestHttpHeadersFilter[0;39m - Will instrument the HTTP request headers [host:"localhost:8086", sec-ch-ua-platform:""Windows"", authorization:"Bearer eyJhbGciOiJIUzI1NiJ9.eyJyb2xlcyI6IlNVUEVSX0FETUlOIiwidXNlcklkIjoxLCJlbmFibGVkIjp0cnVlLCJ1c2VybmFtZSI6InN1cGVyYWRtaW5AY2hlcmlzaHguY29tIiwiYWNjb3VudE5vbkxvY2tlZCI6dHJ1ZSwic3ViIjoic3VwZXJhZG1pbkBjaGVyaXNoeC5jb20iLCJpYXQiOjE3OTE0NjgzMjEsImV4cCI6MTc5MTU1NDcyMSwiaXNzIjoibW9tZW50LWZvcmV2ZXItYXBwIiwiYXVkIjoibW9tZW50LWZvcmV2ZXItY2xpZW50In0.MSh7MAgomTQN20GrkE0ylIFKJcho7PbSp53bCRBE2-Y", sec-ch-ua:""Chromium";v="154", "Microsoft Edge";v="154", "Not A(Brand";v="99"", accesstoken:"eyJhbGciOiJIUzI1NiJ9.eyJyb2xlcyI6IlNVUEVSX0FETUlOIiwidXNlcklkIjoxLCJlbmFibGVkIjp0cnVlLCJ1c2VybmFtZSI6InN1cGVyYWRtaW5AY2hlcmlzaHguY29tIiwiYWNjb3VudE5vbkxvY2tlZCI6dHJ1ZSwic3ViIjoic3VwZXJhZG1pbkBjaGVyaXNoeC5jb20iLCJpYXQiOjE3OTE0NjgzMjEsImV4cCI6MTc5MTU1NDcyMSwiaXNzIjoibW9tZW50LWZvcmV2ZXItYXBwIiwiYXVkIjoibW9tZW50LWZvcmV2ZXItY2xpZW50In0.MSh7MAgomTQN20GrkE0ylIFKJcho7PbSp53bCRBE2-Y", sec-ch-ua-mobile:"?0", x-requested-with:"XMLHttpRequest", x-pm-header:"[object Object]", accept:"application/json", user-agent:"Mozilla/5.0 (Windows NT 10.0; Win64; x64) AppleWebKit/537.36 (KHTML, like Gecko) Chrome/154.0.0.0 Safari/537.36 Edg/154.0.0.0", sec-fetch-site:"same-origin", sec-fetch-mode:"cors", sec-fetch-dest:"empty", referer:"http://localhost:5173/admin", accept-encoding:"gzip, deflate, br, zstd", accept-language:"en-GB,en;q=0.9,en-US;q=0.8,en-IN;q=0.7", X-User-Id:"1", X-User-Roles:"SUPER_ADMIN", Forwarded:"proto=http;host="localhost:8086";for="[0:0:0:0:0:0:0:1]:50803"", X-Forwarded-For:"0:0:0:0:0:0:0:1", X-Forwarded-Proto:"http", X-Forwarded-Prefix:"/api", X-Forwarded-Port:"8086", X-Forwarded-Host:"localhost:8086"]
2026-10-08 19:35:22.366 [reactor-http-nio-1] [39mDEBUG[0;39m [36mo.s.c.g.f.h.o.ObservedRequestHttpHeadersFilter[0;39m - Client observation  {name=http.client.requests(null), error=null, context=name='http.client.requests', contextualName='null', error='null', lowCardinalityKeyValues=[http.method='GET', http.status_code='UNKNOWN', spring.cloud.gateway.route.id='platform-user', spring.cloud.gateway.route.uri='lb://MOMENT-FOREVER-PLATFORM'], highCardinalityKeyValues=[http.uri='http://localhost:8086/platform/user/profile'], map=[class io.micrometer.core.instrument.Timer$Sample='io.micrometer.core.instrument.Timer$Sample@a305727', class io.micrometer.core.instrument.LongTaskTimer$Sample='SampleImpl{duration(seconds)=2.264E-4, duration(nanos)=226400.0, startTimeNanos=107327573645300}'], parentObservation={name=http.server.requests(null), error=null, context=name='http.server.requests', contextualName='null', error='null', lowCardinalityKeyValues=[exception='none', method='GET', outcome='SUCCESS', status='200', uri='UNKNOWN'], highCardinalityKeyValues=[http.url='/api/platform/user/profile'], map=[class io.micrometer.core.instrument.Timer$Sample='io.micrometer.core.instrument.Timer$Sample@245ad6df', class io.micrometer.core.instrument.LongTaskTimer$Sample='SampleImpl{duration(seconds)=0.0189037, duration(nanos)=1.89037E7, startTimeNanos=107327555106700}'], parentObservation=null}} created for the request. New headers are [host:"localhost:8086", sec-ch-ua-platform:""Windows"", authorization:"Bearer eyJhbGciOiJIUzI1NiJ9.eyJyb2xlcyI6IlNVUEVSX0FETUlOIiwidXNlcklkIjoxLCJlbmFibGVkIjp0cnVlLCJ1c2VybmFtZSI6InN1cGVyYWRtaW5AY2hlcmlzaHguY29tIiwiYWNjb3VudE5vbkxvY2tlZCI6dHJ1ZSwic3ViIjoic3VwZXJhZG1pbkBjaGVyaXNoeC5jb20iLCJpYXQiOjE3OTE0NjgzMjEsImV4cCI6MTc5MTU1NDcyMSwiaXNzIjoibW9tZW50LWZvcmV2ZXItYXBwIiwiYXVkIjoibW9tZW50LWZvcmV2ZXItY2xpZW50In0.MSh7MAgomTQN20GrkE0ylIFKJcho7PbSp53bCRBE2-Y", sec-ch-ua:""Chromium";v="154", "Microsoft Edge";v="154", "Not A(Brand";v="99"", accesstoken:"eyJhbGciOiJIUzI1NiJ9.eyJyb2xlcyI6IlNVUEVSX0FETUlOIiwidXNlcklkIjoxLCJlbmFibGVkIjp0cnVlLCJ1c2VybmFtZSI6InN1cGVyYWRtaW5AY2hlcmlzaHguY29tIiwiYWNjb3VudE5vbkxvY2tlZCI6dHJ1ZSwic3ViIjoic3VwZXJhZG1pbkBjaGVyaXNoeC5jb20iLCJpYXQiOjE3OTE0NjgzMjEsImV4cCI6MTc5MTU1NDcyMSwiaXNzIjoibW9tZW50LWZvcmV2ZXItYXBwIiwiYXVkIjoibW9tZW50LWZvcmV2ZXItY2xpZW50In0.MSh7MAgomTQN20GrkE0ylIFKJcho7PbSp53bCRBE2-Y", sec-ch-ua-mobile:"?0", x-requested-with:"XMLHttpRequest", x-pm-header:"[object Object]", accept:"application/json", user-agent:"Mozilla/5.0 (Windows NT 10.0; Win64; x64) AppleWebKit/537.36 (KHTML, like Gecko) Chrome/154.0.0.0 Safari/537.36 Edg/154.0.0.0", sec-fetch-site:"same-origin", sec-fetch-mode:"cors", sec-fetch-dest:"empty", referer:"http://localhost:5173/admin", accept-encoding:"gzip, deflate, br, zstd", accept-language:"en-GB,en;q=0.9,en-US;q=0.8,en-IN;q=0.7", X-User-Id:"1", X-User-Roles:"SUPER_ADMIN", Forwarded:"proto=http;host="localhost:8086";for="[0:0:0:0:0:0:0:1]:50803"", X-Forwarded-For:"0:0:0:0:0:0:0:1", X-Forwarded-Proto:"http", X-Forwarded-Prefix:"/api", X-Forwarded-Port:"8086", X-Forwarded-Host:"localhost:8086"]
2026-10-08 19:35:22.395 [reactor-http-nio-11] [39mDEBUG[0;39m [36mo.s.c.g.f.h.o.ObservedResponseHttpHeadersFilter[0;39m - Will instrument the response
2026-10-08 19:35:22.395 [reactor-http-nio-11] [39mDEBUG[0;39m [36mo.s.c.g.f.h.o.ObservedResponseHttpHeadersFilter[0;39m - The response was handled for observation {name=http.client.requests(null), error=null, context=name='http.client.requests', contextualName='null', error='null', lowCardinalityKeyValues=[http.method='GET', http.status_code='UNKNOWN', spring.cloud.gateway.route.id='platform-user', spring.cloud.gateway.route.uri='lb://MOMENT-FOREVER-PLATFORM'], highCardinalityKeyValues=[http.uri='http://localhost:8086/platform/user/profile'], map=[class io.micrometer.core.instrument.Timer$Sample='io.micrometer.core.instrument.Timer$Sample@a305727', class io.micrometer.core.instrument.LongTaskTimer$Sample='SampleImpl{duration(seconds)=0.0295576, duration(nanos)=2.95576E7, startTimeNanos=107327573645300}'], parentObservation={name=http.server.requests(null), error=null, context=name='http.server.requests', contextualName='null', error='null', lowCardinalityKeyValues=[exception='none', method='GET', outcome='SUCCESS', status='200', uri='UNKNOWN'], highCardinalityKeyValues=[http.url='/api/platform/user/profile'], map=[class io.micrometer.core.instrument.Timer$Sample='io.micrometer.core.instrument.Timer$Sample@245ad6df', class io.micrometer.core.instrument.LongTaskTimer$Sample='SampleImpl{duration(seconds)=0.0482407, duration(nanos)=4.82407E7, startTimeNanos=107327555106700}'], parentObservation=null}}
2026-10-08 19:35:22.396 [reactor-http-nio-11] [34mINFO [0;39m [36mc.f.M.f.GatewayRequestLoggingFilter[0;39m - GATEWAY_REQUEST method=GET path=/platform/user/profile routeId=platform-user target=lb://MOMENT-FOREVER-PLATFORM status=200 durationMs=32 signal=onComplete
2026-10-08 19:35:24.254 [reactor-http-nio-3] [39mDEBUG[0;39m [36mo.s.c.g.h.RoutePredicateHandlerMapping[0;39m - Route matched: platform-admin
2026-10-08 19:35:24.254 [reactor-http-nio-3] [39mDEBUG[0;39m [36mo.s.c.g.h.RoutePredicateHandlerMapping[0;39m - Mapping [Exchange: GET http://localhost:8086/api/platform/admin/categories] to Route{id='platform-admin', uri=lb://MOMENT-FOREVER-PLATFORM, order=0, predicate=Paths: [/api/platform/admin/**], match trailing slash: true, gatewayFilters=[[[StripPrefix parts = 1], order = 1]], metadata={requires-auth=true}}
2026-10-08 19:35:24.254 [reactor-http-nio-3] [39mDEBUG[0;39m [36mo.s.c.g.h.RoutePredicateHandlerMapping[0;39m - [45889547-135] Mapped to org.springframework.cloud.gateway.handler.FilteringWebHandler@3f7c6365
2026-10-08 19:35:24.255 [reactor-http-nio-3] [39mDEBUG[0;39m [36mo.s.c.g.handler.FilteringWebHandler[0;39m - Sorted gatewayFilterFactories: [[GatewayFilterAdapter{delegate=org.springframework.cloud.gateway.filter.RemoveCachedBodyFilter@7227926b}, order = -2147483648], [GatewayFilterAdapter{delegate=org.springframework.cloud.gateway.filter.AdaptCachedBodyGlobalFilter@79617c3d}, order = -2147482648], [GatewayFilterAdapter{delegate=com.forvmom.MomentForeverAPIGateway.filter.JwtAuthenticationFilter@35a9e665}, order = -1], [GatewayFilterAdapter{delegate=org.springframework.cloud.gateway.filter.NettyWriteResponseFilter@1b632442}, order = -1], [GatewayFilterAdapter{delegate=org.springframework.cloud.gateway.filter.ForwardPathFilter@57a982f9}, order = 0], [GatewayFilterAdapter{delegate=org.springframework.cloud.gateway.filter.GatewayMetricsFilter@1b69fc07}, order = 0], [[StripPrefix parts = 1], order = 1], [GatewayFilterAdapter{delegate=org.springframework.cloud.gateway.filter.RouteToRequestUrlFilter@2f75a9b1}, order = 10000], [GatewayFilterAdapter{delegate=org.springframework.cloud.gateway.filter.ReactiveLoadBalancerClientFilter@362be0cd}, order = 10150], [GatewayFilterAdapter{delegate=org.springframework.cloud.gateway.filter.LoadBalancerServiceInstanceCookieFilter@2dde0a34}, order = 10151], [GatewayFilterAdapter{delegate=org.springframework.cloud.gateway.filter.WebsocketRoutingFilter@19d3f6ad}, order = 2147483646], [GatewayFilterAdapter{delegate=com.forvmom.MomentForeverAPIGateway.filter.GatewayRequestLoggingFilter@6a04d2a4}, order = 2147483647], [GatewayFilterAdapter{delegate=org.springframework.cloud.gateway.filter.NettyRoutingFilter@61836cd9}, order = 2147483647], [GatewayFilterAdapter{delegate=org.springframework.cloud.gateway.filter.ForwardRoutingFilter@556aed22}, order = 2147483647]]
2026-10-08 19:35:24.268 [reactor-http-nio-3] [39mDEBUG[0;39m [36mo.s.c.g.f.h.o.ObservedRequestHttpHeadersFilter[0;39m - Will instrument the HTTP request headers [host:"localhost:8086", sec-ch-ua-platform:""Windows"", authorization:"Bearer eyJhbGciOiJIUzI1NiJ9.eyJyb2xlcyI6IlNVUEVSX0FETUlOIiwidXNlcklkIjoxLCJlbmFibGVkIjp0cnVlLCJ1c2VybmFtZSI6InN1cGVyYWRtaW5AY2hlcmlzaHguY29tIiwiYWNjb3VudE5vbkxvY2tlZCI6dHJ1ZSwic3ViIjoic3VwZXJhZG1pbkBjaGVyaXNoeC5jb20iLCJpYXQiOjE3OTE0NjgzMjEsImV4cCI6MTc5MTU1NDcyMSwiaXNzIjoibW9tZW50LWZvcmV2ZXItYXBwIiwiYXVkIjoibW9tZW50LWZvcmV2ZXItY2xpZW50In0.MSh7MAgomTQN20GrkE0ylIFKJcho7PbSp53bCRBE2-Y", sec-ch-ua:""Chromium";v="154", "Microsoft Edge";v="154", "Not A(Brand";v="99"", accesstoken:"eyJhbGciOiJIUzI1NiJ9.eyJyb2xlcyI6IlNVUEVSX0FETUlOIiwidXNlcklkIjoxLCJlbmFibGVkIjp0cnVlLCJ1c2VybmFtZSI6InN1cGVyYWRtaW5AY2hlcmlzaHguY29tIiwiYWNjb3VudE5vbkxvY2tlZCI6dHJ1ZSwic3ViIjoic3VwZXJhZG1pbkBjaGVyaXNoeC5jb20iLCJpYXQiOjE3OTE0NjgzMjEsImV4cCI6MTc5MTU1NDcyMSwiaXNzIjoibW9tZW50LWZvcmV2ZXItYXBwIiwiYXVkIjoibW9tZW50LWZvcmV2ZXItY2xpZW50In0.MSh7MAgomTQN20GrkE0ylIFKJcho7PbSp53bCRBE2-Y", sec-ch-ua-mobile:"?0", x-requested-with:"XMLHttpRequest", x-pm-header:"[object Object]", accept:"application/json", user-agent:"Mozilla/5.0 (Windows NT 10.0; Win64; x64) AppleWebKit/537.36 (KHTML, like Gecko) Chrome/154.0.0.0 Safari/537.36 Edg/154.0.0.0", sec-fetch-site:"same-origin", sec-fetch-mode:"cors", sec-fetch-dest:"empty", referer:"http://localhost:5173/admin/category", accept-encoding:"gzip, deflate, br, zstd", accept-language:"en-GB,en;q=0.9,en-US;q=0.8,en-IN;q=0.7", X-User-Id:"1", X-User-Roles:"SUPER_ADMIN", Forwarded:"proto=http;host="localhost:8086";for="[0:0:0:0:0:0:0:1]:51323"", X-Forwarded-For:"0:0:0:0:0:0:0:1", X-Forwarded-Proto:"http", X-Forwarded-Prefix:"/api", X-Forwarded-Port:"8086", X-Forwarded-Host:"localhost:8086"]
2026-10-08 19:35:24.270 [reactor-http-nio-3] [39mDEBUG[0;39m [36mo.s.c.g.f.h.o.ObservedRequestHttpHeadersFilter[0;39m - Client observation  {name=http.client.requests(null), error=null, context=name='http.client.requests', contextualName='null', error='null', lowCardinalityKeyValues=[http.method='GET', http.status_code='UNKNOWN', spring.cloud.gateway.route.id='platform-admin', spring.cloud.gateway.route.uri='lb://MOMENT-FOREVER-PLATFORM'], highCardinalityKeyValues=[http.uri='http://localhost:8086/platform/admin/categories'], map=[class io.micrometer.core.instrument.Timer$Sample='io.micrometer.core.instrument.Timer$Sample@496bb9f5', class io.micrometer.core.instrument.LongTaskTimer$Sample='SampleImpl{duration(seconds)=1.185E-4, duration(nanos)=118500.0, startTimeNanos=107329477860600}'], parentObservation={name=http.server.requests(null), error=null, context=name='http.server.requests', contextualName='null', error='null', lowCardinalityKeyValues=[exception='none', method='GET', outcome='SUCCESS', status='200', uri='UNKNOWN'], highCardinalityKeyValues=[http.url='/api/platform/admin/categories'], map=[class io.micrometer.core.instrument.Timer$Sample='io.micrometer.core.instrument.Timer$Sample@78e601a', class io.micrometer.core.instrument.LongTaskTimer$Sample='SampleImpl{duration(seconds)=0.0163208, duration(nanos)=1.63208E7, startTimeNanos=107329461782600}'], parentObservation=null}} created for the request. New headers are [host:"localhost:8086", sec-ch-ua-platform:""Windows"", authorization:"Bearer eyJhbGciOiJIUzI1NiJ9.eyJyb2xlcyI6IlNVUEVSX0FETUlOIiwidXNlcklkIjoxLCJlbmFibGVkIjp0cnVlLCJ1c2VybmFtZSI6InN1cGVyYWRtaW5AY2hlcmlzaHguY29tIiwiYWNjb3VudE5vbkxvY2tlZCI6dHJ1ZSwic3ViIjoic3VwZXJhZG1pbkBjaGVyaXNoeC5jb20iLCJpYXQiOjE3OTE0NjgzMjEsImV4cCI6MTc5MTU1NDcyMSwiaXNzIjoibW9tZW50LWZvcmV2ZXItYXBwIiwiYXVkIjoibW9tZW50LWZvcmV2ZXItY2xpZW50In0.MSh7MAgomTQN20GrkE0ylIFKJcho7PbSp53bCRBE2-Y", sec-ch-ua:""Chromium";v="154", "Microsoft Edge";v="154", "Not A(Brand";v="99"", accesstoken:"eyJhbGciOiJIUzI1NiJ9.eyJyb2xlcyI6IlNVUEVSX0FETUlOIiwidXNlcklkIjoxLCJlbmFibGVkIjp0cnVlLCJ1c2VybmFtZSI6InN1cGVyYWRtaW5AY2hlcmlzaHguY29tIiwiYWNjb3VudE5vbkxvY2tlZCI6dHJ1ZSwic3ViIjoic3VwZXJhZG1pbkBjaGVyaXNoeC5jb20iLCJpYXQiOjE3OTE0NjgzMjEsImV4cCI6MTc5MTU1NDcyMSwiaXNzIjoibW9tZW50LWZvcmV2ZXItYXBwIiwiYXVkIjoibW9tZW50LWZvcmV2ZXItY2xpZW50In0.MSh7MAgomTQN20GrkE0ylIFKJcho7PbSp53bCRBE2-Y", sec-ch-ua-mobile:"?0", x-requested-with:"XMLHttpRequest", x-pm-header:"[object Object]", accept:"application/json", user-agent:"Mozilla/5.0 (Windows NT 10.0; Win64; x64) AppleWebKit/537.36 (KHTML, like Gecko) Chrome/154.0.0.0 Safari/537.36 Edg/154.0.0.0", sec-fetch-site:"same-origin", sec-fetch-mode:"cors", sec-fetch-dest:"empty", referer:"http://localhost:5173/admin/category", accept-encoding:"gzip, deflate, br, zstd", accept-language:"en-GB,en;q=0.9,en-US;q=0.8,en-IN;q=0.7", X-User-Id:"1", X-User-Roles:"SUPER_ADMIN", Forwarded:"proto=http;host="localhost:8086";for="[0:0:0:0:0:0:0:1]:51323"", X-Forwarded-For:"0:0:0:0:0:0:0:1", X-Forwarded-Proto:"http", X-Forwarded-Prefix:"/api", X-Forwarded-Port:"8086", X-Forwarded-Host:"localhost:8086"]
2026-10-08 19:35:24.492 [reactor-http-nio-11] [39mDEBUG[0;39m [36mo.s.c.g.f.h.o.ObservedResponseHttpHeadersFilter[0;39m - Will instrument the response
2026-10-08 19:35:24.493 [reactor-http-nio-11] [39mDEBUG[0;39m [36mo.s.c.g.f.h.o.ObservedResponseHttpHeadersFilter[0;39m - The response was handled for observation {name=http.client.requests(null), error=null, context=name='http.client.requests', contextualName='null', error='null', lowCardinalityKeyValues=[http.method='GET', http.status_code='UNKNOWN', spring.cloud.gateway.route.id='platform-admin', spring.cloud.gateway.route.uri='lb://MOMENT-FOREVER-PLATFORM'], highCardinalityKeyValues=[http.uri='http://localhost:8086/platform/admin/categories'], map=[class io.micrometer.core.instrument.Timer$Sample='io.micrometer.core.instrument.Timer$Sample@496bb9f5', class io.micrometer.core.instrument.LongTaskTimer$Sample='SampleImpl{duration(seconds)=0.2238097, duration(nanos)=2.238097E8, startTimeNanos=107329477860600}'], parentObservation={name=http.server.requests(null), error=null, context=name='http.server.requests', contextualName='null', error='null', lowCardinalityKeyValues=[exception='none', method='GET', outcome='SUCCESS', status='200', uri='UNKNOWN'], highCardinalityKeyValues=[http.url='/api/platform/admin/categories'], map=[class io.micrometer.core.instrument.Timer$Sample='io.micrometer.core.instrument.Timer$Sample@78e601a', class io.micrometer.core.instrument.LongTaskTimer$Sample='SampleImpl{duration(seconds)=0.2402059, duration(nanos)=2.402059E8, startTimeNanos=107329461782600}'], parentObservation=null}}
2026-10-08 19:35:24.495 [reactor-http-nio-11] [34mINFO [0;39m [36mc.f.M.f.GatewayRequestLoggingFilter[0;39m - GATEWAY_REQUEST method=GET path=/platform/admin/categories routeId=platform-admin target=lb://MOMENT-FOREVER-PLATFORM status=200 durationMs=227 signal=onComplete
2026-10-08 19:35:24.576 [reactor-http-nio-4] [39mDEBUG[0;39m [36mo.s.c.g.h.RoutePredicateHandlerMapping[0;39m - Route matched: platform-public
2026-10-08 19:35:24.576 [reactor-http-nio-4] [39mDEBUG[0;39m [36mo.s.c.g.h.RoutePredicateHandlerMapping[0;39m - Mapping [Exchange: GET http://localhost:8086/api/platform/public/images/fetch/Test%20Image_1790928858057_thumb_1790928859106.png] to Route{id='platform-public', uri=lb://MOMENT-FOREVER-PLATFORM, order=0, predicate=Paths: [/api/platform/public/**], match trailing slash: true, gatewayFilters=[[[StripPrefix parts = 1], order = 1]], metadata={is-public=true}}
2026-10-08 19:35:24.577 [reactor-http-nio-4] [39mDEBUG[0;39m [36mo.s.c.g.h.RoutePredicateHandlerMapping[0;39m - [d3c8ab97-136] Mapped to org.springframework.cloud.gateway.handler.FilteringWebHandler@3f7c6365
2026-10-08 19:35:24.577 [reactor-http-nio-4] [39mDEBUG[0;39m [36mo.s.c.g.handler.FilteringWebHandler[0;39m - Sorted gatewayFilterFactories: [[GatewayFilterAdapter{delegate=org.springframework.cloud.gateway.filter.RemoveCachedBodyFilter@7227926b}, order = -2147483648], [GatewayFilterAdapter{delegate=org.springframework.cloud.gateway.filter.AdaptCachedBodyGlobalFilter@79617c3d}, order = -2147482648], [GatewayFilterAdapter{delegate=com.forvmom.MomentForeverAPIGateway.filter.JwtAuthenticationFilter@35a9e665}, order = -1], [GatewayFilterAdapter{delegate=org.springframework.cloud.gateway.filter.NettyWriteResponseFilter@1b632442}, order = -1], [GatewayFilterAdapter{delegate=org.springframework.cloud.gateway.filter.ForwardPathFilter@57a982f9}, order = 0], [GatewayFilterAdapter{delegate=org.springframework.cloud.gateway.filter.GatewayMetricsFilter@1b69fc07}, order = 0], [[StripPrefix parts = 1], order = 1], [GatewayFilterAdapter{delegate=org.springframework.cloud.gateway.filter.RouteToRequestUrlFilter@2f75a9b1}, order = 10000], [GatewayFilterAdapter{delegate=org.springframework.cloud.gateway.filter.ReactiveLoadBalancerClientFilter@362be0cd}, order = 10150], [GatewayFilterAdapter{delegate=org.springframework.cloud.gateway.filter.LoadBalancerServiceInstanceCookieFilter@2dde0a34}, order = 10151], [GatewayFilterAdapter{delegate=org.springframework.cloud.gateway.filter.WebsocketRoutingFilter@19d3f6ad}, order = 2147483646], [GatewayFilterAdapter{delegate=com.forvmom.MomentForeverAPIGateway.filter.GatewayRequestLoggingFilter@6a04d2a4}, order = 2147483647], [GatewayFilterAdapter{delegate=org.springframework.cloud.gateway.filter.NettyRoutingFilter@61836cd9}, order = 2147483647], [GatewayFilterAdapter{delegate=org.springframework.cloud.gateway.filter.ForwardRoutingFilter@556aed22}, order = 2147483647]]
2026-10-08 19:35:24.580 [reactor-http-nio-4] [39mDEBUG[0;39m [36mo.s.c.g.f.h.o.ObservedRequestHttpHeadersFilter[0;39m - Will instrument the HTTP request headers [host:"localhost:8086", sec-ch-ua-platform:""Windows"", user-agent:"Mozilla/5.0 (Windows NT 10.0; Win64; x64) AppleWebKit/537.36 (KHTML, like Gecko) Chrome/154.0.0.0 Safari/537.36 Edg/154.0.0.0", sec-ch-ua:""Chromium";v="154", "Microsoft Edge";v="154", "Not A(Brand";v="99"", sec-ch-ua-mobile:"?0", accept:"image/avif,image/webp,image/apng,image/svg+xml,image/*,*/*;q=0.8", sec-fetch-site:"same-origin", sec-fetch-mode:"no-cors", sec-fetch-dest:"image", referer:"http://localhost:5173/admin/category", accept-encoding:"gzip, deflate, br, zstd", accept-language:"en-GB,en;q=0.9,en-US;q=0.8,en-IN;q=0.7", Forwarded:"proto=http;host="localhost:8086";for="[0:0:0:0:0:0:0:1]:64737"", X-Forwarded-For:"0:0:0:0:0:0:0:1", X-Forwarded-Proto:"http", X-Forwarded-Prefix:"/api", X-Forwarded-Port:"8086", X-Forwarded-Host:"localhost:8086"]
2026-10-08 19:35:24.581 [reactor-http-nio-4] [39mDEBUG[0;39m [36mo.s.c.g.f.h.o.ObservedRequestHttpHeadersFilter[0;39m - Client observation  {name=http.client.requests(null), error=null, context=name='http.client.requests', contextualName='null', error='null', lowCardinalityKeyValues=[http.method='GET', http.status_code='UNKNOWN', spring.cloud.gateway.route.id='platform-public', spring.cloud.gateway.route.uri='lb://MOMENT-FOREVER-PLATFORM'], highCardinalityKeyValues=[http.uri='http://localhost:8086/platform/public/images/fetch/Test%20Image_1790928858057_thumb_1790928859106.png'], map=[class io.micrometer.core.instrument.Timer$Sample='io.micrometer.core.instrument.Timer$Sample@27ae9f74', class io.micrometer.core.instrument.LongTaskTimer$Sample='SampleImpl{duration(seconds)=2.135E-4, duration(nanos)=213500.0, startTimeNanos=107329788998300}'], parentObservation={name=http.server.requests(null), error=null, context=name='http.server.requests', contextualName='null', error='null', lowCardinalityKeyValues=[exception='none', method='GET', outcome='SUCCESS', status='200', uri='UNKNOWN'], highCardinalityKeyValues=[http.url='/api/platform/public/images/fetch/Test%20Image_1790928858057_thumb_1790928859106.png'], map=[class io.micrometer.core.instrument.Timer$Sample='io.micrometer.core.instrument.Timer$Sample@56f8b1b2', class io.micrometer.core.instrument.LongTaskTimer$Sample='SampleImpl{duration(seconds)=0.0063105, duration(nanos)=6310500.0, startTimeNanos=107329783065300}'], parentObservation=null}} created for the request. New headers are [host:"localhost:8086", sec-ch-ua-platform:""Windows"", user-agent:"Mozilla/5.0 (Windows NT 10.0; Win64; x64) AppleWebKit/537.36 (KHTML, like Gecko) Chrome/154.0.0.0 Safari/537.36 Edg/154.0.0.0", sec-ch-ua:""Chromium";v="154", "Microsoft Edge";v="154", "Not A(Brand";v="99"", sec-ch-ua-mobile:"?0", accept:"image/avif,image/webp,image/apng,image/svg+xml,image/*,*/*;q=0.8", sec-fetch-site:"same-origin", sec-fetch-mode:"no-cors", sec-fetch-dest:"image", referer:"http://localhost:5173/admin/category", accept-encoding:"gzip, deflate, br, zstd", accept-language:"en-GB,en;q=0.9,en-US;q=0.8,en-IN;q=0.7", Forwarded:"proto=http;host="localhost:8086";for="[0:0:0:0:0:0:0:1]:64737"", X-Forwarded-For:"0:0:0:0:0:0:0:1", X-Forwarded-Proto:"http", X-Forwarded-Prefix:"/api", X-Forwarded-Port:"8086", X-Forwarded-Host:"localhost:8086"]
2026-10-08 19:35:24.965 [reactor-http-nio-11] [39mDEBUG[0;39m [36mo.s.c.g.f.h.o.ObservedResponseHttpHeadersFilter[0;39m - Will instrument the response
2026-10-08 19:35:24.966 [reactor-http-nio-11] [39mDEBUG[0;39m [36mo.s.c.g.f.h.o.ObservedResponseHttpHeadersFilter[0;39m - The response was handled for observation {name=http.client.requests(null), error=null, context=name='http.client.requests', contextualName='null', error='null', lowCardinalityKeyValues=[http.method='GET', http.status_code='UNKNOWN', spring.cloud.gateway.route.id='platform-public', spring.cloud.gateway.route.uri='lb://MOMENT-FOREVER-PLATFORM'], highCardinalityKeyValues=[http.uri='http://localhost:8086/platform/public/images/fetch/Test%20Image_1790928858057_thumb_1790928859106.png'], map=[class io.micrometer.core.instrument.Timer$Sample='io.micrometer.core.instrument.Timer$Sample@27ae9f74', class io.micrometer.core.instrument.LongTaskTimer$Sample='SampleImpl{duration(seconds)=0.3853024, duration(nanos)=3.853024E8, startTimeNanos=107329788998300}'], parentObservation={name=http.server.requests(null), error=null, context=name='http.server.requests', contextualName='null', error='null', lowCardinalityKeyValues=[exception='none', method='GET', outcome='SUCCESS', status='200', uri='UNKNOWN'], highCardinalityKeyValues=[http.url='/api/platform/public/images/fetch/Test%20Image_1790928858057_thumb_1790928859106.png'], map=[class io.micrometer.core.instrument.Timer$Sample='io.micrometer.core.instrument.Timer$Sample@56f8b1b2', class io.micrometer.core.instrument.LongTaskTimer$Sample='SampleImpl{duration(seconds)=0.3915189, duration(nanos)=3.915189E8, startTimeNanos=107329783065300}'], parentObservation=null}}
2026-10-08 19:35:24.968 [reactor-http-nio-11] [34mINFO [0;39m [36mc.f.M.f.GatewayRequestLoggingFilter[0;39m - GATEWAY_REQUEST method=GET path=/platform/public/images/fetch/Test%20Image_1790928858057_thumb_1790928859106.png routeId=platform-public target=lb://MOMENT-FOREVER-PLATFORM status=200 durationMs=389 signal=onComplete
2026-10-08 19:35:36.035 [reactor-http-nio-6] [39mDEBUG[0;39m [36mo.s.c.g.h.RoutePredicateHandlerMapping[0;39m - Route matched: platform-admin
2026-10-08 19:35:36.035 [reactor-http-nio-6] [39mDEBUG[0;39m [36mo.s.c.g.h.RoutePredicateHandlerMapping[0;39m - Mapping [Exchange: GET http://localhost:8086/api/platform/admin/locations] to Route{id='platform-admin', uri=lb://MOMENT-FOREVER-PLATFORM, order=0, predicate=Paths: [/api/platform/admin/**], match trailing slash: true, gatewayFilters=[[[StripPrefix parts = 1], order = 1]], metadata={requires-auth=true}}
2026-10-08 19:35:36.036 [reactor-http-nio-6] [39mDEBUG[0;39m [36mo.s.c.g.h.RoutePredicateHandlerMapping[0;39m - [cfce5214-138] Mapped to org.springframework.cloud.gateway.handler.FilteringWebHandler@3f7c6365
2026-10-08 19:35:36.036 [reactor-http-nio-6] [39mDEBUG[0;39m [36mo.s.c.g.handler.FilteringWebHandler[0;39m - Sorted gatewayFilterFactories: [[GatewayFilterAdapter{delegate=org.springframework.cloud.gateway.filter.RemoveCachedBodyFilter@7227926b}, order = -2147483648], [GatewayFilterAdapter{delegate=org.springframework.cloud.gateway.filter.AdaptCachedBodyGlobalFilter@79617c3d}, order = -2147482648], [GatewayFilterAdapter{delegate=com.forvmom.MomentForeverAPIGateway.filter.JwtAuthenticationFilter@35a9e665}, order = -1], [GatewayFilterAdapter{delegate=org.springframework.cloud.gateway.filter.NettyWriteResponseFilter@1b632442}, order = -1], [GatewayFilterAdapter{delegate=org.springframework.cloud.gateway.filter.ForwardPathFilter@57a982f9}, order = 0], [GatewayFilterAdapter{delegate=org.springframework.cloud.gateway.filter.GatewayMetricsFilter@1b69fc07}, order = 0], [[StripPrefix parts = 1], order = 1], [GatewayFilterAdapter{delegate=org.springframework.cloud.gateway.filter.RouteToRequestUrlFilter@2f75a9b1}, order = 10000], [GatewayFilterAdapter{delegate=org.springframework.cloud.gateway.filter.ReactiveLoadBalancerClientFilter@362be0cd}, order = 10150], [GatewayFilterAdapter{delegate=org.springframework.cloud.gateway.filter.LoadBalancerServiceInstanceCookieFilter@2dde0a34}, order = 10151], [GatewayFilterAdapter{delegate=org.springframework.cloud.gateway.filter.WebsocketRoutingFilter@19d3f6ad}, order = 2147483646], [GatewayFilterAdapter{delegate=com.forvmom.MomentForeverAPIGateway.filter.GatewayRequestLoggingFilter@6a04d2a4}, order = 2147483647], [GatewayFilterAdapter{delegate=org.springframework.cloud.gateway.filter.NettyRoutingFilter@61836cd9}, order = 2147483647], [GatewayFilterAdapter{delegate=org.springframework.cloud.gateway.filter.ForwardRoutingFilter@556aed22}, order = 2147483647]]
2026-10-08 19:35:36.040 [reactor-http-nio-8] [39mDEBUG[0;39m [36mo.s.c.g.h.RoutePredicateHandlerMapping[0;39m - Route matched: platform-admin
2026-10-08 19:35:36.040 [reactor-http-nio-8] [39mDEBUG[0;39m [36mo.s.c.g.h.RoutePredicateHandlerMapping[0;39m - Mapping [Exchange: GET http://localhost:8086/api/platform/admin/categories] to Route{id='platform-admin', uri=lb://MOMENT-FOREVER-PLATFORM, order=0, predicate=Paths: [/api/platform/admin/**], match trailing slash: true, gatewayFilters=[[[StripPrefix parts = 1], order = 1]], metadata={requires-auth=true}}
2026-10-08 19:35:36.040 [reactor-http-nio-8] [39mDEBUG[0;39m [36mo.s.c.g.h.RoutePredicateHandlerMapping[0;39m - [f0db6fbe-140] Mapped to org.springframework.cloud.gateway.handler.FilteringWebHandler@3f7c6365
2026-10-08 19:35:36.040 [reactor-http-nio-8] [39mDEBUG[0;39m [36mo.s.c.g.handler.FilteringWebHandler[0;39m - Sorted gatewayFilterFactories: [[GatewayFilterAdapter{delegate=org.springframework.cloud.gateway.filter.RemoveCachedBodyFilter@7227926b}, order = -2147483648], [GatewayFilterAdapter{delegate=org.springframework.cloud.gateway.filter.AdaptCachedBodyGlobalFilter@79617c3d}, order = -2147482648], [GatewayFilterAdapter{delegate=com.forvmom.MomentForeverAPIGateway.filter.JwtAuthenticationFilter@35a9e665}, order = -1], [GatewayFilterAdapter{delegate=org.springframework.cloud.gateway.filter.NettyWriteResponseFilter@1b632442}, order = -1], [GatewayFilterAdapter{delegate=org.springframework.cloud.gateway.filter.ForwardPathFilter@57a982f9}, order = 0], [GatewayFilterAdapter{delegate=org.springframework.cloud.gateway.filter.GatewayMetricsFilter@1b69fc07}, order = 0], [[StripPrefix parts = 1], order = 1], [GatewayFilterAdapter{delegate=org.springframework.cloud.gateway.filter.RouteToRequestUrlFilter@2f75a9b1}, order = 10000], [GatewayFilterAdapter{delegate=org.springframework.cloud.gateway.filter.ReactiveLoadBalancerClientFilter@362be0cd}, order = 10150], [GatewayFilterAdapter{delegate=org.springframework.cloud.gateway.filter.LoadBalancerServiceInstanceCookieFilter@2dde0a34}, order = 10151], [GatewayFilterAdapter{delegate=org.springframework.cloud.gateway.filter.WebsocketRoutingFilter@19d3f6ad}, order = 2147483646], [GatewayFilterAdapter{delegate=com.forvmom.MomentForeverAPIGateway.filter.GatewayRequestLoggingFilter@6a04d2a4}, order = 2147483647], [GatewayFilterAdapter{delegate=org.springframework.cloud.gateway.filter.NettyRoutingFilter@61836cd9}, order = 2147483647], [GatewayFilterAdapter{delegate=org.springframework.cloud.gateway.filter.ForwardRoutingFilter@556aed22}, order = 2147483647]]
2026-10-08 19:35:36.040 [reactor-http-nio-7] [39mDEBUG[0;39m [36mo.s.c.g.h.RoutePredicateHandlerMapping[0;39m - Route matched: platform-admin
2026-10-08 19:35:36.040 [reactor-http-nio-7] [39mDEBUG[0;39m [36mo.s.c.g.h.RoutePredicateHandlerMapping[0;39m - Mapping [Exchange: GET http://localhost:8086/api/platform/admin/subcategories] to Route{id='platform-admin', uri=lb://MOMENT-FOREVER-PLATFORM, order=0, predicate=Paths: [/api/platform/admin/**], match trailing slash: true, gatewayFilters=[[[StripPrefix parts = 1], order = 1]], metadata={requires-auth=true}}
2026-10-08 19:35:36.040 [reactor-http-nio-7] [39mDEBUG[0;39m [36mo.s.c.g.h.RoutePredicateHandlerMapping[0;39m - [bb63bdd4-139] Mapped to org.springframework.cloud.gateway.handler.FilteringWebHandler@3f7c6365
2026-10-08 19:35:36.041 [reactor-http-nio-7] [39mDEBUG[0;39m [36mo.s.c.g.handler.FilteringWebHandler[0;39m - Sorted gatewayFilterFactories: [[GatewayFilterAdapter{delegate=org.springframework.cloud.gateway.filter.RemoveCachedBodyFilter@7227926b}, order = -2147483648], [GatewayFilterAdapter{delegate=org.springframework.cloud.gateway.filter.AdaptCachedBodyGlobalFilter@79617c3d}, order = -2147482648], [GatewayFilterAdapter{delegate=com.forvmom.MomentForeverAPIGateway.filter.JwtAuthenticationFilter@35a9e665}, order = -1], [GatewayFilterAdapter{delegate=org.springframework.cloud.gateway.filter.NettyWriteResponseFilter@1b632442}, order = -1], [GatewayFilterAdapter{delegate=org.springframework.cloud.gateway.filter.ForwardPathFilter@57a982f9}, order = 0], [GatewayFilterAdapter{delegate=org.springframework.cloud.gateway.filter.GatewayMetricsFilter@1b69fc07}, order = 0], [[StripPrefix parts = 1], order = 1], [GatewayFilterAdapter{delegate=org.springframework.cloud.gateway.filter.RouteToRequestUrlFilter@2f75a9b1}, order = 10000], [GatewayFilterAdapter{delegate=org.springframework.cloud.gateway.filter.ReactiveLoadBalancerClientFilter@362be0cd}, order = 10150], [GatewayFilterAdapter{delegate=org.springframework.cloud.gateway.filter.LoadBalancerServiceInstanceCookieFilter@2dde0a34}, order = 10151], [GatewayFilterAdapter{delegate=org.springframework.cloud.gateway.filter.WebsocketRoutingFilter@19d3f6ad}, order = 2147483646], [GatewayFilterAdapter{delegate=com.forvmom.MomentForeverAPIGateway.filter.GatewayRequestLoggingFilter@6a04d2a4}, order = 2147483647], [GatewayFilterAdapter{delegate=org.springframework.cloud.gateway.filter.NettyRoutingFilter@61836cd9}, order = 2147483647], [GatewayFilterAdapter{delegate=org.springframework.cloud.gateway.filter.ForwardRoutingFilter@556aed22}, order = 2147483647]]
2026-10-08 19:35:36.062 [boundedElastic-5] [39mDEBUG[0;39m [36mo.s.c.g.f.h.o.ObservedRequestHttpHeadersFilter[0;39m - Will instrument the HTTP request headers [host:"localhost:8086", sec-ch-ua-platform:""Windows"", authorization:"Bearer eyJhbGciOiJIUzI1NiJ9.eyJyb2xlcyI6IlNVUEVSX0FETUlOIiwidXNlcklkIjoxLCJlbmFibGVkIjp0cnVlLCJ1c2VybmFtZSI6InN1cGVyYWRtaW5AY2hlcmlzaHguY29tIiwiYWNjb3VudE5vbkxvY2tlZCI6dHJ1ZSwic3ViIjoic3VwZXJhZG1pbkBjaGVyaXNoeC5jb20iLCJpYXQiOjE3OTE0NjgzMjEsImV4cCI6MTc5MTU1NDcyMSwiaXNzIjoibW9tZW50LWZvcmV2ZXItYXBwIiwiYXVkIjoibW9tZW50LWZvcmV2ZXItY2xpZW50In0.MSh7MAgomTQN20GrkE0ylIFKJcho7PbSp53bCRBE2-Y", sec-ch-ua:""Chromium";v="154", "Microsoft Edge";v="154", "Not A(Brand";v="99"", accesstoken:"eyJhbGciOiJIUzI1NiJ9.eyJyb2xlcyI6IlNVUEVSX0FETUlOIiwidXNlcklkIjoxLCJlbmFibGVkIjp0cnVlLCJ1c2VybmFtZSI6InN1cGVyYWRtaW5AY2hlcmlzaHguY29tIiwiYWNjb3VudE5vbkxvY2tlZCI6dHJ1ZSwic3ViIjoic3VwZXJhZG1pbkBjaGVyaXNoeC5jb20iLCJpYXQiOjE3OTE0NjgzMjEsImV4cCI6MTc5MTU1NDcyMSwiaXNzIjoibW9tZW50LWZvcmV2ZXItYXBwIiwiYXVkIjoibW9tZW50LWZvcmV2ZXItY2xpZW50In0.MSh7MAgomTQN20GrkE0ylIFKJcho7PbSp53bCRBE2-Y", sec-ch-ua-mobile:"?0", x-requested-with:"XMLHttpRequest", x-pm-header:"[object Object]", accept:"application/json", user-agent:"Mozilla/5.0 (Windows NT 10.0; Win64; x64) AppleWebKit/537.36 (KHTML, like Gecko) Chrome/154.0.0.0 Safari/537.36 Edg/154.0.0.0", sec-fetch-site:"same-origin", sec-fetch-mode:"cors", sec-fetch-dest:"empty", referer:"http://localhost:5173/admin/locations", accept-encoding:"gzip, deflate, br, zstd", accept-language:"en-GB,en;q=0.9,en-US;q=0.8,en-IN;q=0.7", X-User-Id:"1", X-User-Roles:"SUPER_ADMIN", Forwarded:"proto=http;host="localhost:8086";for="[0:0:0:0:0:0:0:1]:62905"", X-Forwarded-For:"0:0:0:0:0:0:0:1", X-Forwarded-Proto:"http", X-Forwarded-Prefix:"/api", X-Forwarded-Port:"8086", X-Forwarded-Host:"localhost:8086"]
2026-10-08 19:35:36.063 [boundedElastic-5] [39mDEBUG[0;39m [36mo.s.c.g.f.h.o.ObservedRequestHttpHeadersFilter[0;39m - Client observation  {name=http.client.requests(null), error=null, context=name='http.client.requests', contextualName='null', error='null', lowCardinalityKeyValues=[http.method='GET', http.status_code='UNKNOWN', spring.cloud.gateway.route.id='platform-admin', spring.cloud.gateway.route.uri='lb://MOMENT-FOREVER-PLATFORM'], highCardinalityKeyValues=[http.uri='http://localhost:8086/platform/admin/locations'], map=[class io.micrometer.core.instrument.Timer$Sample='io.micrometer.core.instrument.Timer$Sample@42d4a7d5', class io.micrometer.core.instrument.LongTaskTimer$Sample='SampleImpl{duration(seconds)=8.63E-5, duration(nanos)=86300.0, startTimeNanos=107341271286000}'], parentObservation={name=http.server.requests(null), error=null, context=name='http.server.requests', contextualName='null', error='null', lowCardinalityKeyValues=[exception='none', method='GET', outcome='SUCCESS', status='200', uri='UNKNOWN'], highCardinalityKeyValues=[http.url='/api/platform/admin/locations'], map=[class io.micrometer.core.instrument.Timer$Sample='io.micrometer.core.instrument.Timer$Sample@1cbec6d8', class io.micrometer.core.instrument.LongTaskTimer$Sample='SampleImpl{duration(seconds)=0.0286623, duration(nanos)=2.86623E7, startTimeNanos=107341242803900}'], parentObservation=null}} created for the request. New headers are [host:"localhost:8086", sec-ch-ua-platform:""Windows"", authorization:"Bearer eyJhbGciOiJIUzI1NiJ9.eyJyb2xlcyI6IlNVUEVSX0FETUlOIiwidXNlcklkIjoxLCJlbmFibGVkIjp0cnVlLCJ1c2VybmFtZSI6InN1cGVyYWRtaW5AY2hlcmlzaHguY29tIiwiYWNjb3VudE5vbkxvY2tlZCI6dHJ1ZSwic3ViIjoic3VwZXJhZG1pbkBjaGVyaXNoeC5jb20iLCJpYXQiOjE3OTE0NjgzMjEsImV4cCI6MTc5MTU1NDcyMSwiaXNzIjoibW9tZW50LWZvcmV2ZXItYXBwIiwiYXVkIjoibW9tZW50LWZvcmV2ZXItY2xpZW50In0.MSh7MAgomTQN20GrkE0ylIFKJcho7PbSp53bCRBE2-Y", sec-ch-ua:""Chromium";v="154", "Microsoft Edge";v="154", "Not A(Brand";v="99"", accesstoken:"eyJhbGciOiJIUzI1NiJ9.eyJyb2xlcyI6IlNVUEVSX0FETUlOIiwidXNlcklkIjoxLCJlbmFibGVkIjp0cnVlLCJ1c2VybmFtZSI6InN1cGVyYWRtaW5AY2hlcmlzaHguY29tIiwiYWNjb3VudE5vbkxvY2tlZCI6dHJ1ZSwic3ViIjoic3VwZXJhZG1pbkBjaGVyaXNoeC5jb20iLCJpYXQiOjE3OTE0NjgzMjEsImV4cCI6MTc5MTU1NDcyMSwiaXNzIjoibW9tZW50LWZvcmV2ZXItYXBwIiwiYXVkIjoibW9tZW50LWZvcmV2ZXItY2xpZW50In0.MSh7MAgomTQN20GrkE0ylIFKJcho7PbSp53bCRBE2-Y", sec-ch-ua-mobile:"?0", x-requested-with:"XMLHttpRequest", x-pm-header:"[object Object]", accept:"application/json", user-agent:"Mozilla/5.0 (Windows NT 10.0; Win64; x64) AppleWebKit/537.36 (KHTML, like Gecko) Chrome/154.0.0.0 Safari/537.36 Edg/154.0.0.0", sec-fetch-site:"same-origin", sec-fetch-mode:"cors", sec-fetch-dest:"empty", referer:"http://localhost:5173/admin/locations", accept-encoding:"gzip, deflate, br, zstd", accept-language:"en-GB,en;q=0.9,en-US;q=0.8,en-IN;q=0.7", X-User-Id:"1", X-User-Roles:"SUPER_ADMIN", Forwarded:"proto=http;host="localhost:8086";for="[0:0:0:0:0:0:0:1]:62905"", X-Forwarded-For:"0:0:0:0:0:0:0:1", X-Forwarded-Proto:"http", X-Forwarded-Prefix:"/api", X-Forwarded-Port:"8086", X-Forwarded-Host:"localhost:8086"]
2026-10-08 19:35:36.073 [boundedElastic-4] [39mDEBUG[0;39m [36mo.s.c.g.f.h.o.ObservedRequestHttpHeadersFilter[0;39m - Will instrument the HTTP request headers [host:"localhost:8086", sec-ch-ua-platform:""Windows"", authorization:"Bearer eyJhbGciOiJIUzI1NiJ9.eyJyb2xlcyI6IlNVUEVSX0FETUlOIiwidXNlcklkIjoxLCJlbmFibGVkIjp0cnVlLCJ1c2VybmFtZSI6InN1cGVyYWRtaW5AY2hlcmlzaHguY29tIiwiYWNjb3VudE5vbkxvY2tlZCI6dHJ1ZSwic3ViIjoic3VwZXJhZG1pbkBjaGVyaXNoeC5jb20iLCJpYXQiOjE3OTE0NjgzMjEsImV4cCI6MTc5MTU1NDcyMSwiaXNzIjoibW9tZW50LWZvcmV2ZXItYXBwIiwiYXVkIjoibW9tZW50LWZvcmV2ZXItY2xpZW50In0.MSh7MAgomTQN20GrkE0ylIFKJcho7PbSp53bCRBE2-Y", sec-ch-ua:""Chromium";v="154", "Microsoft Edge";v="154", "Not A(Brand";v="99"", accesstoken:"eyJhbGciOiJIUzI1NiJ9.eyJyb2xlcyI6IlNVUEVSX0FETUlOIiwidXNlcklkIjoxLCJlbmFibGVkIjp0cnVlLCJ1c2VybmFtZSI6InN1cGVyYWRtaW5AY2hlcmlzaHguY29tIiwiYWNjb3VudE5vbkxvY2tlZCI6dHJ1ZSwic3ViIjoic3VwZXJhZG1pbkBjaGVyaXNoeC5jb20iLCJpYXQiOjE3OTE0NjgzMjEsImV4cCI6MTc5MTU1NDcyMSwiaXNzIjoibW9tZW50LWZvcmV2ZXItYXBwIiwiYXVkIjoibW9tZW50LWZvcmV2ZXItY2xpZW50In0.MSh7MAgomTQN20GrkE0ylIFKJcho7PbSp53bCRBE2-Y", sec-ch-ua-mobile:"?0", x-requested-with:"XMLHttpRequest", x-pm-header:"[object Object]", accept:"application/json", user-agent:"Mozilla/5.0 (Windows NT 10.0; Win64; x64) AppleWebKit/537.36 (KHTML, like Gecko) Chrome/154.0.0.0 Safari/537.36 Edg/154.0.0.0", sec-fetch-site:"same-origin", sec-fetch-mode:"cors", sec-fetch-dest:"empty", referer:"http://localhost:5173/admin/locations", accept-encoding:"gzip, deflate, br, zstd", accept-language:"en-GB,en;q=0.9,en-US;q=0.8,en-IN;q=0.7", X-User-Id:"1", X-User-Roles:"SUPER_ADMIN", Forwarded:"proto=http;host="localhost:8086";for="[0:0:0:0:0:0:0:1]:62907"", X-Forwarded-For:"0:0:0:0:0:0:0:1", X-Forwarded-Proto:"http", X-Forwarded-Prefix:"/api", X-Forwarded-Port:"8086", X-Forwarded-Host:"localhost:8086"]
2026-10-08 19:35:36.073 [boundedElastic-8] [39mDEBUG[0;39m [36mo.s.c.g.f.h.o.ObservedRequestHttpHeadersFilter[0;39m - Will instrument the HTTP request headers [host:"localhost:8086", sec-ch-ua-platform:""Windows"", authorization:"Bearer eyJhbGciOiJIUzI1NiJ9.eyJyb2xlcyI6IlNVUEVSX0FETUlOIiwidXNlcklkIjoxLCJlbmFibGVkIjp0cnVlLCJ1c2VybmFtZSI6InN1cGVyYWRtaW5AY2hlcmlzaHguY29tIiwiYWNjb3VudE5vbkxvY2tlZCI6dHJ1ZSwic3ViIjoic3VwZXJhZG1pbkBjaGVyaXNoeC5jb20iLCJpYXQiOjE3OTE0NjgzMjEsImV4cCI6MTc5MTU1NDcyMSwiaXNzIjoibW9tZW50LWZvcmV2ZXItYXBwIiwiYXVkIjoibW9tZW50LWZvcmV2ZXItY2xpZW50In0.MSh7MAgomTQN20GrkE0ylIFKJcho7PbSp53bCRBE2-Y", sec-ch-ua:""Chromium";v="154", "Microsoft Edge";v="154", "Not A(Brand";v="99"", accesstoken:"eyJhbGciOiJIUzI1NiJ9.eyJyb2xlcyI6IlNVUEVSX0FETUlOIiwidXNlcklkIjoxLCJlbmFibGVkIjp0cnVlLCJ1c2VybmFtZSI6InN1cGVyYWRtaW5AY2hlcmlzaHguY29tIiwiYWNjb3VudE5vbkxvY2tlZCI6dHJ1ZSwic3ViIjoic3VwZXJhZG1pbkBjaGVyaXNoeC5jb20iLCJpYXQiOjE3OTE0NjgzMjEsImV4cCI6MTc5MTU1NDcyMSwiaXNzIjoibW9tZW50LWZvcmV2ZXItYXBwIiwiYXVkIjoibW9tZW50LWZvcmV2ZXItY2xpZW50In0.MSh7MAgomTQN20GrkE0ylIFKJcho7PbSp53bCRBE2-Y", sec-ch-ua-mobile:"?0", x-requested-with:"XMLHttpRequest", x-pm-header:"[object Object]", accept:"application/json", user-agent:"Mozilla/5.0 (Windows NT 10.0; Win64; x64) AppleWebKit/537.36 (KHTML, like Gecko) Chrome/154.0.0.0 Safari/537.36 Edg/154.0.0.0", sec-fetch-site:"same-origin", sec-fetch-mode:"cors", sec-fetch-dest:"empty", referer:"http://localhost:5173/admin/locations", accept-encoding:"gzip, deflate, br, zstd", accept-language:"en-GB,en;q=0.9,en-US;q=0.8,en-IN;q=0.7", X-User-Id:"1", X-User-Roles:"SUPER_ADMIN", Forwarded:"proto=http;host="localhost:8086";for="[0:0:0:0:0:0:0:1]:62906"", X-Forwarded-For:"0:0:0:0:0:0:0:1", X-Forwarded-Proto:"http", X-Forwarded-Prefix:"/api", X-Forwarded-Port:"8086", X-Forwarded-Host:"localhost:8086"]
2026-10-08 19:35:36.074 [boundedElastic-4] [39mDEBUG[0;39m [36mo.s.c.g.f.h.o.ObservedRequestHttpHeadersFilter[0;39m - Client observation  {name=http.client.requests(null), error=null, context=name='http.client.requests', contextualName='null', error='null', lowCardinalityKeyValues=[http.method='GET', http.status_code='UNKNOWN', spring.cloud.gateway.route.id='platform-admin', spring.cloud.gateway.route.uri='lb://MOMENT-FOREVER-PLATFORM'], highCardinalityKeyValues=[http.uri='http://localhost:8086/platform/admin/categories'], map=[class io.micrometer.core.instrument.Timer$Sample='io.micrometer.core.instrument.Timer$Sample@5caca40c', class io.micrometer.core.instrument.LongTaskTimer$Sample='SampleImpl{duration(seconds)=1.561E-4, duration(nanos)=156100.0, startTimeNanos=107341281666200}'], parentObservation={name=http.server.requests(null), error=null, context=name='http.server.requests', contextualName='null', error='null', lowCardinalityKeyValues=[exception='none', method='GET', outcome='SUCCESS', status='200', uri='UNKNOWN'], highCardinalityKeyValues=[http.url='/api/platform/admin/categories'], map=[class io.micrometer.core.instrument.Timer$Sample='io.micrometer.core.instrument.Timer$Sample@438357e', class io.micrometer.core.instrument.LongTaskTimer$Sample='SampleImpl{duration(seconds)=0.0347724, duration(nanos)=3.47724E7, startTimeNanos=107341247217300}'], parentObservation=null}} created for the request. New headers are [host:"localhost:8086", sec-ch-ua-platform:""Windows"", authorization:"Bearer eyJhbGciOiJIUzI1NiJ9.eyJyb2xlcyI6IlNVUEVSX0FETUlOIiwidXNlcklkIjoxLCJlbmFibGVkIjp0cnVlLCJ1c2VybmFtZSI6InN1cGVyYWRtaW5AY2hlcmlzaHguY29tIiwiYWNjb3VudE5vbkxvY2tlZCI6dHJ1ZSwic3ViIjoic3VwZXJhZG1pbkBjaGVyaXNoeC5jb20iLCJpYXQiOjE3OTE0NjgzMjEsImV4cCI6MTc5MTU1NDcyMSwiaXNzIjoibW9tZW50LWZvcmV2ZXItYXBwIiwiYXVkIjoibW9tZW50LWZvcmV2ZXItY2xpZW50In0.MSh7MAgomTQN20GrkE0ylIFKJcho7PbSp53bCRBE2-Y", sec-ch-ua:""Chromium";v="154", "Microsoft Edge";v="154", "Not A(Brand";v="99"", accesstoken:"eyJhbGciOiJIUzI1NiJ9.eyJyb2xlcyI6IlNVUEVSX0FETUlOIiwidXNlcklkIjoxLCJlbmFibGVkIjp0cnVlLCJ1c2VybmFtZSI6InN1cGVyYWRtaW5AY2hlcmlzaHguY29tIiwiYWNjb3VudE5vbkxvY2tlZCI6dHJ1ZSwic3ViIjoic3VwZXJhZG1pbkBjaGVyaXNoeC5jb20iLCJpYXQiOjE3OTE0NjgzMjEsImV4cCI6MTc5MTU1NDcyMSwiaXNzIjoibW9tZW50LWZvcmV2ZXItYXBwIiwiYXVkIjoibW9tZW50LWZvcmV2ZXItY2xpZW50In0.MSh7MAgomTQN20GrkE0ylIFKJcho7PbSp53bCRBE2-Y", sec-ch-ua-mobile:"?0", x-requested-with:"XMLHttpRequest", x-pm-header:"[object Object]", accept:"application/json", user-agent:"Mozilla/5.0 (Windows NT 10.0; Win64; x64) AppleWebKit/537.36 (KHTML, like Gecko) Chrome/154.0.0.0 Safari/537.36 Edg/154.0.0.0", sec-fetch-site:"same-origin", sec-fetch-mode:"cors", sec-fetch-dest:"empty", referer:"http://localhost:5173/admin/locations", accept-encoding:"gzip, deflate, br, zstd", accept-language:"en-GB,en;q=0.9,en-US;q=0.8,en-IN;q=0.7", X-User-Id:"1", X-User-Roles:"SUPER_ADMIN", Forwarded:"proto=http;host="localhost:8086";for="[0:0:0:0:0:0:0:1]:62907"", X-Forwarded-For:"0:0:0:0:0:0:0:1", X-Forwarded-Proto:"http", X-Forwarded-Prefix:"/api", X-Forwarded-Port:"8086", X-Forwarded-Host:"localhost:8086"]
2026-10-08 19:35:36.074 [boundedElastic-8] [39mDEBUG[0;39m [36mo.s.c.g.f.h.o.ObservedRequestHttpHeadersFilter[0;39m - Client observation  {name=http.client.requests(null), error=null, context=name='http.client.requests', contextualName='null', error='null', lowCardinalityKeyValues=[http.method='GET', http.status_code='UNKNOWN', spring.cloud.gateway.route.id='platform-admin', spring.cloud.gateway.route.uri='lb://MOMENT-FOREVER-PLATFORM'], highCardinalityKeyValues=[http.uri='http://localhost:8086/platform/admin/subcategories'], map=[class io.micrometer.core.instrument.Timer$Sample='io.micrometer.core.instrument.Timer$Sample@50ecc78f', class io.micrometer.core.instrument.LongTaskTimer$Sample='SampleImpl{duration(seconds)=1.261E-4, duration(nanos)=126100.0, startTimeNanos=107341281820000}'], parentObservation={name=http.server.requests(null), error=null, context=name='http.server.requests', contextualName='null', error='null', lowCardinalityKeyValues=[exception='none', method='GET', outcome='SUCCESS', status='200', uri='UNKNOWN'], highCardinalityKeyValues=[http.url='/api/platform/admin/subcategories'], map=[class io.micrometer.core.instrument.Timer$Sample='io.micrometer.core.instrument.Timer$Sample@3fecdfa0', class io.micrometer.core.instrument.LongTaskTimer$Sample='SampleImpl{duration(seconds)=0.0350359, duration(nanos)=3.50359E7, startTimeNanos=107341247153400}'], parentObservation=null}} created for the request. New headers are [host:"localhost:8086", sec-ch-ua-platform:""Windows"", authorization:"Bearer eyJhbGciOiJIUzI1NiJ9.eyJyb2xlcyI6IlNVUEVSX0FETUlOIiwidXNlcklkIjoxLCJlbmFibGVkIjp0cnVlLCJ1c2VybmFtZSI6InN1cGVyYWRtaW5AY2hlcmlzaHguY29tIiwiYWNjb3VudE5vbkxvY2tlZCI6dHJ1ZSwic3ViIjoic3VwZXJhZG1pbkBjaGVyaXNoeC5jb20iLCJpYXQiOjE3OTE0NjgzMjEsImV4cCI6MTc5MTU1NDcyMSwiaXNzIjoibW9tZW50LWZvcmV2ZXItYXBwIiwiYXVkIjoibW9tZW50LWZvcmV2ZXItY2xpZW50In0.MSh7MAgomTQN20GrkE0ylIFKJcho7PbSp53bCRBE2-Y", sec-ch-ua:""Chromium";v="154", "Microsoft Edge";v="154", "Not A(Brand";v="99"", accesstoken:"eyJhbGciOiJIUzI1NiJ9.eyJyb2xlcyI6IlNVUEVSX0FETUlOIiwidXNlcklkIjoxLCJlbmFibGVkIjp0cnVlLCJ1c2VybmFtZSI6InN1cGVyYWRtaW5AY2hlcmlzaHguY29tIiwiYWNjb3VudE5vbkxvY2tlZCI6dHJ1ZSwic3ViIjoic3VwZXJhZG1pbkBjaGVyaXNoeC5jb20iLCJpYXQiOjE3OTE0NjgzMjEsImV4cCI6MTc5MTU1NDcyMSwiaXNzIjoibW9tZW50LWZvcmV2ZXItYXBwIiwiYXVkIjoibW9tZW50LWZvcmV2ZXItY2xpZW50In0.MSh7MAgomTQN20GrkE0ylIFKJcho7PbSp53bCRBE2-Y", sec-ch-ua-mobile:"?0", x-requested-with:"XMLHttpRequest", x-pm-header:"[object Object]", accept:"application/json", user-agent:"Mozilla/5.0 (Windows NT 10.0; Win64; x64) AppleWebKit/537.36 (KHTML, like Gecko) Chrome/154.0.0.0 Safari/537.36 Edg/154.0.0.0", sec-fetch-site:"same-origin", sec-fetch-mode:"cors", sec-fetch-dest:"empty", referer:"http://localhost:5173/admin/locations", accept-encoding:"gzip, deflate, br, zstd", accept-language:"en-GB,en;q=0.9,en-US;q=0.8,en-IN;q=0.7", X-User-Id:"1", X-User-Roles:"SUPER_ADMIN", Forwarded:"proto=http;host="localhost:8086";for="[0:0:0:0:0:0:0:1]:62906"", X-Forwarded-For:"0:0:0:0:0:0:0:1", X-Forwarded-Proto:"http", X-Forwarded-Prefix:"/api", X-Forwarded-Port:"8086", X-Forwarded-Host:"localhost:8086"]
2026-10-08 19:35:36.129 [reactor-http-nio-10] [39mDEBUG[0;39m [36mo.s.c.g.f.h.o.ObservedResponseHttpHeadersFilter[0;39m - Will instrument the response
2026-10-08 19:35:36.130 [reactor-http-nio-10] [39mDEBUG[0;39m [36mo.s.c.g.f.h.o.ObservedResponseHttpHeadersFilter[0;39m - The response was handled for observation {name=http.client.requests(null), error=null, context=name='http.client.requests', contextualName='null', error='null', lowCardinalityKeyValues=[http.method='GET', http.status_code='UNKNOWN', spring.cloud.gateway.route.id='platform-admin', spring.cloud.gateway.route.uri='lb://MOMENT-FOREVER-PLATFORM'], highCardinalityKeyValues=[http.uri='http://localhost:8086/platform/admin/subcategories'], map=[class io.micrometer.core.instrument.Timer$Sample='io.micrometer.core.instrument.Timer$Sample@50ecc78f', class io.micrometer.core.instrument.LongTaskTimer$Sample='SampleImpl{duration(seconds)=0.0569027, duration(nanos)=5.69027E7, startTimeNanos=107341281820000}'], parentObservation={name=http.server.requests(null), error=null, context=name='http.server.requests', contextualName='null', error='null', lowCardinalityKeyValues=[exception='none', method='GET', outcome='SUCCESS', status='200', uri='UNKNOWN'], highCardinalityKeyValues=[http.url='/api/platform/admin/subcategories'], map=[class io.micrometer.core.instrument.Timer$Sample='io.micrometer.core.instrument.Timer$Sample@3fecdfa0', class io.micrometer.core.instrument.LongTaskTimer$Sample='SampleImpl{duration(seconds)=0.0916769, duration(nanos)=9.16769E7, startTimeNanos=107341247153400}'], parentObservation=null}}
2026-10-08 19:35:36.131 [reactor-http-nio-10] [34mINFO [0;39m [36mc.f.M.f.GatewayRequestLoggingFilter[0;39m - GATEWAY_REQUEST method=GET path=/platform/admin/subcategories routeId=platform-admin target=lb://MOMENT-FOREVER-PLATFORM status=200 durationMs=59 signal=onComplete
2026-10-08 19:35:36.140 [reactor-http-nio-11] [39mDEBUG[0;39m [36mo.s.c.g.f.h.o.ObservedResponseHttpHeadersFilter[0;39m - Will instrument the response
2026-10-08 19:35:36.141 [reactor-http-nio-11] [39mDEBUG[0;39m [36mo.s.c.g.f.h.o.ObservedResponseHttpHeadersFilter[0;39m - The response was handled for observation {name=http.client.requests(null), error=null, context=name='http.client.requests', contextualName='null', error='null', lowCardinalityKeyValues=[http.method='GET', http.status_code='UNKNOWN', spring.cloud.gateway.route.id='platform-admin', spring.cloud.gateway.route.uri='lb://MOMENT-FOREVER-PLATFORM'], highCardinalityKeyValues=[http.uri='http://localhost:8086/platform/admin/locations'], map=[class io.micrometer.core.instrument.Timer$Sample='io.micrometer.core.instrument.Timer$Sample@42d4a7d5', class io.micrometer.core.instrument.LongTaskTimer$Sample='SampleImpl{duration(seconds)=0.0778537, duration(nanos)=7.78537E7, startTimeNanos=107341271286000}'], parentObservation={name=http.server.requests(null), error=null, context=name='http.server.requests', contextualName='null', error='null', lowCardinalityKeyValues=[exception='none', method='GET', outcome='SUCCESS', status='200', uri='UNKNOWN'], highCardinalityKeyValues=[http.url='/api/platform/admin/locations'], map=[class io.micrometer.core.instrument.Timer$Sample='io.micrometer.core.instrument.Timer$Sample@1cbec6d8', class io.micrometer.core.instrument.LongTaskTimer$Sample='SampleImpl{duration(seconds)=0.1064178, duration(nanos)=1.064178E8, startTimeNanos=107341242803900}'], parentObservation=null}}
2026-10-08 19:35:36.141 [reactor-http-nio-11] [34mINFO [0;39m [36mc.f.M.f.GatewayRequestLoggingFilter[0;39m - GATEWAY_REQUEST method=GET path=/platform/admin/locations routeId=platform-admin target=lb://MOMENT-FOREVER-PLATFORM status=200 durationMs=79 signal=onComplete
2026-10-08 19:35:36.151 [reactor-http-nio-9] [39mDEBUG[0;39m [36mo.s.c.g.f.h.o.ObservedResponseHttpHeadersFilter[0;39m - Will instrument the response
2026-10-08 19:35:36.152 [reactor-http-nio-9] [39mDEBUG[0;39m [36mo.s.c.g.f.h.o.ObservedResponseHttpHeadersFilter[0;39m - The response was handled for observation {name=http.client.requests(null), error=null, context=name='http.client.requests', contextualName='null', error='null', lowCardinalityKeyValues=[http.method='GET', http.status_code='UNKNOWN', spring.cloud.gateway.route.id='platform-admin', spring.cloud.gateway.route.uri='lb://MOMENT-FOREVER-PLATFORM'], highCardinalityKeyValues=[http.uri='http://localhost:8086/platform/admin/categories'], map=[class io.micrometer.core.instrument.Timer$Sample='io.micrometer.core.instrument.Timer$Sample@5caca40c', class io.micrometer.core.instrument.LongTaskTimer$Sample='SampleImpl{duration(seconds)=0.0779455, duration(nanos)=7.79455E7, startTimeNanos=107341281666200}'], parentObservation={name=http.server.requests(null), error=null, context=name='http.server.requests', contextualName='null', error='null', lowCardinalityKeyValues=[exception='none', method='GET', outcome='SUCCESS', status='200', uri='UNKNOWN'], highCardinalityKeyValues=[http.url='/api/platform/admin/categories'], map=[class io.micrometer.core.instrument.Timer$Sample='io.micrometer.core.instrument.Timer$Sample@438357e', class io.micrometer.core.instrument.LongTaskTimer$Sample='SampleImpl{duration(seconds)=0.1125335, duration(nanos)=1.125335E8, startTimeNanos=107341247217300}'], parentObservation=null}}
2026-10-08 19:35:36.152 [reactor-http-nio-9] [34mINFO [0;39m [36mc.f.M.f.GatewayRequestLoggingFilter[0;39m - GATEWAY_REQUEST method=GET path=/platform/admin/categories routeId=platform-admin target=lb://MOMENT-FOREVER-PLATFORM status=200 durationMs=80 signal=onComplete
2026-10-08 19:35:38.285 [reactor-http-nio-11] [39mDEBUG[0;39m [36mo.s.c.g.h.RoutePredicateHandlerMapping[0;39m - Route matched: platform-admin
2026-10-08 19:35:38.286 [reactor-http-nio-11] [39mDEBUG[0;39m [36mo.s.c.g.h.RoutePredicateHandlerMapping[0;39m - Mapping [Exchange: GET http://localhost:8086/api/platform/admin/locations/1/subcategories] to Route{id='platform-admin', uri=lb://MOMENT-FOREVER-PLATFORM, order=0, predicate=Paths: [/api/platform/admin/**], match trailing slash: true, gatewayFilters=[[[StripPrefix parts = 1], order = 1]], metadata={requires-auth=true}}
2026-10-08 19:35:38.286 [reactor-http-nio-11] [39mDEBUG[0;39m [36mo.s.c.g.h.RoutePredicateHandlerMapping[0;39m - [6bafd23d-141] Mapped to org.springframework.cloud.gateway.handler.FilteringWebHandler@3f7c6365
2026-10-08 19:35:38.286 [reactor-http-nio-11] [39mDEBUG[0;39m [36mo.s.c.g.handler.FilteringWebHandler[0;39m - Sorted gatewayFilterFactories: [[GatewayFilterAdapter{delegate=org.springframework.cloud.gateway.filter.RemoveCachedBodyFilter@7227926b}, order = -2147483648], [GatewayFilterAdapter{delegate=org.springframework.cloud.gateway.filter.AdaptCachedBodyGlobalFilter@79617c3d}, order = -2147482648], [GatewayFilterAdapter{delegate=com.forvmom.MomentForeverAPIGateway.filter.JwtAuthenticationFilter@35a9e665}, order = -1], [GatewayFilterAdapter{delegate=org.springframework.cloud.gateway.filter.NettyWriteResponseFilter@1b632442}, order = -1], [GatewayFilterAdapter{delegate=org.springframework.cloud.gateway.filter.ForwardPathFilter@57a982f9}, order = 0], [GatewayFilterAdapter{delegate=org.springframework.cloud.gateway.filter.GatewayMetricsFilter@1b69fc07}, order = 0], [[StripPrefix parts = 1], order = 1], [GatewayFilterAdapter{delegate=org.springframework.cloud.gateway.filter.RouteToRequestUrlFilter@2f75a9b1}, order = 10000], [GatewayFilterAdapter{delegate=org.springframework.cloud.gateway.filter.ReactiveLoadBalancerClientFilter@362be0cd}, order = 10150], [GatewayFilterAdapter{delegate=org.springframework.cloud.gateway.filter.LoadBalancerServiceInstanceCookieFilter@2dde0a34}, order = 10151], [GatewayFilterAdapter{delegate=org.springframework.cloud.gateway.filter.WebsocketRoutingFilter@19d3f6ad}, order = 2147483646], [GatewayFilterAdapter{delegate=com.forvmom.MomentForeverAPIGateway.filter.GatewayRequestLoggingFilter@6a04d2a4}, order = 2147483647], [GatewayFilterAdapter{delegate=org.springframework.cloud.gateway.filter.NettyRoutingFilter@61836cd9}, order = 2147483647], [GatewayFilterAdapter{delegate=org.springframework.cloud.gateway.filter.ForwardRoutingFilter@556aed22}, order = 2147483647]]
2026-10-08 19:35:38.288 [reactor-http-nio-12] [39mDEBUG[0;39m [36mo.s.c.g.h.RoutePredicateHandlerMapping[0;39m - Route matched: platform-admin
2026-10-08 19:35:38.288 [reactor-http-nio-12] [39mDEBUG[0;39m [36mo.s.c.g.h.RoutePredicateHandlerMapping[0;39m - Mapping [Exchange: GET http://localhost:8086/api/platform/admin/locations/1/categories] to Route{id='platform-admin', uri=lb://MOMENT-FOREVER-PLATFORM, order=0, predicate=Paths: [/api/platform/admin/**], match trailing slash: true, gatewayFilters=[[[StripPrefix parts = 1], order = 1]], metadata={requires-auth=true}}
2026-10-08 19:35:38.289 [reactor-http-nio-12] [39mDEBUG[0;39m [36mo.s.c.g.h.RoutePredicateHandlerMapping[0;39m - [dba5fdbb-142] Mapped to org.springframework.cloud.gateway.handler.FilteringWebHandler@3f7c6365
2026-10-08 19:35:38.289 [reactor-http-nio-12] [39mDEBUG[0;39m [36mo.s.c.g.handler.FilteringWebHandler[0;39m - Sorted gatewayFilterFactories: [[GatewayFilterAdapter{delegate=org.springframework.cloud.gateway.filter.RemoveCachedBodyFilter@7227926b}, order = -2147483648], [GatewayFilterAdapter{delegate=org.springframework.cloud.gateway.filter.AdaptCachedBodyGlobalFilter@79617c3d}, order = -2147482648], [GatewayFilterAdapter{delegate=com.forvmom.MomentForeverAPIGateway.filter.JwtAuthenticationFilter@35a9e665}, order = -1], [GatewayFilterAdapter{delegate=org.springframework.cloud.gateway.filter.NettyWriteResponseFilter@1b632442}, order = -1], [GatewayFilterAdapter{delegate=org.springframework.cloud.gateway.filter.ForwardPathFilter@57a982f9}, order = 0], [GatewayFilterAdapter{delegate=org.springframework.cloud.gateway.filter.GatewayMetricsFilter@1b69fc07}, order = 0], [[StripPrefix parts = 1], order = 1], [GatewayFilterAdapter{delegate=org.springframework.cloud.gateway.filter.RouteToRequestUrlFilter@2f75a9b1}, order = 10000], [GatewayFilterAdapter{delegate=org.springframework.cloud.gateway.filter.ReactiveLoadBalancerClientFilter@362be0cd}, order = 10150], [GatewayFilterAdapter{delegate=org.springframework.cloud.gateway.filter.LoadBalancerServiceInstanceCookieFilter@2dde0a34}, order = 10151], [GatewayFilterAdapter{delegate=org.springframework.cloud.gateway.filter.WebsocketRoutingFilter@19d3f6ad}, order = 2147483646], [GatewayFilterAdapter{delegate=com.forvmom.MomentForeverAPIGateway.filter.GatewayRequestLoggingFilter@6a04d2a4}, order = 2147483647], [GatewayFilterAdapter{delegate=org.springframework.cloud.gateway.filter.NettyRoutingFilter@61836cd9}, order = 2147483647], [GatewayFilterAdapter{delegate=org.springframework.cloud.gateway.filter.ForwardRoutingFilter@556aed22}, order = 2147483647]]
2026-10-08 19:35:38.310 [reactor-http-nio-11] [39mDEBUG[0;39m [36mo.s.c.g.f.h.o.ObservedRequestHttpHeadersFilter[0;39m - Will instrument the HTTP request headers [host:"localhost:8086", sec-ch-ua-platform:""Windows"", authorization:"Bearer eyJhbGciOiJIUzI1NiJ9.eyJyb2xlcyI6IlNVUEVSX0FETUlOIiwidXNlcklkIjoxLCJlbmFibGVkIjp0cnVlLCJ1c2VybmFtZSI6InN1cGVyYWRtaW5AY2hlcmlzaHguY29tIiwiYWNjb3VudE5vbkxvY2tlZCI6dHJ1ZSwic3ViIjoic3VwZXJhZG1pbkBjaGVyaXNoeC5jb20iLCJpYXQiOjE3OTE0NjgzMjEsImV4cCI6MTc5MTU1NDcyMSwiaXNzIjoibW9tZW50LWZvcmV2ZXItYXBwIiwiYXVkIjoibW9tZW50LWZvcmV2ZXItY2xpZW50In0.MSh7MAgomTQN20GrkE0ylIFKJcho7PbSp53bCRBE2-Y", sec-ch-ua:""Chromium";v="154", "Microsoft Edge";v="154", "Not A(Brand";v="99"", accesstoken:"eyJhbGciOiJIUzI1NiJ9.eyJyb2xlcyI6IlNVUEVSX0FETUlOIiwidXNlcklkIjoxLCJlbmFibGVkIjp0cnVlLCJ1c2VybmFtZSI6InN1cGVyYWRtaW5AY2hlcmlzaHguY29tIiwiYWNjb3VudE5vbkxvY2tlZCI6dHJ1ZSwic3ViIjoic3VwZXJhZG1pbkBjaGVyaXNoeC5jb20iLCJpYXQiOjE3OTE0NjgzMjEsImV4cCI6MTc5MTU1NDcyMSwiaXNzIjoibW9tZW50LWZvcmV2ZXItYXBwIiwiYXVkIjoibW9tZW50LWZvcmV2ZXItY2xpZW50In0.MSh7MAgomTQN20GrkE0ylIFKJcho7PbSp53bCRBE2-Y", sec-ch-ua-mobile:"?0", x-requested-with:"XMLHttpRequest", x-pm-header:"[object Object]", accept:"application/json", user-agent:"Mozilla/5.0 (Windows NT 10.0; Win64; x64) AppleWebKit/537.36 (KHTML, like Gecko) Chrome/154.0.0.0 Safari/537.36 Edg/154.0.0.0", sec-fetch-site:"same-origin", sec-fetch-mode:"cors", sec-fetch-dest:"empty", referer:"http://localhost:5173/admin/locations", accept-encoding:"gzip, deflate, br, zstd", accept-language:"en-GB,en;q=0.9,en-US;q=0.8,en-IN;q=0.7", X-User-Id:"1", X-User-Roles:"SUPER_ADMIN", Forwarded:"proto=http;host="localhost:8086";for="[0:0:0:0:0:0:0:1]:64427"", X-Forwarded-For:"0:0:0:0:0:0:0:1", X-Forwarded-Proto:"http", X-Forwarded-Prefix:"/api", X-Forwarded-Port:"8086", X-Forwarded-Host:"localhost:8086"]
2026-10-08 19:35:38.311 [reactor-http-nio-11] [39mDEBUG[0;39m [36mo.s.c.g.f.h.o.ObservedRequestHttpHeadersFilter[0;39m - Client observation  {name=http.client.requests(null), error=null, context=name='http.client.requests', contextualName='null', error='null', lowCardinalityKeyValues=[http.method='GET', http.status_code='UNKNOWN', spring.cloud.gateway.route.id='platform-admin', spring.cloud.gateway.route.uri='lb://MOMENT-FOREVER-PLATFORM'], highCardinalityKeyValues=[http.uri='http://localhost:8086/platform/admin/locations/1/subcategories'], map=[class io.micrometer.core.instrument.Timer$Sample='io.micrometer.core.instrument.Timer$Sample@4355e1da', class io.micrometer.core.instrument.LongTaskTimer$Sample='SampleImpl{duration(seconds)=7.79E-5, duration(nanos)=77900.0, startTimeNanos=107343519701500}'], parentObservation={name=http.server.requests(null), error=null, context=name='http.server.requests', contextualName='null', error='null', lowCardinalityKeyValues=[exception='none', method='GET', outcome='SUCCESS', status='200', uri='UNKNOWN'], highCardinalityKeyValues=[http.url='/api/platform/admin/locations/1/subcategories'], map=[class io.micrometer.core.instrument.Timer$Sample='io.micrometer.core.instrument.Timer$Sample@76607d9c', class io.micrometer.core.instrument.LongTaskTimer$Sample='SampleImpl{duration(seconds)=0.0264992, duration(nanos)=2.64992E7, startTimeNanos=107343493365300}'], parentObservation=null}} created for the request. New headers are [host:"localhost:8086", sec-ch-ua-platform:""Windows"", authorization:"Bearer eyJhbGciOiJIUzI1NiJ9.eyJyb2xlcyI6IlNVUEVSX0FETUlOIiwidXNlcklkIjoxLCJlbmFibGVkIjp0cnVlLCJ1c2VybmFtZSI6InN1cGVyYWRtaW5AY2hlcmlzaHguY29tIiwiYWNjb3VudE5vbkxvY2tlZCI6dHJ1ZSwic3ViIjoic3VwZXJhZG1pbkBjaGVyaXNoeC5jb20iLCJpYXQiOjE3OTE0NjgzMjEsImV4cCI6MTc5MTU1NDcyMSwiaXNzIjoibW9tZW50LWZvcmV2ZXItYXBwIiwiYXVkIjoibW9tZW50LWZvcmV2ZXItY2xpZW50In0.MSh7MAgomTQN20GrkE0ylIFKJcho7PbSp53bCRBE2-Y", sec-ch-ua:""Chromium";v="154", "Microsoft Edge";v="154", "Not A(Brand";v="99"", accesstoken:"eyJhbGciOiJIUzI1NiJ9.eyJyb2xlcyI6IlNVUEVSX0FETUlOIiwidXNlcklkIjoxLCJlbmFibGVkIjp0cnVlLCJ1c2VybmFtZSI6InN1cGVyYWRtaW5AY2hlcmlzaHguY29tIiwiYWNjb3VudE5vbkxvY2tlZCI6dHJ1ZSwic3ViIjoic3VwZXJhZG1pbkBjaGVyaXNoeC5jb20iLCJpYXQiOjE3OTE0NjgzMjEsImV4cCI6MTc5MTU1NDcyMSwiaXNzIjoibW9tZW50LWZvcmV2ZXItYXBwIiwiYXVkIjoibW9tZW50LWZvcmV2ZXItY2xpZW50In0.MSh7MAgomTQN20GrkE0ylIFKJcho7PbSp53bCRBE2-Y", sec-ch-ua-mobile:"?0", x-requested-with:"XMLHttpRequest", x-pm-header:"[object Object]", accept:"application/json", user-agent:"Mozilla/5.0 (Windows NT 10.0; Win64; x64) AppleWebKit/537.36 (KHTML, like Gecko) Chrome/154.0.0.0 Safari/537.36 Edg/154.0.0.0", sec-fetch-site:"same-origin", sec-fetch-mode:"cors", sec-fetch-dest:"empty", referer:"http://localhost:5173/admin/locations", accept-encoding:"gzip, deflate, br, zstd", accept-language:"en-GB,en;q=0.9,en-US;q=0.8,en-IN;q=0.7", X-User-Id:"1", X-User-Roles:"SUPER_ADMIN", Forwarded:"proto=http;host="localhost:8086";for="[0:0:0:0:0:0:0:1]:64427"", X-Forwarded-For:"0:0:0:0:0:0:0:1", X-Forwarded-Proto:"http", X-Forwarded-Prefix:"/api", X-Forwarded-Port:"8086", X-Forwarded-Host:"localhost:8086"]
2026-10-08 19:35:38.311 [reactor-http-nio-12] [39mDEBUG[0;39m [36mo.s.c.g.f.h.o.ObservedRequestHttpHeadersFilter[0;39m - Will instrument the HTTP request headers [host:"localhost:8086", sec-ch-ua-platform:""Windows"", authorization:"Bearer eyJhbGciOiJIUzI1NiJ9.eyJyb2xlcyI6IlNVUEVSX0FETUlOIiwidXNlcklkIjoxLCJlbmFibGVkIjp0cnVlLCJ1c2VybmFtZSI6InN1cGVyYWRtaW5AY2hlcmlzaHguY29tIiwiYWNjb3VudE5vbkxvY2tlZCI6dHJ1ZSwic3ViIjoic3VwZXJhZG1pbkBjaGVyaXNoeC5jb20iLCJpYXQiOjE3OTE0NjgzMjEsImV4cCI6MTc5MTU1NDcyMSwiaXNzIjoibW9tZW50LWZvcmV2ZXItYXBwIiwiYXVkIjoibW9tZW50LWZvcmV2ZXItY2xpZW50In0.MSh7MAgomTQN20GrkE0ylIFKJcho7PbSp53bCRBE2-Y", sec-ch-ua:""Chromium";v="154", "Microsoft Edge";v="154", "Not A(Brand";v="99"", accesstoken:"eyJhbGciOiJIUzI1NiJ9.eyJyb2xlcyI6IlNVUEVSX0FETUlOIiwidXNlcklkIjoxLCJlbmFibGVkIjp0cnVlLCJ1c2VybmFtZSI6InN1cGVyYWRtaW5AY2hlcmlzaHguY29tIiwiYWNjb3VudE5vbkxvY2tlZCI6dHJ1ZSwic3ViIjoic3VwZXJhZG1pbkBjaGVyaXNoeC5jb20iLCJpYXQiOjE3OTE0NjgzMjEsImV4cCI6MTc5MTU1NDcyMSwiaXNzIjoibW9tZW50LWZvcmV2ZXItYXBwIiwiYXVkIjoibW9tZW50LWZvcmV2ZXItY2xpZW50In0.MSh7MAgomTQN20GrkE0ylIFKJcho7PbSp53bCRBE2-Y", sec-ch-ua-mobile:"?0", x-requested-with:"XMLHttpRequest", x-pm-header:"[object Object]", accept:"application/json", user-agent:"Mozilla/5.0 (Windows NT 10.0; Win64; x64) AppleWebKit/537.36 (KHTML, like Gecko) Chrome/154.0.0.0 Safari/537.36 Edg/154.0.0.0", sec-fetch-site:"same-origin", sec-fetch-mode:"cors", sec-fetch-dest:"empty", referer:"http://localhost:5173/admin/locations", accept-encoding:"gzip, deflate, br, zstd", accept-language:"en-GB,en;q=0.9,en-US;q=0.8,en-IN;q=0.7", X-User-Id:"1", X-User-Roles:"SUPER_ADMIN", Forwarded:"proto=http;host="localhost:8086";for="[0:0:0:0:0:0:0:1]:64428"", X-Forwarded-For:"0:0:0:0:0:0:0:1", X-Forwarded-Proto:"http", X-Forwarded-Prefix:"/api", X-Forwarded-Port:"8086", X-Forwarded-Host:"localhost:8086"]
2026-10-08 19:35:38.312 [reactor-http-nio-12] [39mDEBUG[0;39m [36mo.s.c.g.f.h.o.ObservedRequestHttpHeadersFilter[0;39m - Client observation  {name=http.client.requests(null), error=null, context=name='http.client.requests', contextualName='null', error='null', lowCardinalityKeyValues=[http.method='GET', http.status_code='UNKNOWN', spring.cloud.gateway.route.id='platform-admin', spring.cloud.gateway.route.uri='lb://MOMENT-FOREVER-PLATFORM'], highCardinalityKeyValues=[http.uri='http://localhost:8086/platform/admin/locations/1/categories'], map=[class io.micrometer.core.instrument.Timer$Sample='io.micrometer.core.instrument.Timer$Sample@1a418e69', class io.micrometer.core.instrument.LongTaskTimer$Sample='SampleImpl{duration(seconds)=6.18E-5, duration(nanos)=61800.0, startTimeNanos=107343520297000}'], parentObservation={name=http.server.requests(null), error=null, context=name='http.server.requests', contextualName='null', error='null', lowCardinalityKeyValues=[exception='none', method='GET', outcome='SUCCESS', status='200', uri='UNKNOWN'], highCardinalityKeyValues=[http.url='/api/platform/admin/locations/1/categories'], map=[class io.micrometer.core.instrument.Timer$Sample='io.micrometer.core.instrument.Timer$Sample@6650f22e', class io.micrometer.core.instrument.LongTaskTimer$Sample='SampleImpl{duration(seconds)=0.0243353, duration(nanos)=2.43353E7, startTimeNanos=107343496097600}'], parentObservation=null}} created for the request. New headers are [host:"localhost:8086", sec-ch-ua-platform:""Windows"", authorization:"Bearer eyJhbGciOiJIUzI1NiJ9.eyJyb2xlcyI6IlNVUEVSX0FETUlOIiwidXNlcklkIjoxLCJlbmFibGVkIjp0cnVlLCJ1c2VybmFtZSI6InN1cGVyYWRtaW5AY2hlcmlzaHguY29tIiwiYWNjb3VudE5vbkxvY2tlZCI6dHJ1ZSwic3ViIjoic3VwZXJhZG1pbkBjaGVyaXNoeC5jb20iLCJpYXQiOjE3OTE0NjgzMjEsImV4cCI6MTc5MTU1NDcyMSwiaXNzIjoibW9tZW50LWZvcmV2ZXItYXBwIiwiYXVkIjoibW9tZW50LWZvcmV2ZXItY2xpZW50In0.MSh7MAgomTQN20GrkE0ylIFKJcho7PbSp53bCRBE2-Y", sec-ch-ua:""Chromium";v="154", "Microsoft Edge";v="154", "Not A(Brand";v="99"", accesstoken:"eyJhbGciOiJIUzI1NiJ9.eyJyb2xlcyI6IlNVUEVSX0FETUlOIiwidXNlcklkIjoxLCJlbmFibGVkIjp0cnVlLCJ1c2VybmFtZSI6InN1cGVyYWRtaW5AY2hlcmlzaHguY29tIiwiYWNjb3VudE5vbkxvY2tlZCI6dHJ1ZSwic3ViIjoic3VwZXJhZG1pbkBjaGVyaXNoeC5jb20iLCJpYXQiOjE3OTE0NjgzMjEsImV4cCI6MTc5MTU1NDcyMSwiaXNzIjoibW9tZW50LWZvcmV2ZXItYXBwIiwiYXVkIjoibW9tZW50LWZvcmV2ZXItY2xpZW50In0.MSh7MAgomTQN20GrkE0ylIFKJcho7PbSp53bCRBE2-Y", sec-ch-ua-mobile:"?0", x-requested-with:"XMLHttpRequest", x-pm-header:"[object Object]", accept:"application/json", user-agent:"Mozilla/5.0 (Windows NT 10.0; Win64; x64) AppleWebKit/537.36 (KHTML, like Gecko) Chrome/154.0.0.0 Safari/537.36 Edg/154.0.0.0", sec-fetch-site:"same-origin", sec-fetch-mode:"cors", sec-fetch-dest:"empty", referer:"http://localhost:5173/admin/locations", accept-encoding:"gzip, deflate, br, zstd", accept-language:"en-GB,en;q=0.9,en-US;q=0.8,en-IN;q=0.7", X-User-Id:"1", X-User-Roles:"SUPER_ADMIN", Forwarded:"proto=http;host="localhost:8086";for="[0:0:0:0:0:0:0:1]:64428"", X-Forwarded-For:"0:0:0:0:0:0:0:1", X-Forwarded-Proto:"http", X-Forwarded-Prefix:"/api", X-Forwarded-Port:"8086", X-Forwarded-Host:"localhost:8086"]
2026-10-08 19:35:38.362 [reactor-http-nio-11] [39mDEBUG[0;39m [36mo.s.c.g.f.h.o.ObservedResponseHttpHeadersFilter[0;39m - Will instrument the response
2026-10-08 19:35:38.363 [reactor-http-nio-11] [39mDEBUG[0;39m [36mo.s.c.g.f.h.o.ObservedResponseHttpHeadersFilter[0;39m - The response was handled for observation {name=http.client.requests(null), error=null, context=name='http.client.requests', contextualName='null', error='null', lowCardinalityKeyValues=[http.method='GET', http.status_code='UNKNOWN', spring.cloud.gateway.route.id='platform-admin', spring.cloud.gateway.route.uri='lb://MOMENT-FOREVER-PLATFORM'], highCardinalityKeyValues=[http.uri='http://localhost:8086/platform/admin/locations/1/categories'], map=[class io.micrometer.core.instrument.Timer$Sample='io.micrometer.core.instrument.Timer$Sample@1a418e69', class io.micrometer.core.instrument.LongTaskTimer$Sample='SampleImpl{duration(seconds)=0.0505027, duration(nanos)=5.05027E7, startTimeNanos=107343520297000}'], parentObservation={name=http.server.requests(null), error=null, context=name='http.server.requests', contextualName='null', error='null', lowCardinalityKeyValues=[exception='none', method='GET', outcome='SUCCESS', status='200', uri='UNKNOWN'], highCardinalityKeyValues=[http.url='/api/platform/admin/locations/1/categories'], map=[class io.micrometer.core.instrument.Timer$Sample='io.micrometer.core.instrument.Timer$Sample@6650f22e', class io.micrometer.core.instrument.LongTaskTimer$Sample='SampleImpl{duration(seconds)=0.0748804, duration(nanos)=7.48804E7, startTimeNanos=107343496097600}'], parentObservation=null}}
2026-10-08 19:35:38.364 [reactor-http-nio-11] [34mINFO [0;39m [36mc.f.M.f.GatewayRequestLoggingFilter[0;39m - GATEWAY_REQUEST method=GET path=/platform/admin/locations/1/categories routeId=platform-admin target=lb://MOMENT-FOREVER-PLATFORM status=200 durationMs=53 signal=onComplete
2026-10-08 19:35:38.365 [reactor-http-nio-10] [39mDEBUG[0;39m [36mo.s.c.g.f.h.o.ObservedResponseHttpHeadersFilter[0;39m - Will instrument the response
2026-10-08 19:35:38.365 [reactor-http-nio-10] [39mDEBUG[0;39m [36mo.s.c.g.f.h.o.ObservedResponseHttpHeadersFilter[0;39m - The response was handled for observation {name=http.client.requests(null), error=null, context=name='http.client.requests', contextualName='null', error='null', lowCardinalityKeyValues=[http.method='GET', http.status_code='UNKNOWN', spring.cloud.gateway.route.id='platform-admin', spring.cloud.gateway.route.uri='lb://MOMENT-FOREVER-PLATFORM'], highCardinalityKeyValues=[http.uri='http://localhost:8086/platform/admin/locations/1/subcategories'], map=[class io.micrometer.core.instrument.Timer$Sample='io.micrometer.core.instrument.Timer$Sample@4355e1da', class io.micrometer.core.instrument.LongTaskTimer$Sample='SampleImpl{duration(seconds)=0.0536071, duration(nanos)=5.36071E7, startTimeNanos=107343519701500}'], parentObservation={name=http.server.requests(null), error=null, context=name='http.server.requests', contextualName='null', error='null', lowCardinalityKeyValues=[exception='none', method='GET', outcome='SUCCESS', status='200', uri='UNKNOWN'], highCardinalityKeyValues=[http.url='/api/platform/admin/locations/1/subcategories'], map=[class io.micrometer.core.instrument.Timer$Sample='io.micrometer.core.instrument.Timer$Sample@76607d9c', class io.micrometer.core.instrument.LongTaskTimer$Sample='SampleImpl{duration(seconds)=0.0801019, duration(nanos)=8.01019E7, startTimeNanos=107343493365300}'], parentObservation=null}}
2026-10-08 19:35:38.366 [reactor-http-nio-10] [34mINFO [0;39m [36mc.f.M.f.GatewayRequestLoggingFilter[0;39m - GATEWAY_REQUEST method=GET path=/platform/admin/locations/1/subcategories routeId=platform-admin target=lb://MOMENT-FOREVER-PLATFORM status=200 durationMs=57 signal=onComplete
2026-10-08 19:35:43.294 [reactor-http-nio-1] [39mDEBUG[0;39m [36mo.s.c.g.h.RoutePredicateHandlerMapping[0;39m - Route matched: platform-admin
2026-10-08 19:35:43.295 [reactor-http-nio-1] [39mDEBUG[0;39m [36mo.s.c.g.h.RoutePredicateHandlerMapping[0;39m - Mapping [Exchange: GET http://localhost:8086/api/platform/admin/categories] to Route{id='platform-admin', uri=lb://MOMENT-FOREVER-PLATFORM, order=0, predicate=Paths: [/api/platform/admin/**], match trailing slash: true, gatewayFilters=[[[StripPrefix parts = 1], order = 1]], metadata={requires-auth=true}}
2026-10-08 19:35:43.295 [reactor-http-nio-1] [39mDEBUG[0;39m [36mo.s.c.g.h.RoutePredicateHandlerMapping[0;39m - [8d8ef63f-143] Mapped to org.springframework.cloud.gateway.handler.FilteringWebHandler@3f7c6365
2026-10-08 19:35:43.295 [reactor-http-nio-1] [39mDEBUG[0;39m [36mo.s.c.g.handler.FilteringWebHandler[0;39m - Sorted gatewayFilterFactories: [[GatewayFilterAdapter{delegate=org.springframework.cloud.gateway.filter.RemoveCachedBodyFilter@7227926b}, order = -2147483648], [GatewayFilterAdapter{delegate=org.springframework.cloud.gateway.filter.AdaptCachedBodyGlobalFilter@79617c3d}, order = -2147482648], [GatewayFilterAdapter{delegate=com.forvmom.MomentForeverAPIGateway.filter.JwtAuthenticationFilter@35a9e665}, order = -1], [GatewayFilterAdapter{delegate=org.springframework.cloud.gateway.filter.NettyWriteResponseFilter@1b632442}, order = -1], [GatewayFilterAdapter{delegate=org.springframework.cloud.gateway.filter.ForwardPathFilter@57a982f9}, order = 0], [GatewayFilterAdapter{delegate=org.springframework.cloud.gateway.filter.GatewayMetricsFilter@1b69fc07}, order = 0], [[StripPrefix parts = 1], order = 1], [GatewayFilterAdapter{delegate=org.springframework.cloud.gateway.filter.RouteToRequestUrlFilter@2f75a9b1}, order = 10000], [GatewayFilterAdapter{delegate=org.springframework.cloud.gateway.filter.ReactiveLoadBalancerClientFilter@362be0cd}, order = 10150], [GatewayFilterAdapter{delegate=org.springframework.cloud.gateway.filter.LoadBalancerServiceInstanceCookieFilter@2dde0a34}, order = 10151], [GatewayFilterAdapter{delegate=org.springframework.cloud.gateway.filter.WebsocketRoutingFilter@19d3f6ad}, order = 2147483646], [GatewayFilterAdapter{delegate=com.forvmom.MomentForeverAPIGateway.filter.GatewayRequestLoggingFilter@6a04d2a4}, order = 2147483647], [GatewayFilterAdapter{delegate=org.springframework.cloud.gateway.filter.NettyRoutingFilter@61836cd9}, order = 2147483647], [GatewayFilterAdapter{delegate=org.springframework.cloud.gateway.filter.ForwardRoutingFilter@556aed22}, order = 2147483647]]
2026-10-08 19:35:43.328 [boundedElastic-8] [39mDEBUG[0;39m [36mo.s.c.g.f.h.o.ObservedRequestHttpHeadersFilter[0;39m - Will instrument the HTTP request headers [host:"localhost:8086", sec-ch-ua-platform:""Windows"", authorization:"Bearer eyJhbGciOiJIUzI1NiJ9.eyJyb2xlcyI6IlNVUEVSX0FETUlOIiwidXNlcklkIjoxLCJlbmFibGVkIjp0cnVlLCJ1c2VybmFtZSI6InN1cGVyYWRtaW5AY2hlcmlzaHguY29tIiwiYWNjb3VudE5vbkxvY2tlZCI6dHJ1ZSwic3ViIjoic3VwZXJhZG1pbkBjaGVyaXNoeC5jb20iLCJpYXQiOjE3OTE0NjgzMjEsImV4cCI6MTc5MTU1NDcyMSwiaXNzIjoibW9tZW50LWZvcmV2ZXItYXBwIiwiYXVkIjoibW9tZW50LWZvcmV2ZXItY2xpZW50In0.MSh7MAgomTQN20GrkE0ylIFKJcho7PbSp53bCRBE2-Y", sec-ch-ua:""Chromium";v="154", "Microsoft Edge";v="154", "Not A(Brand";v="99"", accesstoken:"eyJhbGciOiJIUzI1NiJ9.eyJyb2xlcyI6IlNVUEVSX0FETUlOIiwidXNlcklkIjoxLCJlbmFibGVkIjp0cnVlLCJ1c2VybmFtZSI6InN1cGVyYWRtaW5AY2hlcmlzaHguY29tIiwiYWNjb3VudE5vbkxvY2tlZCI6dHJ1ZSwic3ViIjoic3VwZXJhZG1pbkBjaGVyaXNoeC5jb20iLCJpYXQiOjE3OTE0NjgzMjEsImV4cCI6MTc5MTU1NDcyMSwiaXNzIjoibW9tZW50LWZvcmV2ZXItYXBwIiwiYXVkIjoibW9tZW50LWZvcmV2ZXItY2xpZW50In0.MSh7MAgomTQN20GrkE0ylIFKJcho7PbSp53bCRBE2-Y", sec-ch-ua-mobile:"?0", x-requested-with:"XMLHttpRequest", x-pm-header:"[object Object]", accept:"application/json", user-agent:"Mozilla/5.0 (Windows NT 10.0; Win64; x64) AppleWebKit/537.36 (KHTML, like Gecko) Chrome/154.0.0.0 Safari/537.36 Edg/154.0.0.0", sec-fetch-site:"same-origin", sec-fetch-mode:"cors", sec-fetch-dest:"empty", referer:"http://localhost:5173/admin/category", accept-encoding:"gzip, deflate, br, zstd", accept-language:"en-GB,en;q=0.9,en-US;q=0.8,en-IN;q=0.7", X-User-Id:"1", X-User-Roles:"SUPER_ADMIN", Forwarded:"proto=http;host="localhost:8086";for="[0:0:0:0:0:0:0:1]:60352"", X-Forwarded-For:"0:0:0:0:0:0:0:1", X-Forwarded-Proto:"http", X-Forwarded-Prefix:"/api", X-Forwarded-Port:"8086", X-Forwarded-Host:"localhost:8086"]
2026-10-08 19:35:43.328 [boundedElastic-8] [39mDEBUG[0;39m [36mo.s.c.g.f.h.o.ObservedRequestHttpHeadersFilter[0;39m - Client observation  {name=http.client.requests(null), error=null, context=name='http.client.requests', contextualName='null', error='null', lowCardinalityKeyValues=[http.method='GET', http.status_code='UNKNOWN', spring.cloud.gateway.route.id='platform-admin', spring.cloud.gateway.route.uri='lb://MOMENT-FOREVER-PLATFORM'], highCardinalityKeyValues=[http.uri='http://localhost:8086/platform/admin/categories'], map=[class io.micrometer.core.instrument.Timer$Sample='io.micrometer.core.instrument.Timer$Sample@44665b67', class io.micrometer.core.instrument.LongTaskTimer$Sample='SampleImpl{duration(seconds)=6.94E-5, duration(nanos)=69400.0, startTimeNanos=107348536342800}'], parentObservation={name=http.server.requests(null), error=null, context=name='http.server.requests', contextualName='null', error='null', lowCardinalityKeyValues=[exception='none', method='GET', outcome='SUCCESS', status='200', uri='UNKNOWN'], highCardinalityKeyValues=[http.url='/api/platform/admin/categories'], map=[class io.micrometer.core.instrument.Timer$Sample='io.micrometer.core.instrument.Timer$Sample@7bef02c4', class io.micrometer.core.instrument.LongTaskTimer$Sample='SampleImpl{duration(seconds)=0.0348839, duration(nanos)=3.48839E7, startTimeNanos=107348501655200}'], parentObservation=null}} created for the request. New headers are [host:"localhost:8086", sec-ch-ua-platform:""Windows"", authorization:"Bearer eyJhbGciOiJIUzI1NiJ9.eyJyb2xlcyI6IlNVUEVSX0FETUlOIiwidXNlcklkIjoxLCJlbmFibGVkIjp0cnVlLCJ1c2VybmFtZSI6InN1cGVyYWRtaW5AY2hlcmlzaHguY29tIiwiYWNjb3VudE5vbkxvY2tlZCI6dHJ1ZSwic3ViIjoic3VwZXJhZG1pbkBjaGVyaXNoeC5jb20iLCJpYXQiOjE3OTE0NjgzMjEsImV4cCI6MTc5MTU1NDcyMSwiaXNzIjoibW9tZW50LWZvcmV2ZXItYXBwIiwiYXVkIjoibW9tZW50LWZvcmV2ZXItY2xpZW50In0.MSh7MAgomTQN20GrkE0ylIFKJcho7PbSp53bCRBE2-Y", sec-ch-ua:""Chromium";v="154", "Microsoft Edge";v="154", "Not A(Brand";v="99"", accesstoken:"eyJhbGciOiJIUzI1NiJ9.eyJyb2xlcyI6IlNVUEVSX0FETUlOIiwidXNlcklkIjoxLCJlbmFibGVkIjp0cnVlLCJ1c2VybmFtZSI6InN1cGVyYWRtaW5AY2hlcmlzaHguY29tIiwiYWNjb3VudE5vbkxvY2tlZCI6dHJ1ZSwic3ViIjoic3VwZXJhZG1pbkBjaGVyaXNoeC5jb20iLCJpYXQiOjE3OTE0NjgzMjEsImV4cCI6MTc5MTU1NDcyMSwiaXNzIjoibW9tZW50LWZvcmV2ZXItYXBwIiwiYXVkIjoibW9tZW50LWZvcmV2ZXItY2xpZW50In0.MSh7MAgomTQN20GrkE0ylIFKJcho7PbSp53bCRBE2-Y", sec-ch-ua-mobile:"?0", x-requested-with:"XMLHttpRequest", x-pm-header:"[object Object]", accept:"application/json", user-agent:"Mozilla/5.0 (Windows NT 10.0; Win64; x64) AppleWebKit/537.36 (KHTML, like Gecko) Chrome/154.0.0.0 Safari/537.36 Edg/154.0.0.0", sec-fetch-site:"same-origin", sec-fetch-mode:"cors", sec-fetch-dest:"empty", referer:"http://localhost:5173/admin/category", accept-encoding:"gzip, deflate, br, zstd", accept-language:"en-GB,en;q=0.9,en-US;q=0.8,en-IN;q=0.7", X-User-Id:"1", X-User-Roles:"SUPER_ADMIN", Forwarded:"proto=http;host="localhost:8086";for="[0:0:0:0:0:0:0:1]:60352"", X-Forwarded-For:"0:0:0:0:0:0:0:1", X-Forwarded-Proto:"http", X-Forwarded-Prefix:"/api", X-Forwarded-Port:"8086", X-Forwarded-Host:"localhost:8086"]
2026-10-08 19:35:43.377 [reactor-http-nio-9] [39mDEBUG[0;39m [36mo.s.c.g.f.h.o.ObservedResponseHttpHeadersFilter[0;39m - Will instrument the response
2026-10-08 19:35:43.378 [reactor-http-nio-9] [39mDEBUG[0;39m [36mo.s.c.g.f.h.o.ObservedResponseHttpHeadersFilter[0;39m - The response was handled for observation {name=http.client.requests(null), error=null, context=name='http.client.requests', contextualName='null', error='null', lowCardinalityKeyValues=[http.method='GET', http.status_code='UNKNOWN', spring.cloud.gateway.route.id='platform-admin', spring.cloud.gateway.route.uri='lb://MOMENT-FOREVER-PLATFORM'], highCardinalityKeyValues=[http.uri='http://localhost:8086/platform/admin/categories'], map=[class io.micrometer.core.instrument.Timer$Sample='io.micrometer.core.instrument.Timer$Sample@44665b67', class io.micrometer.core.instrument.LongTaskTimer$Sample='SampleImpl{duration(seconds)=0.0498361, duration(nanos)=4.98361E7, startTimeNanos=107348536342800}'], parentObservation={name=http.server.requests(null), error=null, context=name='http.server.requests', contextualName='null', error='null', lowCardinalityKeyValues=[exception='none', method='GET', outcome='SUCCESS', status='200', uri='UNKNOWN'], highCardinalityKeyValues=[http.url='/api/platform/admin/categories'], map=[class io.micrometer.core.instrument.Timer$Sample='io.micrometer.core.instrument.Timer$Sample@7bef02c4', class io.micrometer.core.instrument.LongTaskTimer$Sample='SampleImpl{duration(seconds)=0.0847422, duration(nanos)=8.47422E7, startTimeNanos=107348501655200}'], parentObservation=null}}
2026-10-08 19:35:43.379 [reactor-http-nio-9] [34mINFO [0;39m [36mc.f.M.f.GatewayRequestLoggingFilter[0;39m - GATEWAY_REQUEST method=GET path=/platform/admin/categories routeId=platform-admin target=lb://MOMENT-FOREVER-PLATFORM status=200 durationMs=52 signal=onComplete
2026-10-08 19:35:47.177 [reactor-http-nio-3] [39mDEBUG[0;39m [36mo.s.c.g.h.RoutePredicateHandlerMapping[0;39m - Route matched: platform-admin
2026-10-08 19:35:47.177 [reactor-http-nio-3] [39mDEBUG[0;39m [36mo.s.c.g.h.RoutePredicateHandlerMapping[0;39m - Mapping [Exchange: GET http://localhost:8086/api/platform/admin/locations] to Route{id='platform-admin', uri=lb://MOMENT-FOREVER-PLATFORM, order=0, predicate=Paths: [/api/platform/admin/**], match trailing slash: true, gatewayFilters=[[[StripPrefix parts = 1], order = 1]], metadata={requires-auth=true}}
2026-10-08 19:35:47.177 [reactor-http-nio-3] [39mDEBUG[0;39m [36mo.s.c.g.h.RoutePredicateHandlerMapping[0;39m - [0d91c8a6-145] Mapped to org.springframework.cloud.gateway.handler.FilteringWebHandler@3f7c6365
2026-10-08 19:35:47.177 [reactor-http-nio-3] [39mDEBUG[0;39m [36mo.s.c.g.handler.FilteringWebHandler[0;39m - Sorted gatewayFilterFactories: [[GatewayFilterAdapter{delegate=org.springframework.cloud.gateway.filter.RemoveCachedBodyFilter@7227926b}, order = -2147483648], [GatewayFilterAdapter{delegate=org.springframework.cloud.gateway.filter.AdaptCachedBodyGlobalFilter@79617c3d}, order = -2147482648], [GatewayFilterAdapter{delegate=com.forvmom.MomentForeverAPIGateway.filter.JwtAuthenticationFilter@35a9e665}, order = -1], [GatewayFilterAdapter{delegate=org.springframework.cloud.gateway.filter.NettyWriteResponseFilter@1b632442}, order = -1], [GatewayFilterAdapter{delegate=org.springframework.cloud.gateway.filter.ForwardPathFilter@57a982f9}, order = 0], [GatewayFilterAdapter{delegate=org.springframework.cloud.gateway.filter.GatewayMetricsFilter@1b69fc07}, order = 0], [[StripPrefix parts = 1], order = 1], [GatewayFilterAdapter{delegate=org.springframework.cloud.gateway.filter.RouteToRequestUrlFilter@2f75a9b1}, order = 10000], [GatewayFilterAdapter{delegate=org.springframework.cloud.gateway.filter.ReactiveLoadBalancerClientFilter@362be0cd}, order = 10150], [GatewayFilterAdapter{delegate=org.springframework.cloud.gateway.filter.LoadBalancerServiceInstanceCookieFilter@2dde0a34}, order = 10151], [GatewayFilterAdapter{delegate=org.springframework.cloud.gateway.filter.WebsocketRoutingFilter@19d3f6ad}, order = 2147483646], [GatewayFilterAdapter{delegate=com.forvmom.MomentForeverAPIGateway.filter.GatewayRequestLoggingFilter@6a04d2a4}, order = 2147483647], [GatewayFilterAdapter{delegate=org.springframework.cloud.gateway.filter.NettyRoutingFilter@61836cd9}, order = 2147483647], [GatewayFilterAdapter{delegate=org.springframework.cloud.gateway.filter.ForwardRoutingFilter@556aed22}, order = 2147483647]]
2026-10-08 19:35:47.183 [reactor-http-nio-4] [39mDEBUG[0;39m [36mo.s.c.g.h.RoutePredicateHandlerMapping[0;39m - Route matched: platform-admin
2026-10-08 19:35:47.183 [reactor-http-nio-5] [39mDEBUG[0;39m [36mo.s.c.g.h.RoutePredicateHandlerMapping[0;39m - Route matched: platform-admin
2026-10-08 19:35:47.183 [reactor-http-nio-6] [39mDEBUG[0;39m [36mo.s.c.g.h.RoutePredicateHandlerMapping[0;39m - Route matched: platform-admin
2026-10-08 19:35:47.183 [reactor-http-nio-4] [39mDEBUG[0;39m [36mo.s.c.g.h.RoutePredicateHandlerMapping[0;39m - Mapping [Exchange: GET http://localhost:8086/api/platform/admin/locations/1/categories] to Route{id='platform-admin', uri=lb://MOMENT-FOREVER-PLATFORM, order=0, predicate=Paths: [/api/platform/admin/**], match trailing slash: true, gatewayFilters=[[[StripPrefix parts = 1], order = 1]], metadata={requires-auth=true}}
2026-10-08 19:35:47.183 [reactor-http-nio-6] [39mDEBUG[0;39m [36mo.s.c.g.h.RoutePredicateHandlerMapping[0;39m - Mapping [Exchange: GET http://localhost:8086/api/platform/admin/locations/3/categories] to Route{id='platform-admin', uri=lb://MOMENT-FOREVER-PLATFORM, order=0, predicate=Paths: [/api/platform/admin/**], match trailing slash: true, gatewayFilters=[[[StripPrefix parts = 1], order = 1]], metadata={requires-auth=true}}
2026-10-08 19:35:47.183 [reactor-http-nio-5] [39mDEBUG[0;39m [36mo.s.c.g.h.RoutePredicateHandlerMapping[0;39m - Mapping [Exchange: GET http://localhost:8086/api/platform/admin/locations/2/categories] to Route{id='platform-admin', uri=lb://MOMENT-FOREVER-PLATFORM, order=0, predicate=Paths: [/api/platform/admin/**], match trailing slash: true, gatewayFilters=[[[StripPrefix parts = 1], order = 1]], metadata={requires-auth=true}}
2026-10-08 19:35:47.183 [reactor-http-nio-4] [39mDEBUG[0;39m [36mo.s.c.g.h.RoutePredicateHandlerMapping[0;39m - [8b9e27ac-146] Mapped to org.springframework.cloud.gateway.handler.FilteringWebHandler@3f7c6365
2026-10-08 19:35:47.183 [reactor-http-nio-6] [39mDEBUG[0;39m [36mo.s.c.g.h.RoutePredicateHandlerMapping[0;39m - [446daaf0-148] Mapped to org.springframework.cloud.gateway.handler.FilteringWebHandler@3f7c6365
2026-10-08 19:35:47.184 [reactor-http-nio-5] [39mDEBUG[0;39m [36mo.s.c.g.h.RoutePredicateHandlerMapping[0;39m - [d5c594d1-147] Mapped to org.springframework.cloud.gateway.handler.FilteringWebHandler@3f7c6365
2026-10-08 19:35:47.184 [reactor-http-nio-4] [39mDEBUG[0;39m [36mo.s.c.g.handler.FilteringWebHandler[0;39m - Sorted gatewayFilterFactories: [[GatewayFilterAdapter{delegate=org.springframework.cloud.gateway.filter.RemoveCachedBodyFilter@7227926b}, order = -2147483648], [GatewayFilterAdapter{delegate=org.springframework.cloud.gateway.filter.AdaptCachedBodyGlobalFilter@79617c3d}, order = -2147482648], [GatewayFilterAdapter{delegate=com.forvmom.MomentForeverAPIGateway.filter.JwtAuthenticationFilter@35a9e665}, order = -1], [GatewayFilterAdapter{delegate=org.springframework.cloud.gateway.filter.NettyWriteResponseFilter@1b632442}, order = -1], [GatewayFilterAdapter{delegate=org.springframework.cloud.gateway.filter.ForwardPathFilter@57a982f9}, order = 0], [GatewayFilterAdapter{delegate=org.springframework.cloud.gateway.filter.GatewayMetricsFilter@1b69fc07}, order = 0], [[StripPrefix parts = 1], order = 1], [GatewayFilterAdapter{delegate=org.springframework.cloud.gateway.filter.RouteToRequestUrlFilter@2f75a9b1}, order = 10000], [GatewayFilterAdapter{delegate=org.springframework.cloud.gateway.filter.ReactiveLoadBalancerClientFilter@362be0cd}, order = 10150], [GatewayFilterAdapter{delegate=org.springframework.cloud.gateway.filter.LoadBalancerServiceInstanceCookieFilter@2dde0a34}, order = 10151], [GatewayFilterAdapter{delegate=org.springframework.cloud.gateway.filter.WebsocketRoutingFilter@19d3f6ad}, order = 2147483646], [GatewayFilterAdapter{delegate=com.forvmom.MomentForeverAPIGateway.filter.GatewayRequestLoggingFilter@6a04d2a4}, order = 2147483647], [GatewayFilterAdapter{delegate=org.springframework.cloud.gateway.filter.NettyRoutingFilter@61836cd9}, order = 2147483647], [GatewayFilterAdapter{delegate=org.springframework.cloud.gateway.filter.ForwardRoutingFilter@556aed22}, order = 2147483647]]
2026-10-08 19:35:47.184 [reactor-http-nio-6] [39mDEBUG[0;39m [36mo.s.c.g.handler.FilteringWebHandler[0;39m - Sorted gatewayFilterFactories: [[GatewayFilterAdapter{delegate=org.springframework.cloud.gateway.filter.RemoveCachedBodyFilter@7227926b}, order = -2147483648], [GatewayFilterAdapter{delegate=org.springframework.cloud.gateway.filter.AdaptCachedBodyGlobalFilter@79617c3d}, order = -2147482648], [GatewayFilterAdapter{delegate=com.forvmom.MomentForeverAPIGateway.filter.JwtAuthenticationFilter@35a9e665}, order = -1], [GatewayFilterAdapter{delegate=org.springframework.cloud.gateway.filter.NettyWriteResponseFilter@1b632442}, order = -1], [GatewayFilterAdapter{delegate=org.springframework.cloud.gateway.filter.ForwardPathFilter@57a982f9}, order = 0], [GatewayFilterAdapter{delegate=org.springframework.cloud.gateway.filter.GatewayMetricsFilter@1b69fc07}, order = 0], [[StripPrefix parts = 1], order = 1], [GatewayFilterAdapter{delegate=org.springframework.cloud.gateway.filter.RouteToRequestUrlFilter@2f75a9b1}, order = 10000], [GatewayFilterAdapter{delegate=org.springframework.cloud.gateway.filter.ReactiveLoadBalancerClientFilter@362be0cd}, order = 10150], [GatewayFilterAdapter{delegate=org.springframework.cloud.gateway.filter.LoadBalancerServiceInstanceCookieFilter@2dde0a34}, order = 10151], [GatewayFilterAdapter{delegate=org.springframework.cloud.gateway.filter.WebsocketRoutingFilter@19d3f6ad}, order = 2147483646], [GatewayFilterAdapter{delegate=com.forvmom.MomentForeverAPIGateway.filter.GatewayRequestLoggingFilter@6a04d2a4}, order = 2147483647], [GatewayFilterAdapter{delegate=org.springframework.cloud.gateway.filter.NettyRoutingFilter@61836cd9}, order = 2147483647], [GatewayFilterAdapter{delegate=org.springframework.cloud.gateway.filter.ForwardRoutingFilter@556aed22}, order = 2147483647]]
2026-10-08 19:35:47.184 [reactor-http-nio-5] [39mDEBUG[0;39m [36mo.s.c.g.handler.FilteringWebHandler[0;39m - Sorted gatewayFilterFactories: [[GatewayFilterAdapter{delegate=org.springframework.cloud.gateway.filter.RemoveCachedBodyFilter@7227926b}, order = -2147483648], [GatewayFilterAdapter{delegate=org.springframework.cloud.gateway.filter.AdaptCachedBodyGlobalFilter@79617c3d}, order = -2147482648], [GatewayFilterAdapter{delegate=com.forvmom.MomentForeverAPIGateway.filter.JwtAuthenticationFilter@35a9e665}, order = -1], [GatewayFilterAdapter{delegate=org.springframework.cloud.gateway.filter.NettyWriteResponseFilter@1b632442}, order = -1], [GatewayFilterAdapter{delegate=org.springframework.cloud.gateway.filter.ForwardPathFilter@57a982f9}, order = 0], [GatewayFilterAdapter{delegate=org.springframework.cloud.gateway.filter.GatewayMetricsFilter@1b69fc07}, order = 0], [[StripPrefix parts = 1], order = 1], [GatewayFilterAdapter{delegate=org.springframework.cloud.gateway.filter.RouteToRequestUrlFilter@2f75a9b1}, order = 10000], [GatewayFilterAdapter{delegate=org.springframework.cloud.gateway.filter.ReactiveLoadBalancerClientFilter@362be0cd}, order = 10150], [GatewayFilterAdapter{delegate=org.springframework.cloud.gateway.filter.LoadBalancerServiceInstanceCookieFilter@2dde0a34}, order = 10151], [GatewayFilterAdapter{delegate=org.springframework.cloud.gateway.filter.WebsocketRoutingFilter@19d3f6ad}, order = 2147483646], [GatewayFilterAdapter{delegate=com.forvmom.MomentForeverAPIGateway.filter.GatewayRequestLoggingFilter@6a04d2a4}, order = 2147483647], [GatewayFilterAdapter{delegate=org.springframework.cloud.gateway.filter.NettyRoutingFilter@61836cd9}, order = 2147483647], [GatewayFilterAdapter{delegate=org.springframework.cloud.gateway.filter.ForwardRoutingFilter@556aed22}, order = 2147483647]]
2026-10-08 19:35:47.184 [reactor-http-nio-7] [39mDEBUG[0;39m [36mo.s.c.g.h.RoutePredicateHandlerMapping[0;39m - Route matched: platform-admin
2026-10-08 19:35:47.184 [reactor-http-nio-7] [39mDEBUG[0;39m [36mo.s.c.g.h.RoutePredicateHandlerMapping[0;39m - Mapping [Exchange: GET http://localhost:8086/api/platform/admin/locations/4/categories] to Route{id='platform-admin', uri=lb://MOMENT-FOREVER-PLATFORM, order=0, predicate=Paths: [/api/platform/admin/**], match trailing slash: true, gatewayFilters=[[[StripPrefix parts = 1], order = 1]], metadata={requires-auth=true}}
2026-10-08 19:35:47.184 [reactor-http-nio-7] [39mDEBUG[0;39m [36mo.s.c.g.h.RoutePredicateHandlerMapping[0;39m - [4e918098-149] Mapped to org.springframework.cloud.gateway.handler.FilteringWebHandler@3f7c6365
2026-10-08 19:35:47.185 [reactor-http-nio-7] [39mDEBUG[0;39m [36mo.s.c.g.handler.FilteringWebHandler[0;39m - Sorted gatewayFilterFactories: [[GatewayFilterAdapter{delegate=org.springframework.cloud.gateway.filter.RemoveCachedBodyFilter@7227926b}, order = -2147483648], [GatewayFilterAdapter{delegate=org.springframework.cloud.gateway.filter.AdaptCachedBodyGlobalFilter@79617c3d}, order = -2147482648], [GatewayFilterAdapter{delegate=com.forvmom.MomentForeverAPIGateway.filter.JwtAuthenticationFilter@35a9e665}, order = -1], [GatewayFilterAdapter{delegate=org.springframework.cloud.gateway.filter.NettyWriteResponseFilter@1b632442}, order = -1], [GatewayFilterAdapter{delegate=org.springframework.cloud.gateway.filter.ForwardPathFilter@57a982f9}, order = 0], [GatewayFilterAdapter{delegate=org.springframework.cloud.gateway.filter.GatewayMetricsFilter@1b69fc07}, order = 0], [[StripPrefix parts = 1], order = 1], [GatewayFilterAdapter{delegate=org.springframework.cloud.gateway.filter.RouteToRequestUrlFilter@2f75a9b1}, order = 10000], [GatewayFilterAdapter{delegate=org.springframework.cloud.gateway.filter.ReactiveLoadBalancerClientFilter@362be0cd}, order = 10150], [GatewayFilterAdapter{delegate=org.springframework.cloud.gateway.filter.LoadBalancerServiceInstanceCookieFilter@2dde0a34}, order = 10151], [GatewayFilterAdapter{delegate=org.springframework.cloud.gateway.filter.WebsocketRoutingFilter@19d3f6ad}, order = 2147483646], [GatewayFilterAdapter{delegate=com.forvmom.MomentForeverAPIGateway.filter.GatewayRequestLoggingFilter@6a04d2a4}, order = 2147483647], [GatewayFilterAdapter{delegate=org.springframework.cloud.gateway.filter.NettyRoutingFilter@61836cd9}, order = 2147483647], [GatewayFilterAdapter{delegate=org.springframework.cloud.gateway.filter.ForwardRoutingFilter@556aed22}, order = 2147483647]]
2026-10-08 19:35:47.193 [reactor-http-nio-3] [39mDEBUG[0;39m [36mo.s.c.g.f.h.o.ObservedRequestHttpHeadersFilter[0;39m - Will instrument the HTTP request headers [host:"localhost:8086", sec-ch-ua-platform:""Windows"", authorization:"Bearer eyJhbGciOiJIUzI1NiJ9.eyJyb2xlcyI6IlNVUEVSX0FETUlOIiwidXNlcklkIjoxLCJlbmFibGVkIjp0cnVlLCJ1c2VybmFtZSI6InN1cGVyYWRtaW5AY2hlcmlzaHguY29tIiwiYWNjb3VudE5vbkxvY2tlZCI6dHJ1ZSwic3ViIjoic3VwZXJhZG1pbkBjaGVyaXNoeC5jb20iLCJpYXQiOjE3OTE0NjgzMjEsImV4cCI6MTc5MTU1NDcyMSwiaXNzIjoibW9tZW50LWZvcmV2ZXItYXBwIiwiYXVkIjoibW9tZW50LWZvcmV2ZXItY2xpZW50In0.MSh7MAgomTQN20GrkE0ylIFKJcho7PbSp53bCRBE2-Y", sec-ch-ua:""Chromium";v="154", "Microsoft Edge";v="154", "Not A(Brand";v="99"", accesstoken:"eyJhbGciOiJIUzI1NiJ9.eyJyb2xlcyI6IlNVUEVSX0FETUlOIiwidXNlcklkIjoxLCJlbmFibGVkIjp0cnVlLCJ1c2VybmFtZSI6InN1cGVyYWRtaW5AY2hlcmlzaHguY29tIiwiYWNjb3VudE5vbkxvY2tlZCI6dHJ1ZSwic3ViIjoic3VwZXJhZG1pbkBjaGVyaXNoeC5jb20iLCJpYXQiOjE3OTE0NjgzMjEsImV4cCI6MTc5MTU1NDcyMSwiaXNzIjoibW9tZW50LWZvcmV2ZXItYXBwIiwiYXVkIjoibW9tZW50LWZvcmV2ZXItY2xpZW50In0.MSh7MAgomTQN20GrkE0ylIFKJcho7PbSp53bCRBE2-Y", sec-ch-ua-mobile:"?0", x-requested-with:"XMLHttpRequest", x-pm-header:"[object Object]", accept:"application/json", user-agent:"Mozilla/5.0 (Windows NT 10.0; Win64; x64) AppleWebKit/537.36 (KHTML, like Gecko) Chrome/154.0.0.0 Safari/537.36 Edg/154.0.0.0", sec-fetch-site:"same-origin", sec-fetch-mode:"cors", sec-fetch-dest:"empty", referer:"http://localhost:5173/admin/category", accept-encoding:"gzip, deflate, br, zstd", accept-language:"en-GB,en;q=0.9,en-US;q=0.8,en-IN;q=0.7", X-User-Id:"1", X-User-Roles:"SUPER_ADMIN", Forwarded:"proto=http;host="localhost:8086";for="[0:0:0:0:0:0:0:1]:53425"", X-Forwarded-For:"0:0:0:0:0:0:0:1", X-Forwarded-Proto:"http", X-Forwarded-Prefix:"/api", X-Forwarded-Port:"8086", X-Forwarded-Host:"localhost:8086"]
2026-10-08 19:35:47.194 [reactor-http-nio-3] [39mDEBUG[0;39m [36mo.s.c.g.f.h.o.ObservedRequestHttpHeadersFilter[0;39m - Client observation  {name=http.client.requests(null), error=null, context=name='http.client.requests', contextualName='null', error='null', lowCardinalityKeyValues=[http.method='GET', http.status_code='UNKNOWN', spring.cloud.gateway.route.id='platform-admin', spring.cloud.gateway.route.uri='lb://MOMENT-FOREVER-PLATFORM'], highCardinalityKeyValues=[http.uri='http://localhost:8086/platform/admin/locations'], map=[class io.micrometer.core.instrument.Timer$Sample='io.micrometer.core.instrument.Timer$Sample@86d7f2b', class io.micrometer.core.instrument.LongTaskTimer$Sample='SampleImpl{duration(seconds)=1.114E-4, duration(nanos)=111400.0, startTimeNanos=107352401996400}'], parentObservation={name=http.server.requests(null), error=null, context=name='http.server.requests', contextualName='null', error='null', lowCardinalityKeyValues=[exception='none', method='GET', outcome='SUCCESS', status='200', uri='UNKNOWN'], highCardinalityKeyValues=[http.url='/api/platform/admin/locations'], map=[class io.micrometer.core.instrument.Timer$Sample='io.micrometer.core.instrument.Timer$Sample@28c49b45', class io.micrometer.core.instrument.LongTaskTimer$Sample='SampleImpl{duration(seconds)=0.0176471, duration(nanos)=1.76471E7, startTimeNanos=107352384598000}'], parentObservation=null}} created for the request. New headers are [host:"localhost:8086", sec-ch-ua-platform:""Windows"", authorization:"Bearer eyJhbGciOiJIUzI1NiJ9.eyJyb2xlcyI6IlNVUEVSX0FETUlOIiwidXNlcklkIjoxLCJlbmFibGVkIjp0cnVlLCJ1c2VybmFtZSI6InN1cGVyYWRtaW5AY2hlcmlzaHguY29tIiwiYWNjb3VudE5vbkxvY2tlZCI6dHJ1ZSwic3ViIjoic3VwZXJhZG1pbkBjaGVyaXNoeC5jb20iLCJpYXQiOjE3OTE0NjgzMjEsImV4cCI6MTc5MTU1NDcyMSwiaXNzIjoibW9tZW50LWZvcmV2ZXItYXBwIiwiYXVkIjoibW9tZW50LWZvcmV2ZXItY2xpZW50In0.MSh7MAgomTQN20GrkE0ylIFKJcho7PbSp53bCRBE2-Y", sec-ch-ua:""Chromium";v="154", "Microsoft Edge";v="154", "Not A(Brand";v="99"", accesstoken:"eyJhbGciOiJIUzI1NiJ9.eyJyb2xlcyI6IlNVUEVSX0FETUlOIiwidXNlcklkIjoxLCJlbmFibGVkIjp0cnVlLCJ1c2VybmFtZSI6InN1cGVyYWRtaW5AY2hlcmlzaHguY29tIiwiYWNjb3VudE5vbkxvY2tlZCI6dHJ1ZSwic3ViIjoic3VwZXJhZG1pbkBjaGVyaXNoeC5jb20iLCJpYXQiOjE3OTE0NjgzMjEsImV4cCI6MTc5MTU1NDcyMSwiaXNzIjoibW9tZW50LWZvcmV2ZXItYXBwIiwiYXVkIjoibW9tZW50LWZvcmV2ZXItY2xpZW50In0.MSh7MAgomTQN20GrkE0ylIFKJcho7PbSp53bCRBE2-Y", sec-ch-ua-mobile:"?0", x-requested-with:"XMLHttpRequest", x-pm-header:"[object Object]", accept:"application/json", user-agent:"Mozilla/5.0 (Windows NT 10.0; Win64; x64) AppleWebKit/537.36 (KHTML, like Gecko) Chrome/154.0.0.0 Safari/537.36 Edg/154.0.0.0", sec-fetch-site:"same-origin", sec-fetch-mode:"cors", sec-fetch-dest:"empty", referer:"http://localhost:5173/admin/category", accept-encoding:"gzip, deflate, br, zstd", accept-language:"en-GB,en;q=0.9,en-US;q=0.8,en-IN;q=0.7", X-User-Id:"1", X-User-Roles:"SUPER_ADMIN", Forwarded:"proto=http;host="localhost:8086";for="[0:0:0:0:0:0:0:1]:53425"", X-Forwarded-For:"0:0:0:0:0:0:0:1", X-Forwarded-Proto:"http", X-Forwarded-Prefix:"/api", X-Forwarded-Port:"8086", X-Forwarded-Host:"localhost:8086"]
2026-10-08 19:35:47.199 [reactor-http-nio-7] [39mDEBUG[0;39m [36mo.s.c.g.f.h.o.ObservedRequestHttpHeadersFilter[0;39m - Will instrument the HTTP request headers [host:"localhost:8086", sec-ch-ua-platform:""Windows"", authorization:"Bearer eyJhbGciOiJIUzI1NiJ9.eyJyb2xlcyI6IlNVUEVSX0FETUlOIiwidXNlcklkIjoxLCJlbmFibGVkIjp0cnVlLCJ1c2VybmFtZSI6InN1cGVyYWRtaW5AY2hlcmlzaHguY29tIiwiYWNjb3VudE5vbkxvY2tlZCI6dHJ1ZSwic3ViIjoic3VwZXJhZG1pbkBjaGVyaXNoeC5jb20iLCJpYXQiOjE3OTE0NjgzMjEsImV4cCI6MTc5MTU1NDcyMSwiaXNzIjoibW9tZW50LWZvcmV2ZXItYXBwIiwiYXVkIjoibW9tZW50LWZvcmV2ZXItY2xpZW50In0.MSh7MAgomTQN20GrkE0ylIFKJcho7PbSp53bCRBE2-Y", sec-ch-ua:""Chromium";v="154", "Microsoft Edge";v="154", "Not A(Brand";v="99"", accesstoken:"eyJhbGciOiJIUzI1NiJ9.eyJyb2xlcyI6IlNVUEVSX0FETUlOIiwidXNlcklkIjoxLCJlbmFibGVkIjp0cnVlLCJ1c2VybmFtZSI6InN1cGVyYWRtaW5AY2hlcmlzaHguY29tIiwiYWNjb3VudE5vbkxvY2tlZCI6dHJ1ZSwic3ViIjoic3VwZXJhZG1pbkBjaGVyaXNoeC5jb20iLCJpYXQiOjE3OTE0NjgzMjEsImV4cCI6MTc5MTU1NDcyMSwiaXNzIjoibW9tZW50LWZvcmV2ZXItYXBwIiwiYXVkIjoibW9tZW50LWZvcmV2ZXItY2xpZW50In0.MSh7MAgomTQN20GrkE0ylIFKJcho7PbSp53bCRBE2-Y", sec-ch-ua-mobile:"?0", x-requested-with:"XMLHttpRequest", x-pm-header:"[object Object]", accept:"application/json", user-agent:"Mozilla/5.0 (Windows NT 10.0; Win64; x64) AppleWebKit/537.36 (KHTML, like Gecko) Chrome/154.0.0.0 Safari/537.36 Edg/154.0.0.0", sec-fetch-site:"same-origin", sec-fetch-mode:"cors", sec-fetch-dest:"empty", referer:"http://localhost:5173/admin/category", accept-encoding:"gzip, deflate, br, zstd", accept-language:"en-GB,en;q=0.9,en-US;q=0.8,en-IN;q=0.7", X-User-Id:"1", X-User-Roles:"SUPER_ADMIN", Forwarded:"proto=http;host="localhost:8086";for="[0:0:0:0:0:0:0:1]:58830"", X-Forwarded-For:"0:0:0:0:0:0:0:1", X-Forwarded-Proto:"http", X-Forwarded-Prefix:"/api", X-Forwarded-Port:"8086", X-Forwarded-Host:"localhost:8086"]
2026-10-08 19:35:47.200 [reactor-http-nio-7] [39mDEBUG[0;39m [36mo.s.c.g.f.h.o.ObservedRequestHttpHeadersFilter[0;39m - Client observation  {name=http.client.requests(null), error=null, context=name='http.client.requests', contextualName='null', error='null', lowCardinalityKeyValues=[http.method='GET', http.status_code='UNKNOWN', spring.cloud.gateway.route.id='platform-admin', spring.cloud.gateway.route.uri='lb://MOMENT-FOREVER-PLATFORM'], highCardinalityKeyValues=[http.uri='http://localhost:8086/platform/admin/locations/4/categories'], map=[class io.micrometer.core.instrument.Timer$Sample='io.micrometer.core.instrument.Timer$Sample@3557a644', class io.micrometer.core.instrument.LongTaskTimer$Sample='SampleImpl{duration(seconds)=1.04E-4, duration(nanos)=104000.0, startTimeNanos=107352407801500}'], parentObservation={name=http.server.requests(null), error=null, context=name='http.server.requests', contextualName='null', error='null', lowCardinalityKeyValues=[exception='none', method='GET', outcome='SUCCESS', status='200', uri='UNKNOWN'], highCardinalityKeyValues=[http.url='/api/platform/admin/locations/4/categories'], map=[class io.micrometer.core.instrument.Timer$Sample='io.micrometer.core.instrument.Timer$Sample@7c047f0e', class io.micrometer.core.instrument.LongTaskTimer$Sample='SampleImpl{duration(seconds)=0.0164465, duration(nanos)=1.64465E7, startTimeNanos=107352391608500}'], parentObservation=null}} created for the request. New headers are [host:"localhost:8086", sec-ch-ua-platform:""Windows"", authorization:"Bearer eyJhbGciOiJIUzI1NiJ9.eyJyb2xlcyI6IlNVUEVSX0FETUlOIiwidXNlcklkIjoxLCJlbmFibGVkIjp0cnVlLCJ1c2VybmFtZSI6InN1cGVyYWRtaW5AY2hlcmlzaHguY29tIiwiYWNjb3VudE5vbkxvY2tlZCI6dHJ1ZSwic3ViIjoic3VwZXJhZG1pbkBjaGVyaXNoeC5jb20iLCJpYXQiOjE3OTE0NjgzMjEsImV4cCI6MTc5MTU1NDcyMSwiaXNzIjoibW9tZW50LWZvcmV2ZXItYXBwIiwiYXVkIjoibW9tZW50LWZvcmV2ZXItY2xpZW50In0.MSh7MAgomTQN20GrkE0ylIFKJcho7PbSp53bCRBE2-Y", sec-ch-ua:""Chromium";v="154", "Microsoft Edge";v="154", "Not A(Brand";v="99"", accesstoken:"eyJhbGciOiJIUzI1NiJ9.eyJyb2xlcyI6IlNVUEVSX0FETUlOIiwidXNlcklkIjoxLCJlbmFibGVkIjp0cnVlLCJ1c2VybmFtZSI6InN1cGVyYWRtaW5AY2hlcmlzaHguY29tIiwiYWNjb3VudE5vbkxvY2tlZCI6dHJ1ZSwic3ViIjoic3VwZXJhZG1pbkBjaGVyaXNoeC5jb20iLCJpYXQiOjE3OTE0NjgzMjEsImV4cCI6MTc5MTU1NDcyMSwiaXNzIjoibW9tZW50LWZvcmV2ZXItYXBwIiwiYXVkIjoibW9tZW50LWZvcmV2ZXItY2xpZW50In0.MSh7MAgomTQN20GrkE0ylIFKJcho7PbSp53bCRBE2-Y", sec-ch-ua-mobile:"?0", x-requested-with:"XMLHttpRequest", x-pm-header:"[object Object]", accept:"application/json", user-agent:"Mozilla/5.0 (Windows NT 10.0; Win64; x64) AppleWebKit/537.36 (KHTML, like Gecko) Chrome/154.0.0.0 Safari/537.36 Edg/154.0.0.0", sec-fetch-site:"same-origin", sec-fetch-mode:"cors", sec-fetch-dest:"empty", referer:"http://localhost:5173/admin/category", accept-encoding:"gzip, deflate, br, zstd", accept-language:"en-GB,en;q=0.9,en-US;q=0.8,en-IN;q=0.7", X-User-Id:"1", X-User-Roles:"SUPER_ADMIN", Forwarded:"proto=http;host="localhost:8086";for="[0:0:0:0:0:0:0:1]:58830"", X-Forwarded-For:"0:0:0:0:0:0:0:1", X-Forwarded-Proto:"http", X-Forwarded-Prefix:"/api", X-Forwarded-Port:"8086", X-Forwarded-Host:"localhost:8086"]
2026-10-08 19:35:47.201 [reactor-http-nio-5] [39mDEBUG[0;39m [36mo.s.c.g.f.h.o.ObservedRequestHttpHeadersFilter[0;39m - Will instrument the HTTP request headers [host:"localhost:8086", sec-ch-ua-platform:""Windows"", authorization:"Bearer eyJhbGciOiJIUzI1NiJ9.eyJyb2xlcyI6IlNVUEVSX0FETUlOIiwidXNlcklkIjoxLCJlbmFibGVkIjp0cnVlLCJ1c2VybmFtZSI6InN1cGVyYWRtaW5AY2hlcmlzaHguY29tIiwiYWNjb3VudE5vbkxvY2tlZCI6dHJ1ZSwic3ViIjoic3VwZXJhZG1pbkBjaGVyaXNoeC5jb20iLCJpYXQiOjE3OTE0NjgzMjEsImV4cCI6MTc5MTU1NDcyMSwiaXNzIjoibW9tZW50LWZvcmV2ZXItYXBwIiwiYXVkIjoibW9tZW50LWZvcmV2ZXItY2xpZW50In0.MSh7MAgomTQN20GrkE0ylIFKJcho7PbSp53bCRBE2-Y", sec-ch-ua:""Chromium";v="154", "Microsoft Edge";v="154", "Not A(Brand";v="99"", accesstoken:"eyJhbGciOiJIUzI1NiJ9.eyJyb2xlcyI6IlNVUEVSX0FETUlOIiwidXNlcklkIjoxLCJlbmFibGVkIjp0cnVlLCJ1c2VybmFtZSI6InN1cGVyYWRtaW5AY2hlcmlzaHguY29tIiwiYWNjb3VudE5vbkxvY2tlZCI6dHJ1ZSwic3ViIjoic3VwZXJhZG1pbkBjaGVyaXNoeC5jb20iLCJpYXQiOjE3OTE0NjgzMjEsImV4cCI6MTc5MTU1NDcyMSwiaXNzIjoibW9tZW50LWZvcmV2ZXItYXBwIiwiYXVkIjoibW9tZW50LWZvcmV2ZXItY2xpZW50In0.MSh7MAgomTQN20GrkE0ylIFKJcho7PbSp53bCRBE2-Y", sec-ch-ua-mobile:"?0", x-requested-with:"XMLHttpRequest", x-pm-header:"[object Object]", accept:"application/json", user-agent:"Mozilla/5.0 (Windows NT 10.0; Win64; x64) AppleWebKit/537.36 (KHTML, like Gecko) Chrome/154.0.0.0 Safari/537.36 Edg/154.0.0.0", sec-fetch-site:"same-origin", sec-fetch-mode:"cors", sec-fetch-dest:"empty", referer:"http://localhost:5173/admin/category", accept-encoding:"gzip, deflate, br, zstd", accept-language:"en-GB,en;q=0.9,en-US;q=0.8,en-IN;q=0.7", X-User-Id:"1", X-User-Roles:"SUPER_ADMIN", Forwarded:"proto=http;host="localhost:8086";for="[0:0:0:0:0:0:0:1]:58828"", X-Forwarded-For:"0:0:0:0:0:0:0:1", X-Forwarded-Proto:"http", X-Forwarded-Prefix:"/api", X-Forwarded-Port:"8086", X-Forwarded-Host:"localhost:8086"]
2026-10-08 19:35:47.202 [reactor-http-nio-6] [39mDEBUG[0;39m [36mo.s.c.g.f.h.o.ObservedRequestHttpHeadersFilter[0;39m - Will instrument the HTTP request headers [host:"localhost:8086", sec-ch-ua-platform:""Windows"", authorization:"Bearer eyJhbGciOiJIUzI1NiJ9.eyJyb2xlcyI6IlNVUEVSX0FETUlOIiwidXNlcklkIjoxLCJlbmFibGVkIjp0cnVlLCJ1c2VybmFtZSI6InN1cGVyYWRtaW5AY2hlcmlzaHguY29tIiwiYWNjb3VudE5vbkxvY2tlZCI6dHJ1ZSwic3ViIjoic3VwZXJhZG1pbkBjaGVyaXNoeC5jb20iLCJpYXQiOjE3OTE0NjgzMjEsImV4cCI6MTc5MTU1NDcyMSwiaXNzIjoibW9tZW50LWZvcmV2ZXItYXBwIiwiYXVkIjoibW9tZW50LWZvcmV2ZXItY2xpZW50In0.MSh7MAgomTQN20GrkE0ylIFKJcho7PbSp53bCRBE2-Y", sec-ch-ua:""Chromium";v="154", "Microsoft Edge";v="154", "Not A(Brand";v="99"", accesstoken:"eyJhbGciOiJIUzI1NiJ9.eyJyb2xlcyI6IlNVUEVSX0FETUlOIiwidXNlcklkIjoxLCJlbmFibGVkIjp0cnVlLCJ1c2VybmFtZSI6InN1cGVyYWRtaW5AY2hlcmlzaHguY29tIiwiYWNjb3VudE5vbkxvY2tlZCI6dHJ1ZSwic3ViIjoic3VwZXJhZG1pbkBjaGVyaXNoeC5jb20iLCJpYXQiOjE3OTE0NjgzMjEsImV4cCI6MTc5MTU1NDcyMSwiaXNzIjoibW9tZW50LWZvcmV2ZXItYXBwIiwiYXVkIjoibW9tZW50LWZvcmV2ZXItY2xpZW50In0.MSh7MAgomTQN20GrkE0ylIFKJcho7PbSp53bCRBE2-Y", sec-ch-ua-mobile:"?0", x-requested-with:"XMLHttpRequest", x-pm-header:"[object Object]", accept:"application/json", user-agent:"Mozilla/5.0 (Windows NT 10.0; Win64; x64) AppleWebKit/537.36 (KHTML, like Gecko) Chrome/154.0.0.0 Safari/537.36 Edg/154.0.0.0", sec-fetch-site:"same-origin", sec-fetch-mode:"cors", sec-fetch-dest:"empty", referer:"http://localhost:5173/admin/category", accept-encoding:"gzip, deflate, br, zstd", accept-language:"en-GB,en;q=0.9,en-US;q=0.8,en-IN;q=0.7", X-User-Id:"1", X-User-Roles:"SUPER_ADMIN", Forwarded:"proto=http;host="localhost:8086";for="[0:0:0:0:0:0:0:1]:58829"", X-Forwarded-For:"0:0:0:0:0:0:0:1", X-Forwarded-Proto:"http", X-Forwarded-Prefix:"/api", X-Forwarded-Port:"8086", X-Forwarded-Host:"localhost:8086"]
2026-10-08 19:35:47.203 [reactor-http-nio-5] [39mDEBUG[0;39m [36mo.s.c.g.f.h.o.ObservedRequestHttpHeadersFilter[0;39m - Client observation  {name=http.client.requests(null), error=null, context=name='http.client.requests', contextualName='null', error='null', lowCardinalityKeyValues=[http.method='GET', http.status_code='UNKNOWN', spring.cloud.gateway.route.id='platform-admin', spring.cloud.gateway.route.uri='lb://MOMENT-FOREVER-PLATFORM'], highCardinalityKeyValues=[http.uri='http://localhost:8086/platform/admin/locations/2/categories'], map=[class io.micrometer.core.instrument.Timer$Sample='io.micrometer.core.instrument.Timer$Sample@85596d', class io.micrometer.core.instrument.LongTaskTimer$Sample='SampleImpl{duration(seconds)=7.68E-5, duration(nanos)=76800.0, startTimeNanos=107352410860200}'], parentObservation={name=http.server.requests(null), error=null, context=name='http.server.requests', contextualName='null', error='null', lowCardinalityKeyValues=[exception='none', method='GET', outcome='SUCCESS', status='200', uri='UNKNOWN'], highCardinalityKeyValues=[http.url='/api/platform/admin/locations/2/categories'], map=[class io.micrometer.core.instrument.Timer$Sample='io.micrometer.core.instrument.Timer$Sample@7c04783e', class io.micrometer.core.instrument.LongTaskTimer$Sample='SampleImpl{duration(seconds)=0.0205541, duration(nanos)=2.05541E7, startTimeNanos=107352390486500}'], parentObservation=null}} created for the request. New headers are [host:"localhost:8086", sec-ch-ua-platform:""Windows"", authorization:"Bearer eyJhbGciOiJIUzI1NiJ9.eyJyb2xlcyI6IlNVUEVSX0FETUlOIiwidXNlcklkIjoxLCJlbmFibGVkIjp0cnVlLCJ1c2VybmFtZSI6InN1cGVyYWRtaW5AY2hlcmlzaHguY29tIiwiYWNjb3VudE5vbkxvY2tlZCI6dHJ1ZSwic3ViIjoic3VwZXJhZG1pbkBjaGVyaXNoeC5jb20iLCJpYXQiOjE3OTE0NjgzMjEsImV4cCI6MTc5MTU1NDcyMSwiaXNzIjoibW9tZW50LWZvcmV2ZXItYXBwIiwiYXVkIjoibW9tZW50LWZvcmV2ZXItY2xpZW50In0.MSh7MAgomTQN20GrkE0ylIFKJcho7PbSp53bCRBE2-Y", sec-ch-ua:""Chromium";v="154", "Microsoft Edge";v="154", "Not A(Brand";v="99"", accesstoken:"eyJhbGciOiJIUzI1NiJ9.eyJyb2xlcyI6IlNVUEVSX0FETUlOIiwidXNlcklkIjoxLCJlbmFibGVkIjp0cnVlLCJ1c2VybmFtZSI6InN1cGVyYWRtaW5AY2hlcmlzaHguY29tIiwiYWNjb3VudE5vbkxvY2tlZCI6dHJ1ZSwic3ViIjoic3VwZXJhZG1pbkBjaGVyaXNoeC5jb20iLCJpYXQiOjE3OTE0NjgzMjEsImV4cCI6MTc5MTU1NDcyMSwiaXNzIjoibW9tZW50LWZvcmV2ZXItYXBwIiwiYXVkIjoibW9tZW50LWZvcmV2ZXItY2xpZW50In0.MSh7MAgomTQN20GrkE0ylIFKJcho7PbSp53bCRBE2-Y", sec-ch-ua-mobile:"?0", x-requested-with:"XMLHttpRequest", x-pm-header:"[object Object]", accept:"application/json", user-agent:"Mozilla/5.0 (Windows NT 10.0; Win64; x64) AppleWebKit/537.36 (KHTML, like Gecko) Chrome/154.0.0.0 Safari/537.36 Edg/154.0.0.0", sec-fetch-site:"same-origin", sec-fetch-mode:"cors", sec-fetch-dest:"empty", referer:"http://localhost:5173/admin/category", accept-encoding:"gzip, deflate, br, zstd", accept-language:"en-GB,en;q=0.9,en-US;q=0.8,en-IN;q=0.7", X-User-Id:"1", X-User-Roles:"SUPER_ADMIN", Forwarded:"proto=http;host="localhost:8086";for="[0:0:0:0:0:0:0:1]:58828"", X-Forwarded-For:"0:0:0:0:0:0:0:1", X-Forwarded-Proto:"http", X-Forwarded-Prefix:"/api", X-Forwarded-Port:"8086", X-Forwarded-Host:"localhost:8086"]
2026-10-08 19:35:47.203 [reactor-http-nio-6] [39mDEBUG[0;39m [36mo.s.c.g.f.h.o.ObservedRequestHttpHeadersFilter[0;39m - Client observation  {name=http.client.requests(null), error=null, context=name='http.client.requests', contextualName='null', error='null', lowCardinalityKeyValues=[http.method='GET', http.status_code='UNKNOWN', spring.cloud.gateway.route.id='platform-admin', spring.cloud.gateway.route.uri='lb://MOMENT-FOREVER-PLATFORM'], highCardinalityKeyValues=[http.uri='http://localhost:8086/platform/admin/locations/3/categories'], map=[class io.micrometer.core.instrument.Timer$Sample='io.micrometer.core.instrument.Timer$Sample@800205f', class io.micrometer.core.instrument.LongTaskTimer$Sample='SampleImpl{duration(seconds)=1.024E-4, duration(nanos)=102400.0, startTimeNanos=107352411435600}'], parentObservation={name=http.server.requests(null), error=null, context=name='http.server.requests', contextualName='null', error='null', lowCardinalityKeyValues=[exception='none', method='GET', outcome='SUCCESS', status='200', uri='UNKNOWN'], highCardinalityKeyValues=[http.url='/api/platform/admin/locations/3/categories'], map=[class io.micrometer.core.instrument.Timer$Sample='io.micrometer.core.instrument.Timer$Sample@5bc401c9', class io.micrometer.core.instrument.LongTaskTimer$Sample='SampleImpl{duration(seconds)=0.0210902, duration(nanos)=2.10902E7, startTimeNanos=107352390523200}'], parentObservation=null}} created for the request. New headers are [host:"localhost:8086", sec-ch-ua-platform:""Windows"", authorization:"Bearer eyJhbGciOiJIUzI1NiJ9.eyJyb2xlcyI6IlNVUEVSX0FETUlOIiwidXNlcklkIjoxLCJlbmFibGVkIjp0cnVlLCJ1c2VybmFtZSI6InN1cGVyYWRtaW5AY2hlcmlzaHguY29tIiwiYWNjb3VudE5vbkxvY2tlZCI6dHJ1ZSwic3ViIjoic3VwZXJhZG1pbkBjaGVyaXNoeC5jb20iLCJpYXQiOjE3OTE0NjgzMjEsImV4cCI6MTc5MTU1NDcyMSwiaXNzIjoibW9tZW50LWZvcmV2ZXItYXBwIiwiYXVkIjoibW9tZW50LWZvcmV2ZXItY2xpZW50In0.MSh7MAgomTQN20GrkE0ylIFKJcho7PbSp53bCRBE2-Y", sec-ch-ua:""Chromium";v="154", "Microsoft Edge";v="154", "Not A(Brand";v="99"", accesstoken:"eyJhbGciOiJIUzI1NiJ9.eyJyb2xlcyI6IlNVUEVSX0FETUlOIiwidXNlcklkIjoxLCJlbmFibGVkIjp0cnVlLCJ1c2VybmFtZSI6InN1cGVyYWRtaW5AY2hlcmlzaHguY29tIiwiYWNjb3VudE5vbkxvY2tlZCI6dHJ1ZSwic3ViIjoic3VwZXJhZG1pbkBjaGVyaXNoeC5jb20iLCJpYXQiOjE3OTE0NjgzMjEsImV4cCI6MTc5MTU1NDcyMSwiaXNzIjoibW9tZW50LWZvcmV2ZXItYXBwIiwiYXVkIjoibW9tZW50LWZvcmV2ZXItY2xpZW50In0.MSh7MAgomTQN20GrkE0ylIFKJcho7PbSp53bCRBE2-Y", sec-ch-ua-mobile:"?0", x-requested-with:"XMLHttpRequest", x-pm-header:"[object Object]", accept:"application/json", user-agent:"Mozilla/5.0 (Windows NT 10.0; Win64; x64) AppleWebKit/537.36 (KHTML, like Gecko) Chrome/154.0.0.0 Safari/537.36 Edg/154.0.0.0", sec-fetch-site:"same-origin", sec-fetch-mode:"cors", sec-fetch-dest:"empty", referer:"http://localhost:5173/admin/category", accept-encoding:"gzip, deflate, br, zstd", accept-language:"en-GB,en;q=0.9,en-US;q=0.8,en-IN;q=0.7", X-User-Id:"1", X-User-Roles:"SUPER_ADMIN", Forwarded:"proto=http;host="localhost:8086";for="[0:0:0:0:0:0:0:1]:58829"", X-Forwarded-For:"0:0:0:0:0:0:0:1", X-Forwarded-Proto:"http", X-Forwarded-Prefix:"/api", X-Forwarded-Port:"8086", X-Forwarded-Host:"localhost:8086"]
2026-10-08 19:35:47.212 [reactor-http-nio-4] [39mDEBUG[0;39m [36mo.s.c.g.f.h.o.ObservedRequestHttpHeadersFilter[0;39m - Will instrument the HTTP request headers [host:"localhost:8086", sec-ch-ua-platform:""Windows"", authorization:"Bearer eyJhbGciOiJIUzI1NiJ9.eyJyb2xlcyI6IlNVUEVSX0FETUlOIiwidXNlcklkIjoxLCJlbmFibGVkIjp0cnVlLCJ1c2VybmFtZSI6InN1cGVyYWRtaW5AY2hlcmlzaHguY29tIiwiYWNjb3VudE5vbkxvY2tlZCI6dHJ1ZSwic3ViIjoic3VwZXJhZG1pbkBjaGVyaXNoeC5jb20iLCJpYXQiOjE3OTE0NjgzMjEsImV4cCI6MTc5MTU1NDcyMSwiaXNzIjoibW9tZW50LWZvcmV2ZXItYXBwIiwiYXVkIjoibW9tZW50LWZvcmV2ZXItY2xpZW50In0.MSh7MAgomTQN20GrkE0ylIFKJcho7PbSp53bCRBE2-Y", sec-ch-ua:""Chromium";v="154", "Microsoft Edge";v="154", "Not A(Brand";v="99"", accesstoken:"eyJhbGciOiJIUzI1NiJ9.eyJyb2xlcyI6IlNVUEVSX0FETUlOIiwidXNlcklkIjoxLCJlbmFibGVkIjp0cnVlLCJ1c2VybmFtZSI6InN1cGVyYWRtaW5AY2hlcmlzaHguY29tIiwiYWNjb3VudE5vbkxvY2tlZCI6dHJ1ZSwic3ViIjoic3VwZXJhZG1pbkBjaGVyaXNoeC5jb20iLCJpYXQiOjE3OTE0NjgzMjEsImV4cCI6MTc5MTU1NDcyMSwiaXNzIjoibW9tZW50LWZvcmV2ZXItYXBwIiwiYXVkIjoibW9tZW50LWZvcmV2ZXItY2xpZW50In0.MSh7MAgomTQN20GrkE0ylIFKJcho7PbSp53bCRBE2-Y", sec-ch-ua-mobile:"?0", x-requested-with:"XMLHttpRequest", x-pm-header:"[object Object]", accept:"application/json", user-agent:"Mozilla/5.0 (Windows NT 10.0; Win64; x64) AppleWebKit/537.36 (KHTML, like Gecko) Chrome/154.0.0.0 Safari/537.36 Edg/154.0.0.0", sec-fetch-site:"same-origin", sec-fetch-mode:"cors", sec-fetch-dest:"empty", referer:"http://localhost:5173/admin/category", accept-encoding:"gzip, deflate, br, zstd", accept-language:"en-GB,en;q=0.9,en-US;q=0.8,en-IN;q=0.7", X-User-Id:"1", X-User-Roles:"SUPER_ADMIN", Forwarded:"proto=http;host="localhost:8086";for="[0:0:0:0:0:0:0:1]:58827"", X-Forwarded-For:"0:0:0:0:0:0:0:1", X-Forwarded-Proto:"http", X-Forwarded-Prefix:"/api", X-Forwarded-Port:"8086", X-Forwarded-Host:"localhost:8086"]
2026-10-08 19:35:47.213 [reactor-http-nio-4] [39mDEBUG[0;39m [36mo.s.c.g.f.h.o.ObservedRequestHttpHeadersFilter[0;39m - Client observation  {name=http.client.requests(null), error=null, context=name='http.client.requests', contextualName='null', error='null', lowCardinalityKeyValues=[http.method='GET', http.status_code='UNKNOWN', spring.cloud.gateway.route.id='platform-admin', spring.cloud.gateway.route.uri='lb://MOMENT-FOREVER-PLATFORM'], highCardinalityKeyValues=[http.uri='http://localhost:8086/platform/admin/locations/1/categories'], map=[class io.micrometer.core.instrument.Timer$Sample='io.micrometer.core.instrument.Timer$Sample@1edb8fcc', class io.micrometer.core.instrument.LongTaskTimer$Sample='SampleImpl{duration(seconds)=1.114E-4, duration(nanos)=111400.0, startTimeNanos=107352420613900}'], parentObservation={name=http.server.requests(null), error=null, context=name='http.server.requests', contextualName='null', error='null', lowCardinalityKeyValues=[exception='none', method='GET', outcome='SUCCESS', status='200', uri='UNKNOWN'], highCardinalityKeyValues=[http.url='/api/platform/admin/locations/1/categories'], map=[class io.micrometer.core.instrument.Timer$Sample='io.micrometer.core.instrument.Timer$Sample@7dbf8ccb', class io.micrometer.core.instrument.LongTaskTimer$Sample='SampleImpl{duration(seconds)=0.0304136, duration(nanos)=3.04136E7, startTimeNanos=107352390403900}'], parentObservation=null}} created for the request. New headers are [host:"localhost:8086", sec-ch-ua-platform:""Windows"", authorization:"Bearer eyJhbGciOiJIUzI1NiJ9.eyJyb2xlcyI6IlNVUEVSX0FETUlOIiwidXNlcklkIjoxLCJlbmFibGVkIjp0cnVlLCJ1c2VybmFtZSI6InN1cGVyYWRtaW5AY2hlcmlzaHguY29tIiwiYWNjb3VudE5vbkxvY2tlZCI6dHJ1ZSwic3ViIjoic3VwZXJhZG1pbkBjaGVyaXNoeC5jb20iLCJpYXQiOjE3OTE0NjgzMjEsImV4cCI6MTc5MTU1NDcyMSwiaXNzIjoibW9tZW50LWZvcmV2ZXItYXBwIiwiYXVkIjoibW9tZW50LWZvcmV2ZXItY2xpZW50In0.MSh7MAgomTQN20GrkE0ylIFKJcho7PbSp53bCRBE2-Y", sec-ch-ua:""Chromium";v="154", "Microsoft Edge";v="154", "Not A(Brand";v="99"", accesstoken:"eyJhbGciOiJIUzI1NiJ9.eyJyb2xlcyI6IlNVUEVSX0FETUlOIiwidXNlcklkIjoxLCJlbmFibGVkIjp0cnVlLCJ1c2VybmFtZSI6InN1cGVyYWRtaW5AY2hlcmlzaHguY29tIiwiYWNjb3VudE5vbkxvY2tlZCI6dHJ1ZSwic3ViIjoic3VwZXJhZG1pbkBjaGVyaXNoeC5jb20iLCJpYXQiOjE3OTE0NjgzMjEsImV4cCI6MTc5MTU1NDcyMSwiaXNzIjoibW9tZW50LWZvcmV2ZXItYXBwIiwiYXVkIjoibW9tZW50LWZvcmV2ZXItY2xpZW50In0.MSh7MAgomTQN20GrkE0ylIFKJcho7PbSp53bCRBE2-Y", sec-ch-ua-mobile:"?0", x-requested-with:"XMLHttpRequest", x-pm-header:"[object Object]", accept:"application/json", user-agent:"Mozilla/5.0 (Windows NT 10.0; Win64; x64) AppleWebKit/537.36 (KHTML, like Gecko) Chrome/154.0.0.0 Safari/537.36 Edg/154.0.0.0", sec-fetch-site:"same-origin", sec-fetch-mode:"cors", sec-fetch-dest:"empty", referer:"http://localhost:5173/admin/category", accept-encoding:"gzip, deflate, br, zstd", accept-language:"en-GB,en;q=0.9,en-US;q=0.8,en-IN;q=0.7", X-User-Id:"1", X-User-Roles:"SUPER_ADMIN", Forwarded:"proto=http;host="localhost:8086";for="[0:0:0:0:0:0:0:1]:58827"", X-Forwarded-For:"0:0:0:0:0:0:0:1", X-Forwarded-Proto:"http", X-Forwarded-Prefix:"/api", X-Forwarded-Port:"8086", X-Forwarded-Host:"localhost:8086"]
2026-10-08 19:35:47.250 [reactor-http-nio-10] [39mDEBUG[0;39m [36mo.s.c.g.f.h.o.ObservedResponseHttpHeadersFilter[0;39m - Will instrument the response
2026-10-08 19:35:47.251 [reactor-http-nio-10] [39mDEBUG[0;39m [36mo.s.c.g.f.h.o.ObservedResponseHttpHeadersFilter[0;39m - The response was handled for observation {name=http.client.requests(null), error=null, context=name='http.client.requests', contextualName='null', error='null', lowCardinalityKeyValues=[http.method='GET', http.status_code='UNKNOWN', spring.cloud.gateway.route.id='platform-admin', spring.cloud.gateway.route.uri='lb://MOMENT-FOREVER-PLATFORM'], highCardinalityKeyValues=[http.uri='http://localhost:8086/platform/admin/locations'], map=[class io.micrometer.core.instrument.Timer$Sample='io.micrometer.core.instrument.Timer$Sample@86d7f2b', class io.micrometer.core.instrument.LongTaskTimer$Sample='SampleImpl{duration(seconds)=0.0573376, duration(nanos)=5.73376E7, startTimeNanos=107352401996400}'], parentObservation={name=http.server.requests(null), error=null, context=name='http.server.requests', contextualName='null', error='null', lowCardinalityKeyValues=[exception='none', method='GET', outcome='SUCCESS', status='200', uri='UNKNOWN'], highCardinalityKeyValues=[http.url='/api/platform/admin/locations'], map=[class io.micrometer.core.instrument.Timer$Sample='io.micrometer.core.instrument.Timer$Sample@28c49b45', class io.micrometer.core.instrument.LongTaskTimer$Sample='SampleImpl{duration(seconds)=0.0748932, duration(nanos)=7.48932E7, startTimeNanos=107352384598000}'], parentObservation=null}}
2026-10-08 19:35:47.252 [reactor-http-nio-10] [34mINFO [0;39m [36mc.f.M.f.GatewayRequestLoggingFilter[0;39m - GATEWAY_REQUEST method=GET path=/platform/admin/locations routeId=platform-admin target=lb://MOMENT-FOREVER-PLATFORM status=200 durationMs=60 signal=onComplete
2026-10-08 19:35:47.264 [reactor-http-nio-11] [39mDEBUG[0;39m [36mo.s.c.g.f.h.o.ObservedResponseHttpHeadersFilter[0;39m - Will instrument the response
2026-10-08 19:35:47.264 [reactor-http-nio-9] [39mDEBUG[0;39m [36mo.s.c.g.f.h.o.ObservedResponseHttpHeadersFilter[0;39m - Will instrument the response
2026-10-08 19:35:47.264 [reactor-http-nio-11] [39mDEBUG[0;39m [36mo.s.c.g.f.h.o.ObservedResponseHttpHeadersFilter[0;39m - The response was handled for observation {name=http.client.requests(null), error=null, context=name='http.client.requests', contextualName='null', error='null', lowCardinalityKeyValues=[http.method='GET', http.status_code='UNKNOWN', spring.cloud.gateway.route.id='platform-admin', spring.cloud.gateway.route.uri='lb://MOMENT-FOREVER-PLATFORM'], highCardinalityKeyValues=[http.uri='http://localhost:8086/platform/admin/locations/2/categories'], map=[class io.micrometer.core.instrument.Timer$Sample='io.micrometer.core.instrument.Timer$Sample@85596d', class io.micrometer.core.instrument.LongTaskTimer$Sample='SampleImpl{duration(seconds)=0.0616903, duration(nanos)=6.16903E7, startTimeNanos=107352410860200}'], parentObservation={name=http.server.requests(null), error=null, context=name='http.server.requests', contextualName='null', error='null', lowCardinalityKeyValues=[exception='none', method='GET', outcome='SUCCESS', status='200', uri='UNKNOWN'], highCardinalityKeyValues=[http.url='/api/platform/admin/locations/2/categories'], map=[class io.micrometer.core.instrument.Timer$Sample='io.micrometer.core.instrument.Timer$Sample@7c04783e', class io.micrometer.core.instrument.LongTaskTimer$Sample='SampleImpl{duration(seconds)=0.0822034, duration(nanos)=8.22034E7, startTimeNanos=107352390486500}'], parentObservation=null}}
2026-10-08 19:35:47.265 [reactor-http-nio-9] [39mDEBUG[0;39m [36mo.s.c.g.f.h.o.ObservedResponseHttpHeadersFilter[0;39m - The response was handled for observation {name=http.client.requests(null), error=null, context=name='http.client.requests', contextualName='null', error='null', lowCardinalityKeyValues=[http.method='GET', http.status_code='UNKNOWN', spring.cloud.gateway.route.id='platform-admin', spring.cloud.gateway.route.uri='lb://MOMENT-FOREVER-PLATFORM'], highCardinalityKeyValues=[http.uri='http://localhost:8086/platform/admin/locations/4/categories'], map=[class io.micrometer.core.instrument.Timer$Sample='io.micrometer.core.instrument.Timer$Sample@3557a644', class io.micrometer.core.instrument.LongTaskTimer$Sample='SampleImpl{duration(seconds)=0.0648894, duration(nanos)=6.48894E7, startTimeNanos=107352407801500}'], parentObservation={name=http.server.requests(null), error=null, context=name='http.server.requests', contextualName='null', error='null', lowCardinalityKeyValues=[exception='none', method='GET', outcome='SUCCESS', status='200', uri='UNKNOWN'], highCardinalityKeyValues=[http.url='/api/platform/admin/locations/4/categories'], map=[class io.micrometer.core.instrument.Timer$Sample='io.micrometer.core.instrument.Timer$Sample@7c047f0e', class io.micrometer.core.instrument.LongTaskTimer$Sample='SampleImpl{duration(seconds)=0.0812017, duration(nanos)=8.12017E7, startTimeNanos=107352391608500}'], parentObservation=null}}
2026-10-08 19:35:47.265 [reactor-http-nio-11] [34mINFO [0;39m [36mc.f.M.f.GatewayRequestLoggingFilter[0;39m - GATEWAY_REQUEST method=GET path=/platform/admin/locations/2/categories routeId=platform-admin target=lb://MOMENT-FOREVER-PLATFORM status=200 durationMs=70 signal=onComplete
2026-10-08 19:35:47.265 [reactor-http-nio-9] [34mINFO [0;39m [36mc.f.M.f.GatewayRequestLoggingFilter[0;39m - GATEWAY_REQUEST method=GET path=/platform/admin/locations/4/categories routeId=platform-admin target=lb://MOMENT-FOREVER-PLATFORM status=200 durationMs=66 signal=onComplete
2026-10-08 19:35:47.265 [reactor-http-nio-6] [39mDEBUG[0;39m [36mo.s.c.g.f.h.o.ObservedResponseHttpHeadersFilter[0;39m - Will instrument the response
2026-10-08 19:35:47.266 [reactor-http-nio-6] [39mDEBUG[0;39m [36mo.s.c.g.f.h.o.ObservedResponseHttpHeadersFilter[0;39m - The response was handled for observation {name=http.client.requests(null), error=null, context=name='http.client.requests', contextualName='null', error='null', lowCardinalityKeyValues=[http.method='GET', http.status_code='UNKNOWN', spring.cloud.gateway.route.id='platform-admin', spring.cloud.gateway.route.uri='lb://MOMENT-FOREVER-PLATFORM'], highCardinalityKeyValues=[http.uri='http://localhost:8086/platform/admin/locations/3/categories'], map=[class io.micrometer.core.instrument.Timer$Sample='io.micrometer.core.instrument.Timer$Sample@800205f', class io.micrometer.core.instrument.LongTaskTimer$Sample='SampleImpl{duration(seconds)=0.0623481, duration(nanos)=6.23481E7, startTimeNanos=107352411435600}'], parentObservation={name=http.server.requests(null), error=null, context=name='http.server.requests', contextualName='null', error='null', lowCardinalityKeyValues=[exception='none', method='GET', outcome='SUCCESS', status='200', uri='UNKNOWN'], highCardinalityKeyValues=[http.url='/api/platform/admin/locations/3/categories'], map=[class io.micrometer.core.instrument.Timer$Sample='io.micrometer.core.instrument.Timer$Sample@5bc401c9', class io.micrometer.core.instrument.LongTaskTimer$Sample='SampleImpl{duration(seconds)=0.0833227, duration(nanos)=8.33227E7, startTimeNanos=107352390523200}'], parentObservation=null}}
2026-10-08 19:35:47.266 [reactor-http-nio-6] [34mINFO [0;39m [36mc.f.M.f.GatewayRequestLoggingFilter[0;39m - GATEWAY_REQUEST method=GET path=/platform/admin/locations/3/categories routeId=platform-admin target=lb://MOMENT-FOREVER-PLATFORM status=200 durationMs=64 signal=onComplete
2026-10-08 19:35:47.287 [reactor-http-nio-4] [39mDEBUG[0;39m [36mo.s.c.g.f.h.o.ObservedResponseHttpHeadersFilter[0;39m - Will instrument the response
2026-10-08 19:35:47.287 [reactor-http-nio-4] [39mDEBUG[0;39m [36mo.s.c.g.f.h.o.ObservedResponseHttpHeadersFilter[0;39m - The response was handled for observation {name=http.client.requests(null), error=null, context=name='http.client.requests', contextualName='null', error='null', lowCardinalityKeyValues=[http.method='GET', http.status_code='UNKNOWN', spring.cloud.gateway.route.id='platform-admin', spring.cloud.gateway.route.uri='lb://MOMENT-FOREVER-PLATFORM'], highCardinalityKeyValues=[http.uri='http://localhost:8086/platform/admin/locations/1/categories'], map=[class io.micrometer.core.instrument.Timer$Sample='io.micrometer.core.instrument.Timer$Sample@1edb8fcc', class io.micrometer.core.instrument.LongTaskTimer$Sample='SampleImpl{duration(seconds)=0.0753531, duration(nanos)=7.53531E7, startTimeNanos=107352420613900}'], parentObservation={name=http.server.requests(null), error=null, context=name='http.server.requests', contextualName='null', error='null', lowCardinalityKeyValues=[exception='none', method='GET', outcome='SUCCESS', status='200', uri='UNKNOWN'], highCardinalityKeyValues=[http.url='/api/platform/admin/locations/1/categories'], map=[class io.micrometer.core.instrument.Timer$Sample='io.micrometer.core.instrument.Timer$Sample@7dbf8ccb', class io.micrometer.core.instrument.LongTaskTimer$Sample='SampleImpl{duration(seconds)=0.1056341, duration(nanos)=1.056341E8, startTimeNanos=107352390403900}'], parentObservation=null}}
2026-10-08 19:35:47.288 [reactor-http-nio-4] [34mINFO [0;39m [36mc.f.M.f.GatewayRequestLoggingFilter[0;39m - GATEWAY_REQUEST method=GET path=/platform/admin/locations/1/categories routeId=platform-admin target=lb://MOMENT-FOREVER-PLATFORM status=200 durationMs=81 signal=onComplete
2026-10-08 19:35:53.057 [reactor-http-nio-8] [39mDEBUG[0;39m [36mo.s.c.g.h.RoutePredicateHandlerMapping[0;39m - Route matched: platform-admin
2026-10-08 19:35:53.057 [reactor-http-nio-8] [39mDEBUG[0;39m [36mo.s.c.g.h.RoutePredicateHandlerMapping[0;39m - Mapping [Exchange: GET http://localhost:8086/api/platform/admin/experiences] to Route{id='platform-admin', uri=lb://MOMENT-FOREVER-PLATFORM, order=0, predicate=Paths: [/api/platform/admin/**], match trailing slash: true, gatewayFilters=[[[StripPrefix parts = 1], order = 1]], metadata={requires-auth=true}}
2026-10-08 19:35:53.057 [reactor-http-nio-8] [39mDEBUG[0;39m [36mo.s.c.g.h.RoutePredicateHandlerMapping[0;39m - [bea49396-150] Mapped to org.springframework.cloud.gateway.handler.FilteringWebHandler@3f7c6365
2026-10-08 19:35:53.057 [reactor-http-nio-8] [39mDEBUG[0;39m [36mo.s.c.g.handler.FilteringWebHandler[0;39m - Sorted gatewayFilterFactories: [[GatewayFilterAdapter{delegate=org.springframework.cloud.gateway.filter.RemoveCachedBodyFilter@7227926b}, order = -2147483648], [GatewayFilterAdapter{delegate=org.springframework.cloud.gateway.filter.AdaptCachedBodyGlobalFilter@79617c3d}, order = -2147482648], [GatewayFilterAdapter{delegate=com.forvmom.MomentForeverAPIGateway.filter.JwtAuthenticationFilter@35a9e665}, order = -1], [GatewayFilterAdapter{delegate=org.springframework.cloud.gateway.filter.NettyWriteResponseFilter@1b632442}, order = -1], [GatewayFilterAdapter{delegate=org.springframework.cloud.gateway.filter.ForwardPathFilter@57a982f9}, order = 0], [GatewayFilterAdapter{delegate=org.springframework.cloud.gateway.filter.GatewayMetricsFilter@1b69fc07}, order = 0], [[StripPrefix parts = 1], order = 1], [GatewayFilterAdapter{delegate=org.springframework.cloud.gateway.filter.RouteToRequestUrlFilter@2f75a9b1}, order = 10000], [GatewayFilterAdapter{delegate=org.springframework.cloud.gateway.filter.ReactiveLoadBalancerClientFilter@362be0cd}, order = 10150], [GatewayFilterAdapter{delegate=org.springframework.cloud.gateway.filter.LoadBalancerServiceInstanceCookieFilter@2dde0a34}, order = 10151], [GatewayFilterAdapter{delegate=org.springframework.cloud.gateway.filter.WebsocketRoutingFilter@19d3f6ad}, order = 2147483646], [GatewayFilterAdapter{delegate=com.forvmom.MomentForeverAPIGateway.filter.GatewayRequestLoggingFilter@6a04d2a4}, order = 2147483647], [GatewayFilterAdapter{delegate=org.springframework.cloud.gateway.filter.NettyRoutingFilter@61836cd9}, order = 2147483647], [GatewayFilterAdapter{delegate=org.springframework.cloud.gateway.filter.ForwardRoutingFilter@556aed22}, order = 2147483647]]
2026-10-08 19:35:53.062 [reactor-http-nio-10] [39mDEBUG[0;39m [36mo.s.c.g.h.RoutePredicateHandlerMapping[0;39m - Route matched: platform-admin
2026-10-08 19:35:53.062 [reactor-http-nio-9] [39mDEBUG[0;39m [36mo.s.c.g.h.RoutePredicateHandlerMapping[0;39m - Route matched: platform-admin
2026-10-08 19:35:53.062 [reactor-http-nio-12] [39mDEBUG[0;39m [36mo.s.c.g.h.RoutePredicateHandlerMapping[0;39m - Route matched: platform-admin
2026-10-08 19:35:53.062 [reactor-http-nio-11] [39mDEBUG[0;39m [36mo.s.c.g.h.RoutePredicateHandlerMapping[0;39m - Route matched: platform-admin
2026-10-08 19:35:53.062 [reactor-http-nio-1] [39mDEBUG[0;39m [36mo.s.c.g.h.RoutePredicateHandlerMapping[0;39m - Route matched: platform-admin
2026-10-08 19:35:53.062 [reactor-http-nio-10] [39mDEBUG[0;39m [36mo.s.c.g.h.RoutePredicateHandlerMapping[0;39m - Mapping [Exchange: GET http://localhost:8086/api/platform/admin/inclusions] to Route{id='platform-admin', uri=lb://MOMENT-FOREVER-PLATFORM, order=0, predicate=Paths: [/api/platform/admin/**], match trailing slash: true, gatewayFilters=[[[StripPrefix parts = 1], order = 1]], metadata={requires-auth=true}}
2026-10-08 19:35:53.063 [reactor-http-nio-9] [39mDEBUG[0;39m [36mo.s.c.g.h.RoutePredicateHandlerMapping[0;39m - Mapping [Exchange: GET http://localhost:8086/api/platform/admin/subcategories] to Route{id='platform-admin', uri=lb://MOMENT-FOREVER-PLATFORM, order=0, predicate=Paths: [/api/platform/admin/**], match trailing slash: true, gatewayFilters=[[[StripPrefix parts = 1], order = 1]], metadata={requires-auth=true}}
2026-10-08 19:35:53.063 [reactor-http-nio-10] [39mDEBUG[0;39m [36mo.s.c.g.h.RoutePredicateHandlerMapping[0;39m - [21cf2125-152] Mapped to org.springframework.cloud.gateway.handler.FilteringWebHandler@3f7c6365
2026-10-08 19:35:53.063 [reactor-http-nio-12] [39mDEBUG[0;39m [36mo.s.c.g.h.RoutePredicateHandlerMapping[0;39m - Mapping [Exchange: GET http://localhost:8086/api/platform/admin/locations] to Route{id='platform-admin', uri=lb://MOMENT-FOREVER-PLATFORM, order=0, predicate=Paths: [/api/platform/admin/**], match trailing slash: true, gatewayFilters=[[[StripPrefix parts = 1], order = 1]], metadata={requires-auth=true}}
2026-10-08 19:35:53.063 [reactor-http-nio-11] [39mDEBUG[0;39m [36mo.s.c.g.h.RoutePredicateHandlerMapping[0;39m - Mapping [Exchange: GET http://localhost:8086/api/platform/admin/cancellation-policies] to Route{id='platform-admin', uri=lb://MOMENT-FOREVER-PLATFORM, order=0, predicate=Paths: [/api/platform/admin/**], match trailing slash: true, gatewayFilters=[[[StripPrefix parts = 1], order = 1]], metadata={requires-auth=true}}
2026-10-08 19:35:53.063 [reactor-http-nio-1] [39mDEBUG[0;39m [36mo.s.c.g.h.RoutePredicateHandlerMapping[0;39m - Mapping [Exchange: GET http://localhost:8086/api/platform/admin/addons] to Route{id='platform-admin', uri=lb://MOMENT-FOREVER-PLATFORM, order=0, predicate=Paths: [/api/platform/admin/**], match trailing slash: true, gatewayFilters=[[[StripPrefix parts = 1], order = 1]], metadata={requires-auth=true}}
2026-10-08 19:35:53.063 [reactor-http-nio-9] [39mDEBUG[0;39m [36mo.s.c.g.h.RoutePredicateHandlerMapping[0;39m - [7826a969-151] Mapped to org.springframework.cloud.gateway.handler.FilteringWebHandler@3f7c6365
2026-10-08 19:35:53.063 [reactor-http-nio-10] [39mDEBUG[0;39m [36mo.s.c.g.handler.FilteringWebHandler[0;39m - Sorted gatewayFilterFactories: [[GatewayFilterAdapter{delegate=org.springframework.cloud.gateway.filter.RemoveCachedBodyFilter@7227926b}, order = -2147483648], [GatewayFilterAdapter{delegate=org.springframework.cloud.gateway.filter.AdaptCachedBodyGlobalFilter@79617c3d}, order = -2147482648], [GatewayFilterAdapter{delegate=com.forvmom.MomentForeverAPIGateway.filter.JwtAuthenticationFilter@35a9e665}, order = -1], [GatewayFilterAdapter{delegate=org.springframework.cloud.gateway.filter.NettyWriteResponseFilter@1b632442}, order = -1], [GatewayFilterAdapter{delegate=org.springframework.cloud.gateway.filter.ForwardPathFilter@57a982f9}, order = 0], [GatewayFilterAdapter{delegate=org.springframework.cloud.gateway.filter.GatewayMetricsFilter@1b69fc07}, order = 0], [[StripPrefix parts = 1], order = 1], [GatewayFilterAdapter{delegate=org.springframework.cloud.gateway.filter.RouteToRequestUrlFilter@2f75a9b1}, order = 10000], [GatewayFilterAdapter{delegate=org.springframework.cloud.gateway.filter.ReactiveLoadBalancerClientFilter@362be0cd}, order = 10150], [GatewayFilterAdapter{delegate=org.springframework.cloud.gateway.filter.LoadBalancerServiceInstanceCookieFilter@2dde0a34}, order = 10151], [GatewayFilterAdapter{delegate=org.springframework.cloud.gateway.filter.WebsocketRoutingFilter@19d3f6ad}, order = 2147483646], [GatewayFilterAdapter{delegate=com.forvmom.MomentForeverAPIGateway.filter.GatewayRequestLoggingFilter@6a04d2a4}, order = 2147483647], [GatewayFilterAdapter{delegate=org.springframework.cloud.gateway.filter.NettyRoutingFilter@61836cd9}, order = 2147483647], [GatewayFilterAdapter{delegate=org.springframework.cloud.gateway.filter.ForwardRoutingFilter@556aed22}, order = 2147483647]]
2026-10-08 19:35:53.063 [reactor-http-nio-12] [39mDEBUG[0;39m [36mo.s.c.g.h.RoutePredicateHandlerMapping[0;39m - [a53e9abb-154] Mapped to org.springframework.cloud.gateway.handler.FilteringWebHandler@3f7c6365
2026-10-08 19:35:53.063 [reactor-http-nio-11] [39mDEBUG[0;39m [36mo.s.c.g.h.RoutePredicateHandlerMapping[0;39m - [bbbc31c8-153] Mapped to org.springframework.cloud.gateway.handler.FilteringWebHandler@3f7c6365
2026-10-08 19:35:53.063 [reactor-http-nio-1] [39mDEBUG[0;39m [36mo.s.c.g.h.RoutePredicateHandlerMapping[0;39m - [648af6f6-155] Mapped to org.springframework.cloud.gateway.handler.FilteringWebHandler@3f7c6365
2026-10-08 19:35:53.063 [reactor-http-nio-9] [39mDEBUG[0;39m [36mo.s.c.g.handler.FilteringWebHandler[0;39m - Sorted gatewayFilterFactories: [[GatewayFilterAdapter{delegate=org.springframework.cloud.gateway.filter.RemoveCachedBodyFilter@7227926b}, order = -2147483648], [GatewayFilterAdapter{delegate=org.springframework.cloud.gateway.filter.AdaptCachedBodyGlobalFilter@79617c3d}, order = -2147482648], [GatewayFilterAdapter{delegate=com.forvmom.MomentForeverAPIGateway.filter.JwtAuthenticationFilter@35a9e665}, order = -1], [GatewayFilterAdapter{delegate=org.springframework.cloud.gateway.filter.NettyWriteResponseFilter@1b632442}, order = -1], [GatewayFilterAdapter{delegate=org.springframework.cloud.gateway.filter.ForwardPathFilter@57a982f9}, order = 0], [GatewayFilterAdapter{delegate=org.springframework.cloud.gateway.filter.GatewayMetricsFilter@1b69fc07}, order = 0], [[StripPrefix parts = 1], order = 1], [GatewayFilterAdapter{delegate=org.springframework.cloud.gateway.filter.RouteToRequestUrlFilter@2f75a9b1}, order = 10000], [GatewayFilterAdapter{delegate=org.springframework.cloud.gateway.filter.ReactiveLoadBalancerClientFilter@362be0cd}, order = 10150], [GatewayFilterAdapter{delegate=org.springframework.cloud.gateway.filter.LoadBalancerServiceInstanceCookieFilter@2dde0a34}, order = 10151], [GatewayFilterAdapter{delegate=org.springframework.cloud.gateway.filter.WebsocketRoutingFilter@19d3f6ad}, order = 2147483646], [GatewayFilterAdapter{delegate=com.forvmom.MomentForeverAPIGateway.filter.GatewayRequestLoggingFilter@6a04d2a4}, order = 2147483647], [GatewayFilterAdapter{delegate=org.springframework.cloud.gateway.filter.NettyRoutingFilter@61836cd9}, order = 2147483647], [GatewayFilterAdapter{delegate=org.springframework.cloud.gateway.filter.ForwardRoutingFilter@556aed22}, order = 2147483647]]
2026-10-08 19:35:53.063 [reactor-http-nio-12] [39mDEBUG[0;39m [36mo.s.c.g.handler.FilteringWebHandler[0;39m - Sorted gatewayFilterFactories: [[GatewayFilterAdapter{delegate=org.springframework.cloud.gateway.filter.RemoveCachedBodyFilter@7227926b}, order = -2147483648], [GatewayFilterAdapter{delegate=org.springframework.cloud.gateway.filter.AdaptCachedBodyGlobalFilter@79617c3d}, order = -2147482648], [GatewayFilterAdapter{delegate=com.forvmom.MomentForeverAPIGateway.filter.JwtAuthenticationFilter@35a9e665}, order = -1], [GatewayFilterAdapter{delegate=org.springframework.cloud.gateway.filter.NettyWriteResponseFilter@1b632442}, order = -1], [GatewayFilterAdapter{delegate=org.springframework.cloud.gateway.filter.ForwardPathFilter@57a982f9}, order = 0], [GatewayFilterAdapter{delegate=org.springframework.cloud.gateway.filter.GatewayMetricsFilter@1b69fc07}, order = 0], [[StripPrefix parts = 1], order = 1], [GatewayFilterAdapter{delegate=org.springframework.cloud.gateway.filter.RouteToRequestUrlFilter@2f75a9b1}, order = 10000], [GatewayFilterAdapter{delegate=org.springframework.cloud.gateway.filter.ReactiveLoadBalancerClientFilter@362be0cd}, order = 10150], [GatewayFilterAdapter{delegate=org.springframework.cloud.gateway.filter.LoadBalancerServiceInstanceCookieFilter@2dde0a34}, order = 10151], [GatewayFilterAdapter{delegate=org.springframework.cloud.gateway.filter.WebsocketRoutingFilter@19d3f6ad}, order = 2147483646], [GatewayFilterAdapter{delegate=com.forvmom.MomentForeverAPIGateway.filter.GatewayRequestLoggingFilter@6a04d2a4}, order = 2147483647], [GatewayFilterAdapter{delegate=org.springframework.cloud.gateway.filter.NettyRoutingFilter@61836cd9}, order = 2147483647], [GatewayFilterAdapter{delegate=org.springframework.cloud.gateway.filter.ForwardRoutingFilter@556aed22}, order = 2147483647]]
2026-10-08 19:35:53.064 [reactor-http-nio-1] [39mDEBUG[0;39m [36mo.s.c.g.handler.FilteringWebHandler[0;39m - Sorted gatewayFilterFactories: [[GatewayFilterAdapter{delegate=org.springframework.cloud.gateway.filter.RemoveCachedBodyFilter@7227926b}, order = -2147483648], [GatewayFilterAdapter{delegate=org.springframework.cloud.gateway.filter.AdaptCachedBodyGlobalFilter@79617c3d}, order = -2147482648], [GatewayFilterAdapter{delegate=com.forvmom.MomentForeverAPIGateway.filter.JwtAuthenticationFilter@35a9e665}, order = -1], [GatewayFilterAdapter{delegate=org.springframework.cloud.gateway.filter.NettyWriteResponseFilter@1b632442}, order = -1], [GatewayFilterAdapter{delegate=org.springframework.cloud.gateway.filter.ForwardPathFilter@57a982f9}, order = 0], [GatewayFilterAdapter{delegate=org.springframework.cloud.gateway.filter.GatewayMetricsFilter@1b69fc07}, order = 0], [[StripPrefix parts = 1], order = 1], [GatewayFilterAdapter{delegate=org.springframework.cloud.gateway.filter.RouteToRequestUrlFilter@2f75a9b1}, order = 10000], [GatewayFilterAdapter{delegate=org.springframework.cloud.gateway.filter.ReactiveLoadBalancerClientFilter@362be0cd}, order = 10150], [GatewayFilterAdapter{delegate=org.springframework.cloud.gateway.filter.LoadBalancerServiceInstanceCookieFilter@2dde0a34}, order = 10151], [GatewayFilterAdapter{delegate=org.springframework.cloud.gateway.filter.WebsocketRoutingFilter@19d3f6ad}, order = 2147483646], [GatewayFilterAdapter{delegate=com.forvmom.MomentForeverAPIGateway.filter.GatewayRequestLoggingFilter@6a04d2a4}, order = 2147483647], [GatewayFilterAdapter{delegate=org.springframework.cloud.gateway.filter.NettyRoutingFilter@61836cd9}, order = 2147483647], [GatewayFilterAdapter{delegate=org.springframework.cloud.gateway.filter.ForwardRoutingFilter@556aed22}, order = 2147483647]]
2026-10-08 19:35:53.063 [reactor-http-nio-11] [39mDEBUG[0;39m [36mo.s.c.g.handler.FilteringWebHandler[0;39m - Sorted gatewayFilterFactories: [[GatewayFilterAdapter{delegate=org.springframework.cloud.gateway.filter.RemoveCachedBodyFilter@7227926b}, order = -2147483648], [GatewayFilterAdapter{delegate=org.springframework.cloud.gateway.filter.AdaptCachedBodyGlobalFilter@79617c3d}, order = -2147482648], [GatewayFilterAdapter{delegate=com.forvmom.MomentForeverAPIGateway.filter.JwtAuthenticationFilter@35a9e665}, order = -1], [GatewayFilterAdapter{delegate=org.springframework.cloud.gateway.filter.NettyWriteResponseFilter@1b632442}, order = -1], [GatewayFilterAdapter{delegate=org.springframework.cloud.gateway.filter.ForwardPathFilter@57a982f9}, order = 0], [GatewayFilterAdapter{delegate=org.springframework.cloud.gateway.filter.GatewayMetricsFilter@1b69fc07}, order = 0], [[StripPrefix parts = 1], order = 1], [GatewayFilterAdapter{delegate=org.springframework.cloud.gateway.filter.RouteToRequestUrlFilter@2f75a9b1}, order = 10000], [GatewayFilterAdapter{delegate=org.springframework.cloud.gateway.filter.ReactiveLoadBalancerClientFilter@362be0cd}, order = 10150], [GatewayFilterAdapter{delegate=org.springframework.cloud.gateway.filter.LoadBalancerServiceInstanceCookieFilter@2dde0a34}, order = 10151], [GatewayFilterAdapter{delegate=org.springframework.cloud.gateway.filter.WebsocketRoutingFilter@19d3f6ad}, order = 2147483646], [GatewayFilterAdapter{delegate=com.forvmom.MomentForeverAPIGateway.filter.GatewayRequestLoggingFilter@6a04d2a4}, order = 2147483647], [GatewayFilterAdapter{delegate=org.springframework.cloud.gateway.filter.NettyRoutingFilter@61836cd9}, order = 2147483647], [GatewayFilterAdapter{delegate=org.springframework.cloud.gateway.filter.ForwardRoutingFilter@556aed22}, order = 2147483647]]
2026-10-08 19:35:53.084 [boundedElastic-8] [39mDEBUG[0;39m [36mo.s.c.g.f.h.o.ObservedRequestHttpHeadersFilter[0;39m - Will instrument the HTTP request headers [host:"localhost:8086", sec-ch-ua-platform:""Windows"", authorization:"Bearer eyJhbGciOiJIUzI1NiJ9.eyJyb2xlcyI6IlNVUEVSX0FETUlOIiwidXNlcklkIjoxLCJlbmFibGVkIjp0cnVlLCJ1c2VybmFtZSI6InN1cGVyYWRtaW5AY2hlcmlzaHguY29tIiwiYWNjb3VudE5vbkxvY2tlZCI6dHJ1ZSwic3ViIjoic3VwZXJhZG1pbkBjaGVyaXNoeC5jb20iLCJpYXQiOjE3OTE0NjgzMjEsImV4cCI6MTc5MTU1NDcyMSwiaXNzIjoibW9tZW50LWZvcmV2ZXItYXBwIiwiYXVkIjoibW9tZW50LWZvcmV2ZXItY2xpZW50In0.MSh7MAgomTQN20GrkE0ylIFKJcho7PbSp53bCRBE2-Y", sec-ch-ua:""Chromium";v="154", "Microsoft Edge";v="154", "Not A(Brand";v="99"", accesstoken:"eyJhbGciOiJIUzI1NiJ9.eyJyb2xlcyI6IlNVUEVSX0FETUlOIiwidXNlcklkIjoxLCJlbmFibGVkIjp0cnVlLCJ1c2VybmFtZSI6InN1cGVyYWRtaW5AY2hlcmlzaHguY29tIiwiYWNjb3VudE5vbkxvY2tlZCI6dHJ1ZSwic3ViIjoic3VwZXJhZG1pbkBjaGVyaXNoeC5jb20iLCJpYXQiOjE3OTE0NjgzMjEsImV4cCI6MTc5MTU1NDcyMSwiaXNzIjoibW9tZW50LWZvcmV2ZXItYXBwIiwiYXVkIjoibW9tZW50LWZvcmV2ZXItY2xpZW50In0.MSh7MAgomTQN20GrkE0ylIFKJcho7PbSp53bCRBE2-Y", sec-ch-ua-mobile:"?0", x-requested-with:"XMLHttpRequest", x-pm-header:"[object Object]", accept:"application/json", user-agent:"Mozilla/5.0 (Windows NT 10.0; Win64; x64) AppleWebKit/537.36 (KHTML, like Gecko) Chrome/154.0.0.0 Safari/537.36 Edg/154.0.0.0", sec-fetch-site:"same-origin", sec-fetch-mode:"cors", sec-fetch-dest:"empty", referer:"http://localhost:5173/admin/experience", accept-encoding:"gzip, deflate, br, zstd", accept-language:"en-GB,en;q=0.9,en-US;q=0.8,en-IN;q=0.7", X-User-Id:"1", X-User-Roles:"SUPER_ADMIN", Forwarded:"proto=http;host="localhost:8086";for="[0:0:0:0:0:0:0:1]:54951"", X-Forwarded-For:"0:0:0:0:0:0:0:1", X-Forwarded-Proto:"http", X-Forwarded-Prefix:"/api", X-Forwarded-Port:"8086", X-Forwarded-Host:"localhost:8086"]
2026-10-08 19:35:53.084 [boundedElastic-2] [39mDEBUG[0;39m [36mo.s.c.g.f.h.o.ObservedRequestHttpHeadersFilter[0;39m - Will instrument the HTTP request headers [host:"localhost:8086", sec-ch-ua-platform:""Windows"", authorization:"Bearer eyJhbGciOiJIUzI1NiJ9.eyJyb2xlcyI6IlNVUEVSX0FETUlOIiwidXNlcklkIjoxLCJlbmFibGVkIjp0cnVlLCJ1c2VybmFtZSI6InN1cGVyYWRtaW5AY2hlcmlzaHguY29tIiwiYWNjb3VudE5vbkxvY2tlZCI6dHJ1ZSwic3ViIjoic3VwZXJhZG1pbkBjaGVyaXNoeC5jb20iLCJpYXQiOjE3OTE0NjgzMjEsImV4cCI6MTc5MTU1NDcyMSwiaXNzIjoibW9tZW50LWZvcmV2ZXItYXBwIiwiYXVkIjoibW9tZW50LWZvcmV2ZXItY2xpZW50In0.MSh7MAgomTQN20GrkE0ylIFKJcho7PbSp53bCRBE2-Y", sec-ch-ua:""Chromium";v="154", "Microsoft Edge";v="154", "Not A(Brand";v="99"", accesstoken:"eyJhbGciOiJIUzI1NiJ9.eyJyb2xlcyI6IlNVUEVSX0FETUlOIiwidXNlcklkIjoxLCJlbmFibGVkIjp0cnVlLCJ1c2VybmFtZSI6InN1cGVyYWRtaW5AY2hlcmlzaHguY29tIiwiYWNjb3VudE5vbkxvY2tlZCI6dHJ1ZSwic3ViIjoic3VwZXJhZG1pbkBjaGVyaXNoeC5jb20iLCJpYXQiOjE3OTE0NjgzMjEsImV4cCI6MTc5MTU1NDcyMSwiaXNzIjoibW9tZW50LWZvcmV2ZXItYXBwIiwiYXVkIjoibW9tZW50LWZvcmV2ZXItY2xpZW50In0.MSh7MAgomTQN20GrkE0ylIFKJcho7PbSp53bCRBE2-Y", sec-ch-ua-mobile:"?0", x-requested-with:"XMLHttpRequest", x-pm-header:"[object Object]", accept:"application/json", user-agent:"Mozilla/5.0 (Windows NT 10.0; Win64; x64) AppleWebKit/537.36 (KHTML, like Gecko) Chrome/154.0.0.0 Safari/537.36 Edg/154.0.0.0", sec-fetch-site:"same-origin", sec-fetch-mode:"cors", sec-fetch-dest:"empty", referer:"http://localhost:5173/admin/experience", accept-encoding:"gzip, deflate, br, zstd", accept-language:"en-GB,en;q=0.9,en-US;q=0.8,en-IN;q=0.7", X-User-Id:"1", X-User-Roles:"SUPER_ADMIN", Forwarded:"proto=http;host="localhost:8086";for="[0:0:0:0:0:0:0:1]:61287"", X-Forwarded-For:"0:0:0:0:0:0:0:1", X-Forwarded-Proto:"http", X-Forwarded-Prefix:"/api", X-Forwarded-Port:"8086", X-Forwarded-Host:"localhost:8086"]
2026-10-08 19:35:53.084 [boundedElastic-8] [39mDEBUG[0;39m [36mo.s.c.g.f.h.o.ObservedRequestHttpHeadersFilter[0;39m - Client observation  {name=http.client.requests(null), error=null, context=name='http.client.requests', contextualName='null', error='null', lowCardinalityKeyValues=[http.method='GET', http.status_code='UNKNOWN', spring.cloud.gateway.route.id='platform-admin', spring.cloud.gateway.route.uri='lb://MOMENT-FOREVER-PLATFORM'], highCardinalityKeyValues=[http.uri='http://localhost:8086/platform/admin/inclusions'], map=[class io.micrometer.core.instrument.Timer$Sample='io.micrometer.core.instrument.Timer$Sample@3b387c27', class io.micrometer.core.instrument.LongTaskTimer$Sample='SampleImpl{duration(seconds)=6.9E-5, duration(nanos)=69000.0, startTimeNanos=107358291795300}'], parentObservation={name=http.server.requests(null), error=null, context=name='http.server.requests', contextualName='null', error='null', lowCardinalityKeyValues=[exception='none', method='GET', outcome='SUCCESS', status='200', uri='UNKNOWN'], highCardinalityKeyValues=[http.url='/api/platform/admin/inclusions'], map=[class io.micrometer.core.instrument.Timer$Sample='io.micrometer.core.instrument.Timer$Sample@6e3c994b', class io.micrometer.core.instrument.LongTaskTimer$Sample='SampleImpl{duration(seconds)=0.0221889, duration(nanos)=2.21889E7, startTimeNanos=107358269768400}'], parentObservation=null}} created for the request. New headers are [host:"localhost:8086", sec-ch-ua-platform:""Windows"", authorization:"Bearer eyJhbGciOiJIUzI1NiJ9.eyJyb2xlcyI6IlNVUEVSX0FETUlOIiwidXNlcklkIjoxLCJlbmFibGVkIjp0cnVlLCJ1c2VybmFtZSI6InN1cGVyYWRtaW5AY2hlcmlzaHguY29tIiwiYWNjb3VudE5vbkxvY2tlZCI6dHJ1ZSwic3ViIjoic3VwZXJhZG1pbkBjaGVyaXNoeC5jb20iLCJpYXQiOjE3OTE0NjgzMjEsImV4cCI6MTc5MTU1NDcyMSwiaXNzIjoibW9tZW50LWZvcmV2ZXItYXBwIiwiYXVkIjoibW9tZW50LWZvcmV2ZXItY2xpZW50In0.MSh7MAgomTQN20GrkE0ylIFKJcho7PbSp53bCRBE2-Y", sec-ch-ua:""Chromium";v="154", "Microsoft Edge";v="154", "Not A(Brand";v="99"", accesstoken:"eyJhbGciOiJIUzI1NiJ9.eyJyb2xlcyI6IlNVUEVSX0FETUlOIiwidXNlcklkIjoxLCJlbmFibGVkIjp0cnVlLCJ1c2VybmFtZSI6InN1cGVyYWRtaW5AY2hlcmlzaHguY29tIiwiYWNjb3VudE5vbkxvY2tlZCI6dHJ1ZSwic3ViIjoic3VwZXJhZG1pbkBjaGVyaXNoeC5jb20iLCJpYXQiOjE3OTE0NjgzMjEsImV4cCI6MTc5MTU1NDcyMSwiaXNzIjoibW9tZW50LWZvcmV2ZXItYXBwIiwiYXVkIjoibW9tZW50LWZvcmV2ZXItY2xpZW50In0.MSh7MAgomTQN20GrkE0ylIFKJcho7PbSp53bCRBE2-Y", sec-ch-ua-mobile:"?0", x-requested-with:"XMLHttpRequest", x-pm-header:"[object Object]", accept:"application/json", user-agent:"Mozilla/5.0 (Windows NT 10.0; Win64; x64) AppleWebKit/537.36 (KHTML, like Gecko) Chrome/154.0.0.0 Safari/537.36 Edg/154.0.0.0", sec-fetch-site:"same-origin", sec-fetch-mode:"cors", sec-fetch-dest:"empty", referer:"http://localhost:5173/admin/experience", accept-encoding:"gzip, deflate, br, zstd", accept-language:"en-GB,en;q=0.9,en-US;q=0.8,en-IN;q=0.7", X-User-Id:"1", X-User-Roles:"SUPER_ADMIN", Forwarded:"proto=http;host="localhost:8086";for="[0:0:0:0:0:0:0:1]:54951"", X-Forwarded-For:"0:0:0:0:0:0:0:1", X-Forwarded-Proto:"http", X-Forwarded-Prefix:"/api", X-Forwarded-Port:"8086", X-Forwarded-Host:"localhost:8086"]
2026-10-08 19:35:53.084 [boundedElastic-5] [39mDEBUG[0;39m [36mo.s.c.g.f.h.o.ObservedRequestHttpHeadersFilter[0;39m - Will instrument the HTTP request headers [host:"localhost:8086", sec-ch-ua-platform:""Windows"", authorization:"Bearer eyJhbGciOiJIUzI1NiJ9.eyJyb2xlcyI6IlNVUEVSX0FETUlOIiwidXNlcklkIjoxLCJlbmFibGVkIjp0cnVlLCJ1c2VybmFtZSI6InN1cGVyYWRtaW5AY2hlcmlzaHguY29tIiwiYWNjb3VudE5vbkxvY2tlZCI6dHJ1ZSwic3ViIjoic3VwZXJhZG1pbkBjaGVyaXNoeC5jb20iLCJpYXQiOjE3OTE0NjgzMjEsImV4cCI6MTc5MTU1NDcyMSwiaXNzIjoibW9tZW50LWZvcmV2ZXItYXBwIiwiYXVkIjoibW9tZW50LWZvcmV2ZXItY2xpZW50In0.MSh7MAgomTQN20GrkE0ylIFKJcho7PbSp53bCRBE2-Y", sec-ch-ua:""Chromium";v="154", "Microsoft Edge";v="154", "Not A(Brand";v="99"", accesstoken:"eyJhbGciOiJIUzI1NiJ9.eyJyb2xlcyI6IlNVUEVSX0FETUlOIiwidXNlcklkIjoxLCJlbmFibGVkIjp0cnVlLCJ1c2VybmFtZSI6InN1cGVyYWRtaW5AY2hlcmlzaHguY29tIiwiYWNjb3VudE5vbkxvY2tlZCI6dHJ1ZSwic3ViIjoic3VwZXJhZG1pbkBjaGVyaXNoeC5jb20iLCJpYXQiOjE3OTE0NjgzMjEsImV4cCI6MTc5MTU1NDcyMSwiaXNzIjoibW9tZW50LWZvcmV2ZXItYXBwIiwiYXVkIjoibW9tZW50LWZvcmV2ZXItY2xpZW50In0.MSh7MAgomTQN20GrkE0ylIFKJcho7PbSp53bCRBE2-Y", sec-ch-ua-mobile:"?0", x-requested-with:"XMLHttpRequest", x-pm-header:"[object Object]", accept:"application/json", user-agent:"Mozilla/5.0 (Windows NT 10.0; Win64; x64) AppleWebKit/537.36 (KHTML, like Gecko) Chrome/154.0.0.0 Safari/537.36 Edg/154.0.0.0", sec-fetch-site:"same-origin", sec-fetch-mode:"cors", sec-fetch-dest:"empty", referer:"http://localhost:5173/admin/experience", accept-encoding:"gzip, deflate, br, zstd", accept-language:"en-GB,en;q=0.9,en-US;q=0.8,en-IN;q=0.7", X-User-Id:"1", X-User-Roles:"SUPER_ADMIN", Forwarded:"proto=http;host="localhost:8086";for="[0:0:0:0:0:0:0:1]:54950"", X-Forwarded-For:"0:0:0:0:0:0:0:1", X-Forwarded-Proto:"http", X-Forwarded-Prefix:"/api", X-Forwarded-Port:"8086", X-Forwarded-Host:"localhost:8086"]
2026-10-08 19:35:53.084 [boundedElastic-9] [39mDEBUG[0;39m [36mo.s.c.g.f.h.o.ObservedRequestHttpHeadersFilter[0;39m - Will instrument the HTTP request headers [host:"localhost:8086", sec-ch-ua-platform:""Windows"", authorization:"Bearer eyJhbGciOiJIUzI1NiJ9.eyJyb2xlcyI6IlNVUEVSX0FETUlOIiwidXNlcklkIjoxLCJlbmFibGVkIjp0cnVlLCJ1c2VybmFtZSI6InN1cGVyYWRtaW5AY2hlcmlzaHguY29tIiwiYWNjb3VudE5vbkxvY2tlZCI6dHJ1ZSwic3ViIjoic3VwZXJhZG1pbkBjaGVyaXNoeC5jb20iLCJpYXQiOjE3OTE0NjgzMjEsImV4cCI6MTc5MTU1NDcyMSwiaXNzIjoibW9tZW50LWZvcmV2ZXItYXBwIiwiYXVkIjoibW9tZW50LWZvcmV2ZXItY2xpZW50In0.MSh7MAgomTQN20GrkE0ylIFKJcho7PbSp53bCRBE2-Y", sec-ch-ua:""Chromium";v="154", "Microsoft Edge";v="154", "Not A(Brand";v="99"", accesstoken:"eyJhbGciOiJIUzI1NiJ9.eyJyb2xlcyI6IlNVUEVSX0FETUlOIiwidXNlcklkIjoxLCJlbmFibGVkIjp0cnVlLCJ1c2VybmFtZSI6InN1cGVyYWRtaW5AY2hlcmlzaHguY29tIiwiYWNjb3VudE5vbkxvY2tlZCI6dHJ1ZSwic3ViIjoic3VwZXJhZG1pbkBjaGVyaXNoeC5jb20iLCJpYXQiOjE3OTE0NjgzMjEsImV4cCI6MTc5MTU1NDcyMSwiaXNzIjoibW9tZW50LWZvcmV2ZXItYXBwIiwiYXVkIjoibW9tZW50LWZvcmV2ZXItY2xpZW50In0.MSh7MAgomTQN20GrkE0ylIFKJcho7PbSp53bCRBE2-Y", sec-ch-ua-mobile:"?0", x-requested-with:"XMLHttpRequest", x-pm-header:"[object Object]", accept:"application/json", user-agent:"Mozilla/5.0 (Windows NT 10.0; Win64; x64) AppleWebKit/537.36 (KHTML, like Gecko) Chrome/154.0.0.0 Safari/537.36 Edg/154.0.0.0", sec-fetch-site:"same-origin", sec-fetch-mode:"cors", sec-fetch-dest:"empty", referer:"http://localhost:5173/admin/experience", accept-encoding:"gzip, deflate, br, zstd", accept-language:"en-GB,en;q=0.9,en-US;q=0.8,en-IN;q=0.7", X-User-Id:"1", X-User-Roles:"SUPER_ADMIN", Forwarded:"proto=http;host="localhost:8086";for="[0:0:0:0:0:0:0:1]:54952"", X-Forwarded-For:"0:0:0:0:0:0:0:1", X-Forwarded-Proto:"http", X-Forwarded-Prefix:"/api", X-Forwarded-Port:"8086", X-Forwarded-Host:"localhost:8086"]
2026-10-08 19:35:53.084 [boundedElastic-2] [39mDEBUG[0;39m [36mo.s.c.g.f.h.o.ObservedRequestHttpHeadersFilter[0;39m - Client observation  {name=http.client.requests(null), error=null, context=name='http.client.requests', contextualName='null', error='null', lowCardinalityKeyValues=[http.method='GET', http.status_code='UNKNOWN', spring.cloud.gateway.route.id='platform-admin', spring.cloud.gateway.route.uri='lb://MOMENT-FOREVER-PLATFORM'], highCardinalityKeyValues=[http.uri='http://localhost:8086/platform/admin/experiences'], map=[class io.micrometer.core.instrument.Timer$Sample='io.micrometer.core.instrument.Timer$Sample@33039fc4', class io.micrometer.core.instrument.LongTaskTimer$Sample='SampleImpl{duration(seconds)=6.4E-5, duration(nanos)=64000.0, startTimeNanos=107358292068000}'], parentObservation={name=http.server.requests(null), error=null, context=name='http.server.requests', contextualName='null', error='null', lowCardinalityKeyValues=[exception='none', method='GET', outcome='SUCCESS', status='200', uri='UNKNOWN'], highCardinalityKeyValues=[http.url='/api/platform/admin/experiences'], map=[class io.micrometer.core.instrument.Timer$Sample='io.micrometer.core.instrument.Timer$Sample@6b570fe5', class io.micrometer.core.instrument.LongTaskTimer$Sample='SampleImpl{duration(seconds)=0.0282255, duration(nanos)=2.82255E7, startTimeNanos=107358263993900}'], parentObservation=null}} created for the request. New headers are [host:"localhost:8086", sec-ch-ua-platform:""Windows"", authorization:"Bearer eyJhbGciOiJIUzI1NiJ9.eyJyb2xlcyI6IlNVUEVSX0FETUlOIiwidXNlcklkIjoxLCJlbmFibGVkIjp0cnVlLCJ1c2VybmFtZSI6InN1cGVyYWRtaW5AY2hlcmlzaHguY29tIiwiYWNjb3VudE5vbkxvY2tlZCI6dHJ1ZSwic3ViIjoic3VwZXJhZG1pbkBjaGVyaXNoeC5jb20iLCJpYXQiOjE3OTE0NjgzMjEsImV4cCI6MTc5MTU1NDcyMSwiaXNzIjoibW9tZW50LWZvcmV2ZXItYXBwIiwiYXVkIjoibW9tZW50LWZvcmV2ZXItY2xpZW50In0.MSh7MAgomTQN20GrkE0ylIFKJcho7PbSp53bCRBE2-Y", sec-ch-ua:""Chromium";v="154", "Microsoft Edge";v="154", "Not A(Brand";v="99"", accesstoken:"eyJhbGciOiJIUzI1NiJ9.eyJyb2xlcyI6IlNVUEVSX0FETUlOIiwidXNlcklkIjoxLCJlbmFibGVkIjp0cnVlLCJ1c2VybmFtZSI6InN1cGVyYWRtaW5AY2hlcmlzaHguY29tIiwiYWNjb3VudE5vbkxvY2tlZCI6dHJ1ZSwic3ViIjoic3VwZXJhZG1pbkBjaGVyaXNoeC5jb20iLCJpYXQiOjE3OTE0NjgzMjEsImV4cCI6MTc5MTU1NDcyMSwiaXNzIjoibW9tZW50LWZvcmV2ZXItYXBwIiwiYXVkIjoibW9tZW50LWZvcmV2ZXItY2xpZW50In0.MSh7MAgomTQN20GrkE0ylIFKJcho7PbSp53bCRBE2-Y", sec-ch-ua-mobile:"?0", x-requested-with:"XMLHttpRequest", x-pm-header:"[object Object]", accept:"application/json", user-agent:"Mozilla/5.0 (Windows NT 10.0; Win64; x64) AppleWebKit/537.36 (KHTML, like Gecko) Chrome/154.0.0.0 Safari/537.36 Edg/154.0.0.0", sec-fetch-site:"same-origin", sec-fetch-mode:"cors", sec-fetch-dest:"empty", referer:"http://localhost:5173/admin/experience", accept-encoding:"gzip, deflate, br, zstd", accept-language:"en-GB,en;q=0.9,en-US;q=0.8,en-IN;q=0.7", X-User-Id:"1", X-User-Roles:"SUPER_ADMIN", Forwarded:"proto=http;host="localhost:8086";for="[0:0:0:0:0:0:0:1]:61287"", X-Forwarded-For:"0:0:0:0:0:0:0:1", X-Forwarded-Proto:"http", X-Forwarded-Prefix:"/api", X-Forwarded-Port:"8086", X-Forwarded-Host:"localhost:8086"]
2026-10-08 19:35:53.085 [boundedElastic-5] [39mDEBUG[0;39m [36mo.s.c.g.f.h.o.ObservedRequestHttpHeadersFilter[0;39m - Client observation  {name=http.client.requests(null), error=null, context=name='http.client.requests', contextualName='null', error='null', lowCardinalityKeyValues=[http.method='GET', http.status_code='UNKNOWN', spring.cloud.gateway.route.id='platform-admin', spring.cloud.gateway.route.uri='lb://MOMENT-FOREVER-PLATFORM'], highCardinalityKeyValues=[http.uri='http://localhost:8086/platform/admin/subcategories'], map=[class io.micrometer.core.instrument.Timer$Sample='io.micrometer.core.instrument.Timer$Sample@412880bf', class io.micrometer.core.instrument.LongTaskTimer$Sample='SampleImpl{duration(seconds)=6.97E-5, duration(nanos)=69700.0, startTimeNanos=107358292583500}'], parentObservation={name=http.server.requests(null), error=null, context=name='http.server.requests', contextualName='null', error='null', lowCardinalityKeyValues=[exception='none', method='GET', outcome='SUCCESS', status='200', uri='UNKNOWN'], highCardinalityKeyValues=[http.url='/api/platform/admin/subcategories'], map=[class io.micrometer.core.instrument.Timer$Sample='io.micrometer.core.instrument.Timer$Sample@778aba2e', class io.micrometer.core.instrument.LongTaskTimer$Sample='SampleImpl{duration(seconds)=0.0229775, duration(nanos)=2.29775E7, startTimeNanos=107358269768400}'], parentObservation=null}} created for the request. New headers are [host:"localhost:8086", sec-ch-ua-platform:""Windows"", authorization:"Bearer eyJhbGciOiJIUzI1NiJ9.eyJyb2xlcyI6IlNVUEVSX0FETUlOIiwidXNlcklkIjoxLCJlbmFibGVkIjp0cnVlLCJ1c2VybmFtZSI6InN1cGVyYWRtaW5AY2hlcmlzaHguY29tIiwiYWNjb3VudE5vbkxvY2tlZCI6dHJ1ZSwic3ViIjoic3VwZXJhZG1pbkBjaGVyaXNoeC5jb20iLCJpYXQiOjE3OTE0NjgzMjEsImV4cCI6MTc5MTU1NDcyMSwiaXNzIjoibW9tZW50LWZvcmV2ZXItYXBwIiwiYXVkIjoibW9tZW50LWZvcmV2ZXItY2xpZW50In0.MSh7MAgomTQN20GrkE0ylIFKJcho7PbSp53bCRBE2-Y", sec-ch-ua:""Chromium";v="154", "Microsoft Edge";v="154", "Not A(Brand";v="99"", accesstoken:"eyJhbGciOiJIUzI1NiJ9.eyJyb2xlcyI6IlNVUEVSX0FETUlOIiwidXNlcklkIjoxLCJlbmFibGVkIjp0cnVlLCJ1c2VybmFtZSI6InN1cGVyYWRtaW5AY2hlcmlzaHguY29tIiwiYWNjb3VudE5vbkxvY2tlZCI6dHJ1ZSwic3ViIjoic3VwZXJhZG1pbkBjaGVyaXNoeC5jb20iLCJpYXQiOjE3OTE0NjgzMjEsImV4cCI6MTc5MTU1NDcyMSwiaXNzIjoibW9tZW50LWZvcmV2ZXItYXBwIiwiYXVkIjoibW9tZW50LWZvcmV2ZXItY2xpZW50In0.MSh7MAgomTQN20GrkE0ylIFKJcho7PbSp53bCRBE2-Y", sec-ch-ua-mobile:"?0", x-requested-with:"XMLHttpRequest", x-pm-header:"[object Object]", accept:"application/json", user-agent:"Mozilla/5.0 (Windows NT 10.0; Win64; x64) AppleWebKit/537.36 (KHTML, like Gecko) Chrome/154.0.0.0 Safari/537.36 Edg/154.0.0.0", sec-fetch-site:"same-origin", sec-fetch-mode:"cors", sec-fetch-dest:"empty", referer:"http://localhost:5173/admin/experience", accept-encoding:"gzip, deflate, br, zstd", accept-language:"en-GB,en;q=0.9,en-US;q=0.8,en-IN;q=0.7", X-User-Id:"1", X-User-Roles:"SUPER_ADMIN", Forwarded:"proto=http;host="localhost:8086";for="[0:0:0:0:0:0:0:1]:54950"", X-Forwarded-For:"0:0:0:0:0:0:0:1", X-Forwarded-Proto:"http", X-Forwarded-Prefix:"/api", X-Forwarded-Port:"8086", X-Forwarded-Host:"localhost:8086"]
2026-10-08 19:35:53.085 [boundedElastic-9] [39mDEBUG[0;39m [36mo.s.c.g.f.h.o.ObservedRequestHttpHeadersFilter[0;39m - Client observation  {name=http.client.requests(null), error=null, context=name='http.client.requests', contextualName='null', error='null', lowCardinalityKeyValues=[http.method='GET', http.status_code='UNKNOWN', spring.cloud.gateway.route.id='platform-admin', spring.cloud.gateway.route.uri='lb://MOMENT-FOREVER-PLATFORM'], highCardinalityKeyValues=[http.uri='http://localhost:8086/platform/admin/cancellation-policies'], map=[class io.micrometer.core.instrument.Timer$Sample='io.micrometer.core.instrument.Timer$Sample@77b2a22a', class io.micrometer.core.instrument.LongTaskTimer$Sample='SampleImpl{duration(seconds)=6.7E-5, duration(nanos)=67000.0, startTimeNanos=107358292674600}'], parentObservation={name=http.server.requests(null), error=null, context=name='http.server.requests', contextualName='null', error='null', lowCardinalityKeyValues=[exception='none', method='GET', outcome='SUCCESS', status='200', uri='UNKNOWN'], highCardinalityKeyValues=[http.url='/api/platform/admin/cancellation-policies'], map=[class io.micrometer.core.instrument.Timer$Sample='io.micrometer.core.instrument.Timer$Sample@64c6b016', class io.micrometer.core.instrument.LongTaskTimer$Sample='SampleImpl{duration(seconds)=0.0229239, duration(nanos)=2.29239E7, startTimeNanos=107358269901400}'], parentObservation=null}} created for the request. New headers are [host:"localhost:8086", sec-ch-ua-platform:""Windows"", authorization:"Bearer eyJhbGciOiJIUzI1NiJ9.eyJyb2xlcyI6IlNVUEVSX0FETUlOIiwidXNlcklkIjoxLCJlbmFibGVkIjp0cnVlLCJ1c2VybmFtZSI6InN1cGVyYWRtaW5AY2hlcmlzaHguY29tIiwiYWNjb3VudE5vbkxvY2tlZCI6dHJ1ZSwic3ViIjoic3VwZXJhZG1pbkBjaGVyaXNoeC5jb20iLCJpYXQiOjE3OTE0NjgzMjEsImV4cCI6MTc5MTU1NDcyMSwiaXNzIjoibW9tZW50LWZvcmV2ZXItYXBwIiwiYXVkIjoibW9tZW50LWZvcmV2ZXItY2xpZW50In0.MSh7MAgomTQN20GrkE0ylIFKJcho7PbSp53bCRBE2-Y", sec-ch-ua:""Chromium";v="154", "Microsoft Edge";v="154", "Not A(Brand";v="99"", accesstoken:"eyJhbGciOiJIUzI1NiJ9.eyJyb2xlcyI6IlNVUEVSX0FETUlOIiwidXNlcklkIjoxLCJlbmFibGVkIjp0cnVlLCJ1c2VybmFtZSI6InN1cGVyYWRtaW5AY2hlcmlzaHguY29tIiwiYWNjb3VudE5vbkxvY2tlZCI6dHJ1ZSwic3ViIjoic3VwZXJhZG1pbkBjaGVyaXNoeC5jb20iLCJpYXQiOjE3OTE0NjgzMjEsImV4cCI6MTc5MTU1NDcyMSwiaXNzIjoibW9tZW50LWZvcmV2ZXItYXBwIiwiYXVkIjoibW9tZW50LWZvcmV2ZXItY2xpZW50In0.MSh7MAgomTQN20GrkE0ylIFKJcho7PbSp53bCRBE2-Y", sec-ch-ua-mobile:"?0", x-requested-with:"XMLHttpRequest", x-pm-header:"[object Object]", accept:"application/json", user-agent:"Mozilla/5.0 (Windows NT 10.0; Win64; x64) AppleWebKit/537.36 (KHTML, like Gecko) Chrome/154.0.0.0 Safari/537.36 Edg/154.0.0.0", sec-fetch-site:"same-origin", sec-fetch-mode:"cors", sec-fetch-dest:"empty", referer:"http://localhost:5173/admin/experience", accept-encoding:"gzip, deflate, br, zstd", accept-language:"en-GB,en;q=0.9,en-US;q=0.8,en-IN;q=0.7", X-User-Id:"1", X-User-Roles:"SUPER_ADMIN", Forwarded:"proto=http;host="localhost:8086";for="[0:0:0:0:0:0:0:1]:54952"", X-Forwarded-For:"0:0:0:0:0:0:0:1", X-Forwarded-Proto:"http", X-Forwarded-Prefix:"/api", X-Forwarded-Port:"8086", X-Forwarded-Host:"localhost:8086"]
2026-10-08 19:35:53.088 [boundedElastic-4] [39mDEBUG[0;39m [36mo.s.c.g.f.h.o.ObservedRequestHttpHeadersFilter[0;39m - Will instrument the HTTP request headers [host:"localhost:8086", sec-ch-ua-platform:""Windows"", authorization:"Bearer eyJhbGciOiJIUzI1NiJ9.eyJyb2xlcyI6IlNVUEVSX0FETUlOIiwidXNlcklkIjoxLCJlbmFibGVkIjp0cnVlLCJ1c2VybmFtZSI6InN1cGVyYWRtaW5AY2hlcmlzaHguY29tIiwiYWNjb3VudE5vbkxvY2tlZCI6dHJ1ZSwic3ViIjoic3VwZXJhZG1pbkBjaGVyaXNoeC5jb20iLCJpYXQiOjE3OTE0NjgzMjEsImV4cCI6MTc5MTU1NDcyMSwiaXNzIjoibW9tZW50LWZvcmV2ZXItYXBwIiwiYXVkIjoibW9tZW50LWZvcmV2ZXItY2xpZW50In0.MSh7MAgomTQN20GrkE0ylIFKJcho7PbSp53bCRBE2-Y", sec-ch-ua:""Chromium";v="154", "Microsoft Edge";v="154", "Not A(Brand";v="99"", accesstoken:"eyJhbGciOiJIUzI1NiJ9.eyJyb2xlcyI6IlNVUEVSX0FETUlOIiwidXNlcklkIjoxLCJlbmFibGVkIjp0cnVlLCJ1c2VybmFtZSI6InN1cGVyYWRtaW5AY2hlcmlzaHguY29tIiwiYWNjb3VudE5vbkxvY2tlZCI6dHJ1ZSwic3ViIjoic3VwZXJhZG1pbkBjaGVyaXNoeC5jb20iLCJpYXQiOjE3OTE0NjgzMjEsImV4cCI6MTc5MTU1NDcyMSwiaXNzIjoibW9tZW50LWZvcmV2ZXItYXBwIiwiYXVkIjoibW9tZW50LWZvcmV2ZXItY2xpZW50In0.MSh7MAgomTQN20GrkE0ylIFKJcho7PbSp53bCRBE2-Y", sec-ch-ua-mobile:"?0", x-requested-with:"XMLHttpRequest", x-pm-header:"[object Object]", accept:"application/json", user-agent:"Mozilla/5.0 (Windows NT 10.0; Win64; x64) AppleWebKit/537.36 (KHTML, like Gecko) Chrome/154.0.0.0 Safari/537.36 Edg/154.0.0.0", sec-fetch-site:"same-origin", sec-fetch-mode:"cors", sec-fetch-dest:"empty", referer:"http://localhost:5173/admin/experience", accept-encoding:"gzip, deflate, br, zstd", accept-language:"en-GB,en;q=0.9,en-US;q=0.8,en-IN;q=0.7", X-User-Id:"1", X-User-Roles:"SUPER_ADMIN", Forwarded:"proto=http;host="localhost:8086";for="[0:0:0:0:0:0:0:1]:54953"", X-Forwarded-For:"0:0:0:0:0:0:0:1", X-Forwarded-Proto:"http", X-Forwarded-Prefix:"/api", X-Forwarded-Port:"8086", X-Forwarded-Host:"localhost:8086"]
2026-10-08 19:35:53.089 [boundedElastic-4] [39mDEBUG[0;39m [36mo.s.c.g.f.h.o.ObservedRequestHttpHeadersFilter[0;39m - Client observation  {name=http.client.requests(null), error=null, context=name='http.client.requests', contextualName='null', error='null', lowCardinalityKeyValues=[http.method='GET', http.status_code='UNKNOWN', spring.cloud.gateway.route.id='platform-admin', spring.cloud.gateway.route.uri='lb://MOMENT-FOREVER-PLATFORM'], highCardinalityKeyValues=[http.uri='http://localhost:8086/platform/admin/locations'], map=[class io.micrometer.core.instrument.Timer$Sample='io.micrometer.core.instrument.Timer$Sample@6efb0825', class io.micrometer.core.instrument.LongTaskTimer$Sample='SampleImpl{duration(seconds)=1.494E-4, duration(nanos)=149400.0, startTimeNanos=107358296605500}'], parentObservation={name=http.server.requests(null), error=null, context=name='http.server.requests', contextualName='null', error='null', lowCardinalityKeyValues=[exception='none', method='GET', outcome='SUCCESS', status='200', uri='UNKNOWN'], highCardinalityKeyValues=[http.url='/api/platform/admin/locations'], map=[class io.micrometer.core.instrument.Timer$Sample='io.micrometer.core.instrument.Timer$Sample@286eaf2a', class io.micrometer.core.instrument.LongTaskTimer$Sample='SampleImpl{duration(seconds)=0.0270783, duration(nanos)=2.70783E7, startTimeNanos=107358269942700}'], parentObservation=null}} created for the request. New headers are [host:"localhost:8086", sec-ch-ua-platform:""Windows"", authorization:"Bearer eyJhbGciOiJIUzI1NiJ9.eyJyb2xlcyI6IlNVUEVSX0FETUlOIiwidXNlcklkIjoxLCJlbmFibGVkIjp0cnVlLCJ1c2VybmFtZSI6InN1cGVyYWRtaW5AY2hlcmlzaHguY29tIiwiYWNjb3VudE5vbkxvY2tlZCI6dHJ1ZSwic3ViIjoic3VwZXJhZG1pbkBjaGVyaXNoeC5jb20iLCJpYXQiOjE3OTE0NjgzMjEsImV4cCI6MTc5MTU1NDcyMSwiaXNzIjoibW9tZW50LWZvcmV2ZXItYXBwIiwiYXVkIjoibW9tZW50LWZvcmV2ZXItY2xpZW50In0.MSh7MAgomTQN20GrkE0ylIFKJcho7PbSp53bCRBE2-Y", sec-ch-ua:""Chromium";v="154", "Microsoft Edge";v="154", "Not A(Brand";v="99"", accesstoken:"eyJhbGciOiJIUzI1NiJ9.eyJyb2xlcyI6IlNVUEVSX0FETUlOIiwidXNlcklkIjoxLCJlbmFibGVkIjp0cnVlLCJ1c2VybmFtZSI6InN1cGVyYWRtaW5AY2hlcmlzaHguY29tIiwiYWNjb3VudE5vbkxvY2tlZCI6dHJ1ZSwic3ViIjoic3VwZXJhZG1pbkBjaGVyaXNoeC5jb20iLCJpYXQiOjE3OTE0NjgzMjEsImV4cCI6MTc5MTU1NDcyMSwiaXNzIjoibW9tZW50LWZvcmV2ZXItYXBwIiwiYXVkIjoibW9tZW50LWZvcmV2ZXItY2xpZW50In0.MSh7MAgomTQN20GrkE0ylIFKJcho7PbSp53bCRBE2-Y", sec-ch-ua-mobile:"?0", x-requested-with:"XMLHttpRequest", x-pm-header:"[object Object]", accept:"application/json", user-agent:"Mozilla/5.0 (Windows NT 10.0; Win64; x64) AppleWebKit/537.36 (KHTML, like Gecko) Chrome/154.0.0.0 Safari/537.36 Edg/154.0.0.0", sec-fetch-site:"same-origin", sec-fetch-mode:"cors", sec-fetch-dest:"empty", referer:"http://localhost:5173/admin/experience", accept-encoding:"gzip, deflate, br, zstd", accept-language:"en-GB,en;q=0.9,en-US;q=0.8,en-IN;q=0.7", X-User-Id:"1", X-User-Roles:"SUPER_ADMIN", Forwarded:"proto=http;host="localhost:8086";for="[0:0:0:0:0:0:0:1]:54953"", X-Forwarded-For:"0:0:0:0:0:0:0:1", X-Forwarded-Proto:"http", X-Forwarded-Prefix:"/api", X-Forwarded-Port:"8086", X-Forwarded-Host:"localhost:8086"]
2026-10-08 19:35:53.090 [boundedElastic-7] [39mDEBUG[0;39m [36mo.s.c.g.f.h.o.ObservedRequestHttpHeadersFilter[0;39m - Will instrument the HTTP request headers [host:"localhost:8086", sec-ch-ua-platform:""Windows"", authorization:"Bearer eyJhbGciOiJIUzI1NiJ9.eyJyb2xlcyI6IlNVUEVSX0FETUlOIiwidXNlcklkIjoxLCJlbmFibGVkIjp0cnVlLCJ1c2VybmFtZSI6InN1cGVyYWRtaW5AY2hlcmlzaHguY29tIiwiYWNjb3VudE5vbkxvY2tlZCI6dHJ1ZSwic3ViIjoic3VwZXJhZG1pbkBjaGVyaXNoeC5jb20iLCJpYXQiOjE3OTE0NjgzMjEsImV4cCI6MTc5MTU1NDcyMSwiaXNzIjoibW9tZW50LWZvcmV2ZXItYXBwIiwiYXVkIjoibW9tZW50LWZvcmV2ZXItY2xpZW50In0.MSh7MAgomTQN20GrkE0ylIFKJcho7PbSp53bCRBE2-Y", sec-ch-ua:""Chromium";v="154", "Microsoft Edge";v="154", "Not A(Brand";v="99"", accesstoken:"eyJhbGciOiJIUzI1NiJ9.eyJyb2xlcyI6IlNVUEVSX0FETUlOIiwidXNlcklkIjoxLCJlbmFibGVkIjp0cnVlLCJ1c2VybmFtZSI6InN1cGVyYWRtaW5AY2hlcmlzaHguY29tIiwiYWNjb3VudE5vbkxvY2tlZCI6dHJ1ZSwic3ViIjoic3VwZXJhZG1pbkBjaGVyaXNoeC5jb20iLCJpYXQiOjE3OTE0NjgzMjEsImV4cCI6MTc5MTU1NDcyMSwiaXNzIjoibW9tZW50LWZvcmV2ZXItYXBwIiwiYXVkIjoibW9tZW50LWZvcmV2ZXItY2xpZW50In0.MSh7MAgomTQN20GrkE0ylIFKJcho7PbSp53bCRBE2-Y", sec-ch-ua-mobile:"?0", x-requested-with:"XMLHttpRequest", x-pm-header:"[object Object]", accept:"application/json", user-agent:"Mozilla/5.0 (Windows NT 10.0; Win64; x64) AppleWebKit/537.36 (KHTML, like Gecko) Chrome/154.0.0.0 Safari/537.36 Edg/154.0.0.0", sec-fetch-site:"same-origin", sec-fetch-mode:"cors", sec-fetch-dest:"empty", referer:"http://localhost:5173/admin/experience", accept-encoding:"gzip, deflate, br, zstd", accept-language:"en-GB,en;q=0.9,en-US;q=0.8,en-IN;q=0.7", X-User-Id:"1", X-User-Roles:"SUPER_ADMIN", Forwarded:"proto=http;host="localhost:8086";for="[0:0:0:0:0:0:0:1]:54954"", X-Forwarded-For:"0:0:0:0:0:0:0:1", X-Forwarded-Proto:"http", X-Forwarded-Prefix:"/api", X-Forwarded-Port:"8086", X-Forwarded-Host:"localhost:8086"]
2026-10-08 19:35:53.091 [boundedElastic-7] [39mDEBUG[0;39m [36mo.s.c.g.f.h.o.ObservedRequestHttpHeadersFilter[0;39m - Client observation  {name=http.client.requests(null), error=null, context=name='http.client.requests', contextualName='null', error='null', lowCardinalityKeyValues=[http.method='GET', http.status_code='UNKNOWN', spring.cloud.gateway.route.id='platform-admin', spring.cloud.gateway.route.uri='lb://MOMENT-FOREVER-PLATFORM'], highCardinalityKeyValues=[http.uri='http://localhost:8086/platform/admin/addons'], map=[class io.micrometer.core.instrument.Timer$Sample='io.micrometer.core.instrument.Timer$Sample@3307c2b3', class io.micrometer.core.instrument.LongTaskTimer$Sample='SampleImpl{duration(seconds)=1.013E-4, duration(nanos)=101300.0, startTimeNanos=107358298375600}'], parentObservation={name=http.server.requests(null), error=null, context=name='http.server.requests', contextualName='null', error='null', lowCardinalityKeyValues=[exception='none', method='GET', outcome='SUCCESS', status='200', uri='UNKNOWN'], highCardinalityKeyValues=[http.url='/api/platform/admin/addons'], map=[class io.micrometer.core.instrument.Timer$Sample='io.micrometer.core.instrument.Timer$Sample@4e03a135', class io.micrometer.core.instrument.LongTaskTimer$Sample='SampleImpl{duration(seconds)=0.0284975, duration(nanos)=2.84975E7, startTimeNanos=107358270082800}'], parentObservation=null}} created for the request. New headers are [host:"localhost:8086", sec-ch-ua-platform:""Windows"", authorization:"Bearer eyJhbGciOiJIUzI1NiJ9.eyJyb2xlcyI6IlNVUEVSX0FETUlOIiwidXNlcklkIjoxLCJlbmFibGVkIjp0cnVlLCJ1c2VybmFtZSI6InN1cGVyYWRtaW5AY2hlcmlzaHguY29tIiwiYWNjb3VudE5vbkxvY2tlZCI6dHJ1ZSwic3ViIjoic3VwZXJhZG1pbkBjaGVyaXNoeC5jb20iLCJpYXQiOjE3OTE0NjgzMjEsImV4cCI6MTc5MTU1NDcyMSwiaXNzIjoibW9tZW50LWZvcmV2ZXItYXBwIiwiYXVkIjoibW9tZW50LWZvcmV2ZXItY2xpZW50In0.MSh7MAgomTQN20GrkE0ylIFKJcho7PbSp53bCRBE2-Y", sec-ch-ua:""Chromium";v="154", "Microsoft Edge";v="154", "Not A(Brand";v="99"", accesstoken:"eyJhbGciOiJIUzI1NiJ9.eyJyb2xlcyI6IlNVUEVSX0FETUlOIiwidXNlcklkIjoxLCJlbmFibGVkIjp0cnVlLCJ1c2VybmFtZSI6InN1cGVyYWRtaW5AY2hlcmlzaHguY29tIiwiYWNjb3VudE5vbkxvY2tlZCI6dHJ1ZSwic3ViIjoic3VwZXJhZG1pbkBjaGVyaXNoeC5jb20iLCJpYXQiOjE3OTE0NjgzMjEsImV4cCI6MTc5MTU1NDcyMSwiaXNzIjoibW9tZW50LWZvcmV2ZXItYXBwIiwiYXVkIjoibW9tZW50LWZvcmV2ZXItY2xpZW50In0.MSh7MAgomTQN20GrkE0ylIFKJcho7PbSp53bCRBE2-Y", sec-ch-ua-mobile:"?0", x-requested-with:"XMLHttpRequest", x-pm-header:"[object Object]", accept:"application/json", user-agent:"Mozilla/5.0 (Windows NT 10.0; Win64; x64) AppleWebKit/537.36 (KHTML, like Gecko) Chrome/154.0.0.0 Safari/537.36 Edg/154.0.0.0", sec-fetch-site:"same-origin", sec-fetch-mode:"cors", sec-fetch-dest:"empty", referer:"http://localhost:5173/admin/experience", accept-encoding:"gzip, deflate, br, zstd", accept-language:"en-GB,en;q=0.9,en-US;q=0.8,en-IN;q=0.7", X-User-Id:"1", X-User-Roles:"SUPER_ADMIN", Forwarded:"proto=http;host="localhost:8086";for="[0:0:0:0:0:0:0:1]:54954"", X-Forwarded-For:"0:0:0:0:0:0:0:1", X-Forwarded-Proto:"http", X-Forwarded-Prefix:"/api", X-Forwarded-Port:"8086", X-Forwarded-Host:"localhost:8086"]
2026-10-08 19:35:53.139 [reactor-http-nio-9] [39mDEBUG[0;39m [36mo.s.c.g.f.h.o.ObservedResponseHttpHeadersFilter[0;39m - Will instrument the response
2026-10-08 19:35:53.139 [reactor-http-nio-10] [39mDEBUG[0;39m [36mo.s.c.g.f.h.o.ObservedResponseHttpHeadersFilter[0;39m - Will instrument the response
2026-10-08 19:35:53.139 [reactor-http-nio-9] [39mDEBUG[0;39m [36mo.s.c.g.f.h.o.ObservedResponseHttpHeadersFilter[0;39m - The response was handled for observation {name=http.client.requests(null), error=null, context=name='http.client.requests', contextualName='null', error='null', lowCardinalityKeyValues=[http.method='GET', http.status_code='UNKNOWN', spring.cloud.gateway.route.id='platform-admin', spring.cloud.gateway.route.uri='lb://MOMENT-FOREVER-PLATFORM'], highCardinalityKeyValues=[http.uri='http://localhost:8086/platform/admin/cancellation-policies'], map=[class io.micrometer.core.instrument.Timer$Sample='io.micrometer.core.instrument.Timer$Sample@77b2a22a', class io.micrometer.core.instrument.LongTaskTimer$Sample='SampleImpl{duration(seconds)=0.0547861, duration(nanos)=5.47861E7, startTimeNanos=107358292674600}'], parentObservation={name=http.server.requests(null), error=null, context=name='http.server.requests', contextualName='null', error='null', lowCardinalityKeyValues=[exception='none', method='GET', outcome='SUCCESS', status='200', uri='UNKNOWN'], highCardinalityKeyValues=[http.url='/api/platform/admin/cancellation-policies'], map=[class io.micrometer.core.instrument.Timer$Sample='io.micrometer.core.instrument.Timer$Sample@64c6b016', class io.micrometer.core.instrument.LongTaskTimer$Sample='SampleImpl{duration(seconds)=0.0776362, duration(nanos)=7.76362E7, startTimeNanos=107358269901400}'], parentObservation=null}}
2026-10-08 19:35:53.144 [reactor-http-nio-10] [39mDEBUG[0;39m [36mo.s.c.g.f.h.o.ObservedResponseHttpHeadersFilter[0;39m - The response was handled for observation {name=http.client.requests(null), error=null, context=name='http.client.requests', contextualName='null', error='null', lowCardinalityKeyValues=[http.method='GET', http.status_code='UNKNOWN', spring.cloud.gateway.route.id='platform-admin', spring.cloud.gateway.route.uri='lb://MOMENT-FOREVER-PLATFORM'], highCardinalityKeyValues=[http.uri='http://localhost:8086/platform/admin/inclusions'], map=[class io.micrometer.core.instrument.Timer$Sample='io.micrometer.core.instrument.Timer$Sample@3b387c27', class io.micrometer.core.instrument.LongTaskTimer$Sample='SampleImpl{duration(seconds)=0.0605711, duration(nanos)=6.05711E7, startTimeNanos=107358291795300}'], parentObservation={name=http.server.requests(null), error=null, context=name='http.server.requests', contextualName='null', error='null', lowCardinalityKeyValues=[exception='none', method='GET', outcome='SUCCESS', status='200', uri='UNKNOWN'], highCardinalityKeyValues=[http.url='/api/platform/admin/inclusions'], map=[class io.micrometer.core.instrument.Timer$Sample='io.micrometer.core.instrument.Timer$Sample@6e3c994b', class io.micrometer.core.instrument.LongTaskTimer$Sample='SampleImpl{duration(seconds)=0.0827439, duration(nanos)=8.27439E7, startTimeNanos=107358269768400}'], parentObservation=null}}
2026-10-08 19:35:53.145 [reactor-http-nio-9] [34mINFO [0;39m [36mc.f.M.f.GatewayRequestLoggingFilter[0;39m - GATEWAY_REQUEST method=GET path=/platform/admin/cancellation-policies routeId=platform-admin target=lb://MOMENT-FOREVER-PLATFORM status=200 durationMs=60 signal=onComplete
2026-10-08 19:35:53.145 [reactor-http-nio-10] [34mINFO [0;39m [36mc.f.M.f.GatewayRequestLoggingFilter[0;39m - GATEWAY_REQUEST method=GET path=/platform/admin/inclusions routeId=platform-admin target=lb://MOMENT-FOREVER-PLATFORM status=200 durationMs=62 signal=onComplete
2026-10-08 19:35:53.150 [reactor-http-nio-6] [39mDEBUG[0;39m [36mo.s.c.g.f.h.o.ObservedResponseHttpHeadersFilter[0;39m - Will instrument the response
2026-10-08 19:35:53.151 [reactor-http-nio-6] [39mDEBUG[0;39m [36mo.s.c.g.f.h.o.ObservedResponseHttpHeadersFilter[0;39m - The response was handled for observation {name=http.client.requests(null), error=null, context=name='http.client.requests', contextualName='null', error='null', lowCardinalityKeyValues=[http.method='GET', http.status_code='UNKNOWN', spring.cloud.gateway.route.id='platform-admin', spring.cloud.gateway.route.uri='lb://MOMENT-FOREVER-PLATFORM'], highCardinalityKeyValues=[http.uri='http://localhost:8086/platform/admin/subcategories'], map=[class io.micrometer.core.instrument.Timer$Sample='io.micrometer.core.instrument.Timer$Sample@412880bf', class io.micrometer.core.instrument.LongTaskTimer$Sample='SampleImpl{duration(seconds)=0.0662491, duration(nanos)=6.62491E7, startTimeNanos=107358292583500}'], parentObservation={name=http.server.requests(null), error=null, context=name='http.server.requests', contextualName='null', error='null', lowCardinalityKeyValues=[exception='none', method='GET', outcome='SUCCESS', status='200', uri='UNKNOWN'], highCardinalityKeyValues=[http.url='/api/platform/admin/subcategories'], map=[class io.micrometer.core.instrument.Timer$Sample='io.micrometer.core.instrument.Timer$Sample@778aba2e', class io.micrometer.core.instrument.LongTaskTimer$Sample='SampleImpl{duration(seconds)=0.0891581, duration(nanos)=8.91581E7, startTimeNanos=107358269768400}'], parentObservation=null}}
2026-10-08 19:35:53.151 [reactor-http-nio-6] [34mINFO [0;39m [36mc.f.M.f.GatewayRequestLoggingFilter[0;39m - GATEWAY_REQUEST method=GET path=/platform/admin/subcategories routeId=platform-admin target=lb://MOMENT-FOREVER-PLATFORM status=200 durationMs=67 signal=onComplete
2026-10-08 19:35:53.164 [reactor-http-nio-4] [39mDEBUG[0;39m [36mo.s.c.g.h.RoutePredicateHandlerMapping[0;39m - Route matched: platform-admin
2026-10-08 19:35:53.165 [reactor-http-nio-3] [39mDEBUG[0;39m [36mo.s.c.g.h.RoutePredicateHandlerMapping[0;39m - Route matched: platform-admin
2026-10-08 19:35:53.165 [reactor-http-nio-4] [39mDEBUG[0;39m [36mo.s.c.g.h.RoutePredicateHandlerMapping[0;39m - Mapping [Exchange: GET http://localhost:8086/api/platform/admin/coupons] to Route{id='platform-admin', uri=lb://MOMENT-FOREVER-PLATFORM, order=0, predicate=Paths: [/api/platform/admin/**], match trailing slash: true, gatewayFilters=[[[StripPrefix parts = 1], order = 1]], metadata={requires-auth=true}}
2026-10-08 19:35:53.165 [reactor-http-nio-4] [39mDEBUG[0;39m [36mo.s.c.g.h.RoutePredicateHandlerMapping[0;39m - [dd219425-156] Mapped to org.springframework.cloud.gateway.handler.FilteringWebHandler@3f7c6365
2026-10-08 19:35:53.165 [reactor-http-nio-3] [39mDEBUG[0;39m [36mo.s.c.g.h.RoutePredicateHandlerMapping[0;39m - Mapping [Exchange: GET http://localhost:8086/api/platform/admin/timeslots] to Route{id='platform-admin', uri=lb://MOMENT-FOREVER-PLATFORM, order=0, predicate=Paths: [/api/platform/admin/**], match trailing slash: true, gatewayFilters=[[[StripPrefix parts = 1], order = 1]], metadata={requires-auth=true}}
2026-10-08 19:35:53.165 [reactor-http-nio-3] [39mDEBUG[0;39m [36mo.s.c.g.h.RoutePredicateHandlerMapping[0;39m - [5784fd6b-157] Mapped to org.springframework.cloud.gateway.handler.FilteringWebHandler@3f7c6365
2026-10-08 19:35:53.165 [reactor-http-nio-4] [39mDEBUG[0;39m [36mo.s.c.g.handler.FilteringWebHandler[0;39m - Sorted gatewayFilterFactories: [[GatewayFilterAdapter{delegate=org.springframework.cloud.gateway.filter.RemoveCachedBodyFilter@7227926b}, order = -2147483648], [GatewayFilterAdapter{delegate=org.springframework.cloud.gateway.filter.AdaptCachedBodyGlobalFilter@79617c3d}, order = -2147482648], [GatewayFilterAdapter{delegate=com.forvmom.MomentForeverAPIGateway.filter.JwtAuthenticationFilter@35a9e665}, order = -1], [GatewayFilterAdapter{delegate=org.springframework.cloud.gateway.filter.NettyWriteResponseFilter@1b632442}, order = -1], [GatewayFilterAdapter{delegate=org.springframework.cloud.gateway.filter.ForwardPathFilter@57a982f9}, order = 0], [GatewayFilterAdapter{delegate=org.springframework.cloud.gateway.filter.GatewayMetricsFilter@1b69fc07}, order = 0], [[StripPrefix parts = 1], order = 1], [GatewayFilterAdapter{delegate=org.springframework.cloud.gateway.filter.RouteToRequestUrlFilter@2f75a9b1}, order = 10000], [GatewayFilterAdapter{delegate=org.springframework.cloud.gateway.filter.ReactiveLoadBalancerClientFilter@362be0cd}, order = 10150], [GatewayFilterAdapter{delegate=org.springframework.cloud.gateway.filter.LoadBalancerServiceInstanceCookieFilter@2dde0a34}, order = 10151], [GatewayFilterAdapter{delegate=org.springframework.cloud.gateway.filter.WebsocketRoutingFilter@19d3f6ad}, order = 2147483646], [GatewayFilterAdapter{delegate=com.forvmom.MomentForeverAPIGateway.filter.GatewayRequestLoggingFilter@6a04d2a4}, order = 2147483647], [GatewayFilterAdapter{delegate=org.springframework.cloud.gateway.filter.NettyRoutingFilter@61836cd9}, order = 2147483647], [GatewayFilterAdapter{delegate=org.springframework.cloud.gateway.filter.ForwardRoutingFilter@556aed22}, order = 2147483647]]
2026-10-08 19:35:53.165 [reactor-http-nio-3] [39mDEBUG[0;39m [36mo.s.c.g.handler.FilteringWebHandler[0;39m - Sorted gatewayFilterFactories: [[GatewayFilterAdapter{delegate=org.springframework.cloud.gateway.filter.RemoveCachedBodyFilter@7227926b}, order = -2147483648], [GatewayFilterAdapter{delegate=org.springframework.cloud.gateway.filter.AdaptCachedBodyGlobalFilter@79617c3d}, order = -2147482648], [GatewayFilterAdapter{delegate=com.forvmom.MomentForeverAPIGateway.filter.JwtAuthenticationFilter@35a9e665}, order = -1], [GatewayFilterAdapter{delegate=org.springframework.cloud.gateway.filter.NettyWriteResponseFilter@1b632442}, order = -1], [GatewayFilterAdapter{delegate=org.springframework.cloud.gateway.filter.ForwardPathFilter@57a982f9}, order = 0], [GatewayFilterAdapter{delegate=org.springframework.cloud.gateway.filter.GatewayMetricsFilter@1b69fc07}, order = 0], [[StripPrefix parts = 1], order = 1], [GatewayFilterAdapter{delegate=org.springframework.cloud.gateway.filter.RouteToRequestUrlFilter@2f75a9b1}, order = 10000], [GatewayFilterAdapter{delegate=org.springframework.cloud.gateway.filter.ReactiveLoadBalancerClientFilter@362be0cd}, order = 10150], [GatewayFilterAdapter{delegate=org.springframework.cloud.gateway.filter.LoadBalancerServiceInstanceCookieFilter@2dde0a34}, order = 10151], [GatewayFilterAdapter{delegate=org.springframework.cloud.gateway.filter.WebsocketRoutingFilter@19d3f6ad}, order = 2147483646], [GatewayFilterAdapter{delegate=com.forvmom.MomentForeverAPIGateway.filter.GatewayRequestLoggingFilter@6a04d2a4}, order = 2147483647], [GatewayFilterAdapter{delegate=org.springframework.cloud.gateway.filter.NettyRoutingFilter@61836cd9}, order = 2147483647], [GatewayFilterAdapter{delegate=org.springframework.cloud.gateway.filter.ForwardRoutingFilter@556aed22}, order = 2147483647]]
2026-10-08 19:35:53.182 [reactor-http-nio-3] [39mDEBUG[0;39m [36mo.s.c.g.f.h.o.ObservedRequestHttpHeadersFilter[0;39m - Will instrument the HTTP request headers [host:"localhost:8086", sec-ch-ua-platform:""Windows"", authorization:"Bearer eyJhbGciOiJIUzI1NiJ9.eyJyb2xlcyI6IlNVUEVSX0FETUlOIiwidXNlcklkIjoxLCJlbmFibGVkIjp0cnVlLCJ1c2VybmFtZSI6InN1cGVyYWRtaW5AY2hlcmlzaHguY29tIiwiYWNjb3VudE5vbkxvY2tlZCI6dHJ1ZSwic3ViIjoic3VwZXJhZG1pbkBjaGVyaXNoeC5jb20iLCJpYXQiOjE3OTE0NjgzMjEsImV4cCI6MTc5MTU1NDcyMSwiaXNzIjoibW9tZW50LWZvcmV2ZXItYXBwIiwiYXVkIjoibW9tZW50LWZvcmV2ZXItY2xpZW50In0.MSh7MAgomTQN20GrkE0ylIFKJcho7PbSp53bCRBE2-Y", sec-ch-ua:""Chromium";v="154", "Microsoft Edge";v="154", "Not A(Brand";v="99"", accesstoken:"eyJhbGciOiJIUzI1NiJ9.eyJyb2xlcyI6IlNVUEVSX0FETUlOIiwidXNlcklkIjoxLCJlbmFibGVkIjp0cnVlLCJ1c2VybmFtZSI6InN1cGVyYWRtaW5AY2hlcmlzaHguY29tIiwiYWNjb3VudE5vbkxvY2tlZCI6dHJ1ZSwic3ViIjoic3VwZXJhZG1pbkBjaGVyaXNoeC5jb20iLCJpYXQiOjE3OTE0NjgzMjEsImV4cCI6MTc5MTU1NDcyMSwiaXNzIjoibW9tZW50LWZvcmV2ZXItYXBwIiwiYXVkIjoibW9tZW50LWZvcmV2ZXItY2xpZW50In0.MSh7MAgomTQN20GrkE0ylIFKJcho7PbSp53bCRBE2-Y", sec-ch-ua-mobile:"?0", x-requested-with:"XMLHttpRequest", x-pm-header:"[object Object]", accept:"application/json", user-agent:"Mozilla/5.0 (Windows NT 10.0; Win64; x64) AppleWebKit/537.36 (KHTML, like Gecko) Chrome/154.0.0.0 Safari/537.36 Edg/154.0.0.0", sec-fetch-site:"same-origin", sec-fetch-mode:"cors", sec-fetch-dest:"empty", referer:"http://localhost:5173/admin/experience", accept-encoding:"gzip, deflate, br, zstd", accept-language:"en-GB,en;q=0.9,en-US;q=0.8,en-IN;q=0.7", X-User-Id:"1", X-User-Roles:"SUPER_ADMIN", Forwarded:"proto=http;host="localhost:8086";for="[0:0:0:0:0:0:0:1]:50728"", X-Forwarded-For:"0:0:0:0:0:0:0:1", X-Forwarded-Proto:"http", X-Forwarded-Prefix:"/api", X-Forwarded-Port:"8086", X-Forwarded-Host:"localhost:8086"]
2026-10-08 19:35:53.184 [reactor-http-nio-3] [39mDEBUG[0;39m [36mo.s.c.g.f.h.o.ObservedRequestHttpHeadersFilter[0;39m - Client observation  {name=http.client.requests(null), error=null, context=name='http.client.requests', contextualName='null', error='null', lowCardinalityKeyValues=[http.method='GET', http.status_code='UNKNOWN', spring.cloud.gateway.route.id='platform-admin', spring.cloud.gateway.route.uri='lb://MOMENT-FOREVER-PLATFORM'], highCardinalityKeyValues=[http.uri='http://localhost:8086/platform/admin/timeslots'], map=[class io.micrometer.core.instrument.Timer$Sample='io.micrometer.core.instrument.Timer$Sample@36b49037', class io.micrometer.core.instrument.LongTaskTimer$Sample='SampleImpl{duration(seconds)=1.453E-4, duration(nanos)=145300.0, startTimeNanos=107358391148300}'], parentObservation={name=http.server.requests(null), error=null, context=name='http.server.requests', contextualName='null', error='null', lowCardinalityKeyValues=[exception='none', method='GET', outcome='SUCCESS', status='200', uri='UNKNOWN'], highCardinalityKeyValues=[http.url='/api/platform/admin/timeslots'], map=[class io.micrometer.core.instrument.Timer$Sample='io.micrometer.core.instrument.Timer$Sample@500a12e3', class io.micrometer.core.instrument.LongTaskTimer$Sample='SampleImpl{duration(seconds)=0.0198064, duration(nanos)=1.98064E7, startTimeNanos=107358371979700}'], parentObservation=null}} created for the request. New headers are [host:"localhost:8086", sec-ch-ua-platform:""Windows"", authorization:"Bearer eyJhbGciOiJIUzI1NiJ9.eyJyb2xlcyI6IlNVUEVSX0FETUlOIiwidXNlcklkIjoxLCJlbmFibGVkIjp0cnVlLCJ1c2VybmFtZSI6InN1cGVyYWRtaW5AY2hlcmlzaHguY29tIiwiYWNjb3VudE5vbkxvY2tlZCI6dHJ1ZSwic3ViIjoic3VwZXJhZG1pbkBjaGVyaXNoeC5jb20iLCJpYXQiOjE3OTE0NjgzMjEsImV4cCI6MTc5MTU1NDcyMSwiaXNzIjoibW9tZW50LWZvcmV2ZXItYXBwIiwiYXVkIjoibW9tZW50LWZvcmV2ZXItY2xpZW50In0.MSh7MAgomTQN20GrkE0ylIFKJcho7PbSp53bCRBE2-Y", sec-ch-ua:""Chromium";v="154", "Microsoft Edge";v="154", "Not A(Brand";v="99"", accesstoken:"eyJhbGciOiJIUzI1NiJ9.eyJyb2xlcyI6IlNVUEVSX0FETUlOIiwidXNlcklkIjoxLCJlbmFibGVkIjp0cnVlLCJ1c2VybmFtZSI6InN1cGVyYWRtaW5AY2hlcmlzaHguY29tIiwiYWNjb3VudE5vbkxvY2tlZCI6dHJ1ZSwic3ViIjoic3VwZXJhZG1pbkBjaGVyaXNoeC5jb20iLCJpYXQiOjE3OTE0NjgzMjEsImV4cCI6MTc5MTU1NDcyMSwiaXNzIjoibW9tZW50LWZvcmV2ZXItYXBwIiwiYXVkIjoibW9tZW50LWZvcmV2ZXItY2xpZW50In0.MSh7MAgomTQN20GrkE0ylIFKJcho7PbSp53bCRBE2-Y", sec-ch-ua-mobile:"?0", x-requested-with:"XMLHttpRequest", x-pm-header:"[object Object]", accept:"application/json", user-agent:"Mozilla/5.0 (Windows NT 10.0; Win64; x64) AppleWebKit/537.36 (KHTML, like Gecko) Chrome/154.0.0.0 Safari/537.36 Edg/154.0.0.0", sec-fetch-site:"same-origin", sec-fetch-mode:"cors", sec-fetch-dest:"empty", referer:"http://localhost:5173/admin/experience", accept-encoding:"gzip, deflate, br, zstd", accept-language:"en-GB,en;q=0.9,en-US;q=0.8,en-IN;q=0.7", X-User-Id:"1", X-User-Roles:"SUPER_ADMIN", Forwarded:"proto=http;host="localhost:8086";for="[0:0:0:0:0:0:0:1]:50728"", X-Forwarded-For:"0:0:0:0:0:0:0:1", X-Forwarded-Proto:"http", X-Forwarded-Prefix:"/api", X-Forwarded-Port:"8086", X-Forwarded-Host:"localhost:8086"]
2026-10-08 19:35:53.185 [reactor-http-nio-4] [39mDEBUG[0;39m [36mo.s.c.g.f.h.o.ObservedRequestHttpHeadersFilter[0;39m - Will instrument the HTTP request headers [host:"localhost:8086", sec-ch-ua-platform:""Windows"", authorization:"Bearer eyJhbGciOiJIUzI1NiJ9.eyJyb2xlcyI6IlNVUEVSX0FETUlOIiwidXNlcklkIjoxLCJlbmFibGVkIjp0cnVlLCJ1c2VybmFtZSI6InN1cGVyYWRtaW5AY2hlcmlzaHguY29tIiwiYWNjb3VudE5vbkxvY2tlZCI6dHJ1ZSwic3ViIjoic3VwZXJhZG1pbkBjaGVyaXNoeC5jb20iLCJpYXQiOjE3OTE0NjgzMjEsImV4cCI6MTc5MTU1NDcyMSwiaXNzIjoibW9tZW50LWZvcmV2ZXItYXBwIiwiYXVkIjoibW9tZW50LWZvcmV2ZXItY2xpZW50In0.MSh7MAgomTQN20GrkE0ylIFKJcho7PbSp53bCRBE2-Y", sec-ch-ua:""Chromium";v="154", "Microsoft Edge";v="154", "Not A(Brand";v="99"", accesstoken:"eyJhbGciOiJIUzI1NiJ9.eyJyb2xlcyI6IlNVUEVSX0FETUlOIiwidXNlcklkIjoxLCJlbmFibGVkIjp0cnVlLCJ1c2VybmFtZSI6InN1cGVyYWRtaW5AY2hlcmlzaHguY29tIiwiYWNjb3VudE5vbkxvY2tlZCI6dHJ1ZSwic3ViIjoic3VwZXJhZG1pbkBjaGVyaXNoeC5jb20iLCJpYXQiOjE3OTE0NjgzMjEsImV4cCI6MTc5MTU1NDcyMSwiaXNzIjoibW9tZW50LWZvcmV2ZXItYXBwIiwiYXVkIjoibW9tZW50LWZvcmV2ZXItY2xpZW50In0.MSh7MAgomTQN20GrkE0ylIFKJcho7PbSp53bCRBE2-Y", sec-ch-ua-mobile:"?0", x-requested-with:"XMLHttpRequest", x-pm-header:"[object Object]", accept:"application/json", user-agent:"Mozilla/5.0 (Windows NT 10.0; Win64; x64) AppleWebKit/537.36 (KHTML, like Gecko) Chrome/154.0.0.0 Safari/537.36 Edg/154.0.0.0", sec-fetch-site:"same-origin", sec-fetch-mode:"cors", sec-fetch-dest:"empty", referer:"http://localhost:5173/admin/experience", accept-encoding:"gzip, deflate, br, zstd", accept-language:"en-GB,en;q=0.9,en-US;q=0.8,en-IN;q=0.7", X-User-Id:"1", X-User-Roles:"SUPER_ADMIN", Forwarded:"proto=http;host="localhost:8086";for="[0:0:0:0:0:0:0:1]:50729"", X-Forwarded-For:"0:0:0:0:0:0:0:1", X-Forwarded-Proto:"http", X-Forwarded-Prefix:"/api", X-Forwarded-Port:"8086", X-Forwarded-Host:"localhost:8086"]
2026-10-08 19:35:53.186 [reactor-http-nio-4] [39mDEBUG[0;39m [36mo.s.c.g.f.h.o.ObservedRequestHttpHeadersFilter[0;39m - Client observation  {name=http.client.requests(null), error=null, context=name='http.client.requests', contextualName='null', error='null', lowCardinalityKeyValues=[http.method='GET', http.status_code='UNKNOWN', spring.cloud.gateway.route.id='platform-admin', spring.cloud.gateway.route.uri='lb://MOMENT-FOREVER-PLATFORM'], highCardinalityKeyValues=[http.uri='http://localhost:8086/platform/admin/coupons'], map=[class io.micrometer.core.instrument.Timer$Sample='io.micrometer.core.instrument.Timer$Sample@38f0a615', class io.micrometer.core.instrument.LongTaskTimer$Sample='SampleImpl{duration(seconds)=1.576E-4, duration(nanos)=157600.0, startTimeNanos=107358393514600}'], parentObservation={name=http.server.requests(null), error=null, context=name='http.server.requests', contextualName='null', error='null', lowCardinalityKeyValues=[exception='none', method='GET', outcome='SUCCESS', status='200', uri='UNKNOWN'], highCardinalityKeyValues=[http.url='/api/platform/admin/coupons'], map=[class io.micrometer.core.instrument.Timer$Sample='io.micrometer.core.instrument.Timer$Sample@ba789a5', class io.micrometer.core.instrument.LongTaskTimer$Sample='SampleImpl{duration(seconds)=0.0219261, duration(nanos)=2.19261E7, startTimeNanos=107358371902700}'], parentObservation=null}} created for the request. New headers are [host:"localhost:8086", sec-ch-ua-platform:""Windows"", authorization:"Bearer eyJhbGciOiJIUzI1NiJ9.eyJyb2xlcyI6IlNVUEVSX0FETUlOIiwidXNlcklkIjoxLCJlbmFibGVkIjp0cnVlLCJ1c2VybmFtZSI6InN1cGVyYWRtaW5AY2hlcmlzaHguY29tIiwiYWNjb3VudE5vbkxvY2tlZCI6dHJ1ZSwic3ViIjoic3VwZXJhZG1pbkBjaGVyaXNoeC5jb20iLCJpYXQiOjE3OTE0NjgzMjEsImV4cCI6MTc5MTU1NDcyMSwiaXNzIjoibW9tZW50LWZvcmV2ZXItYXBwIiwiYXVkIjoibW9tZW50LWZvcmV2ZXItY2xpZW50In0.MSh7MAgomTQN20GrkE0ylIFKJcho7PbSp53bCRBE2-Y", sec-ch-ua:""Chromium";v="154", "Microsoft Edge";v="154", "Not A(Brand";v="99"", accesstoken:"eyJhbGciOiJIUzI1NiJ9.eyJyb2xlcyI6IlNVUEVSX0FETUlOIiwidXNlcklkIjoxLCJlbmFibGVkIjp0cnVlLCJ1c2VybmFtZSI6InN1cGVyYWRtaW5AY2hlcmlzaHguY29tIiwiYWNjb3VudE5vbkxvY2tlZCI6dHJ1ZSwic3ViIjoic3VwZXJhZG1pbkBjaGVyaXNoeC5jb20iLCJpYXQiOjE3OTE0NjgzMjEsImV4cCI6MTc5MTU1NDcyMSwiaXNzIjoibW9tZW50LWZvcmV2ZXItYXBwIiwiYXVkIjoibW9tZW50LWZvcmV2ZXItY2xpZW50In0.MSh7MAgomTQN20GrkE0ylIFKJcho7PbSp53bCRBE2-Y", sec-ch-ua-mobile:"?0", x-requested-with:"XMLHttpRequest", x-pm-header:"[object Object]", accept:"application/json", user-agent:"Mozilla/5.0 (Windows NT 10.0; Win64; x64) AppleWebKit/537.36 (KHTML, like Gecko) Chrome/154.0.0.0 Safari/537.36 Edg/154.0.0.0", sec-fetch-site:"same-origin", sec-fetch-mode:"cors", sec-fetch-dest:"empty", referer:"http://localhost:5173/admin/experience", accept-encoding:"gzip, deflate, br, zstd", accept-language:"en-GB,en;q=0.9,en-US;q=0.8,en-IN;q=0.7", X-User-Id:"1", X-User-Roles:"SUPER_ADMIN", Forwarded:"proto=http;host="localhost:8086";for="[0:0:0:0:0:0:0:1]:50729"", X-Forwarded-For:"0:0:0:0:0:0:0:1", X-Forwarded-Proto:"http", X-Forwarded-Prefix:"/api", X-Forwarded-Port:"8086", X-Forwarded-Host:"localhost:8086"]
2026-10-08 19:35:53.189 [reactor-http-nio-4] [39mDEBUG[0;39m [36mo.s.c.g.f.h.o.ObservedResponseHttpHeadersFilter[0;39m - Will instrument the response
2026-10-08 19:35:53.190 [reactor-http-nio-4] [39mDEBUG[0;39m [36mo.s.c.g.f.h.o.ObservedResponseHttpHeadersFilter[0;39m - The response was handled for observation {name=http.client.requests(null), error=null, context=name='http.client.requests', contextualName='null', error='null', lowCardinalityKeyValues=[http.method='GET', http.status_code='UNKNOWN', spring.cloud.gateway.route.id='platform-admin', spring.cloud.gateway.route.uri='lb://MOMENT-FOREVER-PLATFORM'], highCardinalityKeyValues=[http.uri='http://localhost:8086/platform/admin/locations'], map=[class io.micrometer.core.instrument.Timer$Sample='io.micrometer.core.instrument.Timer$Sample@6efb0825', class io.micrometer.core.instrument.LongTaskTimer$Sample='SampleImpl{duration(seconds)=0.101475, duration(nanos)=1.01475E8, startTimeNanos=107358296605500}'], parentObservation={name=http.server.requests(null), error=null, context=name='http.server.requests', contextualName='null', error='null', lowCardinalityKeyValues=[exception='none', method='GET', outcome='SUCCESS', status='200', uri='UNKNOWN'], highCardinalityKeyValues=[http.url='/api/platform/admin/locations'], map=[class io.micrometer.core.instrument.Timer$Sample='io.micrometer.core.instrument.Timer$Sample@286eaf2a', class io.micrometer.core.instrument.LongTaskTimer$Sample='SampleImpl{duration(seconds)=0.1282213, duration(nanos)=1.282213E8, startTimeNanos=107358269942700}'], parentObservation=null}}
2026-10-08 19:35:53.191 [reactor-http-nio-4] [34mINFO [0;39m [36mc.f.M.f.GatewayRequestLoggingFilter[0;39m - GATEWAY_REQUEST method=GET path=/platform/admin/locations routeId=platform-admin target=lb://MOMENT-FOREVER-PLATFORM status=200 durationMs=104 signal=onComplete
2026-10-08 19:35:53.194 [reactor-http-nio-11] [39mDEBUG[0;39m [36mo.s.c.g.f.h.o.ObservedResponseHttpHeadersFilter[0;39m - Will instrument the response
2026-10-08 19:35:53.194 [reactor-http-nio-11] [39mDEBUG[0;39m [36mo.s.c.g.f.h.o.ObservedResponseHttpHeadersFilter[0;39m - The response was handled for observation {name=http.client.requests(null), error=null, context=name='http.client.requests', contextualName='null', error='null', lowCardinalityKeyValues=[http.method='GET', http.status_code='UNKNOWN', spring.cloud.gateway.route.id='platform-admin', spring.cloud.gateway.route.uri='lb://MOMENT-FOREVER-PLATFORM'], highCardinalityKeyValues=[http.uri='http://localhost:8086/platform/admin/experiences'], map=[class io.micrometer.core.instrument.Timer$Sample='io.micrometer.core.instrument.Timer$Sample@33039fc4', class io.micrometer.core.instrument.LongTaskTimer$Sample='SampleImpl{duration(seconds)=0.1098245, duration(nanos)=1.098245E8, startTimeNanos=107358292068000}'], parentObservation={name=http.server.requests(null), error=null, context=name='http.server.requests', contextualName='null', error='null', lowCardinalityKeyValues=[exception='none', method='GET', outcome='SUCCESS', status='200', uri='UNKNOWN'], highCardinalityKeyValues=[http.url='/api/platform/admin/experiences'], map=[class io.micrometer.core.instrument.Timer$Sample='io.micrometer.core.instrument.Timer$Sample@6b570fe5', class io.micrometer.core.instrument.LongTaskTimer$Sample='SampleImpl{duration(seconds)=0.138002, duration(nanos)=1.38002E8, startTimeNanos=107358263993900}'], parentObservation=null}}
2026-10-08 19:35:53.194 [reactor-http-nio-11] [34mINFO [0;39m [36mc.f.M.f.GatewayRequestLoggingFilter[0;39m - GATEWAY_REQUEST method=GET path=/platform/admin/experiences routeId=platform-admin target=lb://MOMENT-FOREVER-PLATFORM status=200 durationMs=110 signal=onComplete
2026-10-08 19:35:53.202 [reactor-http-nio-2] [39mDEBUG[0;39m [36mo.s.c.g.f.h.o.ObservedResponseHttpHeadersFilter[0;39m - Will instrument the response
2026-10-08 19:35:53.203 [reactor-http-nio-2] [39mDEBUG[0;39m [36mo.s.c.g.f.h.o.ObservedResponseHttpHeadersFilter[0;39m - The response was handled for observation {name=http.client.requests(null), error=null, context=name='http.client.requests', contextualName='null', error='null', lowCardinalityKeyValues=[http.method='GET', http.status_code='UNKNOWN', spring.cloud.gateway.route.id='platform-admin', spring.cloud.gateway.route.uri='lb://MOMENT-FOREVER-PLATFORM'], highCardinalityKeyValues=[http.uri='http://localhost:8086/platform/admin/addons'], map=[class io.micrometer.core.instrument.Timer$Sample='io.micrometer.core.instrument.Timer$Sample@3307c2b3', class io.micrometer.core.instrument.LongTaskTimer$Sample='SampleImpl{duration(seconds)=0.1123964, duration(nanos)=1.123964E8, startTimeNanos=107358298375600}'], parentObservation={name=http.server.requests(null), error=null, context=name='http.server.requests', contextualName='null', error='null', lowCardinalityKeyValues=[exception='none', method='GET', outcome='SUCCESS', status='200', uri='UNKNOWN'], highCardinalityKeyValues=[http.url='/api/platform/admin/addons'], map=[class io.micrometer.core.instrument.Timer$Sample='io.micrometer.core.instrument.Timer$Sample@4e03a135', class io.micrometer.core.instrument.LongTaskTimer$Sample='SampleImpl{duration(seconds)=0.1407716, duration(nanos)=1.407716E8, startTimeNanos=107358270082800}'], parentObservation=null}}
2026-10-08 19:35:53.203 [reactor-http-nio-2] [34mINFO [0;39m [36mc.f.M.f.GatewayRequestLoggingFilter[0;39m - GATEWAY_REQUEST method=GET path=/platform/admin/addons routeId=platform-admin target=lb://MOMENT-FOREVER-PLATFORM status=200 durationMs=114 signal=onComplete
2026-10-08 19:35:53.237 [reactor-http-nio-9] [39mDEBUG[0;39m [36mo.s.c.g.f.h.o.ObservedResponseHttpHeadersFilter[0;39m - Will instrument the response
2026-10-08 19:35:53.237 [reactor-http-nio-9] [39mDEBUG[0;39m [36mo.s.c.g.f.h.o.ObservedResponseHttpHeadersFilter[0;39m - The response was handled for observation {name=http.client.requests(null), error=null, context=name='http.client.requests', contextualName='null', error='null', lowCardinalityKeyValues=[http.method='GET', http.status_code='UNKNOWN', spring.cloud.gateway.route.id='platform-admin', spring.cloud.gateway.route.uri='lb://MOMENT-FOREVER-PLATFORM'], highCardinalityKeyValues=[http.uri='http://localhost:8086/platform/admin/timeslots'], map=[class io.micrometer.core.instrument.Timer$Sample='io.micrometer.core.instrument.Timer$Sample@36b49037', class io.micrometer.core.instrument.LongTaskTimer$Sample='SampleImpl{duration(seconds)=0.0548759, duration(nanos)=5.48759E7, startTimeNanos=107358391148300}'], parentObservation={name=http.server.requests(null), error=null, context=name='http.server.requests', contextualName='null', error='null', lowCardinalityKeyValues=[exception='none', method='GET', outcome='SUCCESS', status='200', uri='UNKNOWN'], highCardinalityKeyValues=[http.url='/api/platform/admin/timeslots'], map=[class io.micrometer.core.instrument.Timer$Sample='io.micrometer.core.instrument.Timer$Sample@500a12e3', class io.micrometer.core.instrument.LongTaskTimer$Sample='SampleImpl{duration(seconds)=0.0741219, duration(nanos)=7.41219E7, startTimeNanos=107358371979700}'], parentObservation=null}}
2026-10-08 19:35:53.237 [reactor-http-nio-9] [34mINFO [0;39m [36mc.f.M.f.GatewayRequestLoggingFilter[0;39m - GATEWAY_REQUEST method=GET path=/platform/admin/timeslots routeId=platform-admin target=lb://MOMENT-FOREVER-PLATFORM status=200 durationMs=56 signal=onComplete
2026-10-08 19:35:53.243 [reactor-http-nio-10] [39mDEBUG[0;39m [36mo.s.c.g.f.h.o.ObservedResponseHttpHeadersFilter[0;39m - Will instrument the response
2026-10-08 19:35:53.245 [reactor-http-nio-10] [39mDEBUG[0;39m [36mo.s.c.g.f.h.o.ObservedResponseHttpHeadersFilter[0;39m - The response was handled for observation {name=http.client.requests(null), error=null, context=name='http.client.requests', contextualName='null', error='null', lowCardinalityKeyValues=[http.method='GET', http.status_code='UNKNOWN', spring.cloud.gateway.route.id='platform-admin', spring.cloud.gateway.route.uri='lb://MOMENT-FOREVER-PLATFORM'], highCardinalityKeyValues=[http.uri='http://localhost:8086/platform/admin/coupons'], map=[class io.micrometer.core.instrument.Timer$Sample='io.micrometer.core.instrument.Timer$Sample@38f0a615', class io.micrometer.core.instrument.LongTaskTimer$Sample='SampleImpl{duration(seconds)=0.0589082, duration(nanos)=5.89082E7, startTimeNanos=107358393514600}'], parentObservation={name=http.server.requests(null), error=null, context=name='http.server.requests', contextualName='null', error='null', lowCardinalityKeyValues=[exception='none', method='GET', outcome='SUCCESS', status='200', uri='UNKNOWN'], highCardinalityKeyValues=[http.url='/api/platform/admin/coupons'], map=[class io.micrometer.core.instrument.Timer$Sample='io.micrometer.core.instrument.Timer$Sample@ba789a5', class io.micrometer.core.instrument.LongTaskTimer$Sample='SampleImpl{duration(seconds)=0.0806017, duration(nanos)=8.06017E7, startTimeNanos=107358371902700}'], parentObservation=null}}
2026-10-08 19:35:53.245 [reactor-http-nio-10] [34mINFO [0;39m [36mc.f.M.f.GatewayRequestLoggingFilter[0;39m - GATEWAY_REQUEST method=GET path=/platform/admin/coupons routeId=platform-admin target=lb://MOMENT-FOREVER-PLATFORM status=200 durationMs=61 signal=onComplete
2026-10-08 19:36:01.121 [reactor-http-nio-6] [39mDEBUG[0;39m [36mo.s.c.g.h.RoutePredicateHandlerMapping[0;39m - Route matched: platform-admin
2026-10-08 19:36:01.121 [reactor-http-nio-6] [39mDEBUG[0;39m [36mo.s.c.g.h.RoutePredicateHandlerMapping[0;39m - Mapping [Exchange: GET http://localhost:8086/api/platform/admin/categories] to Route{id='platform-admin', uri=lb://MOMENT-FOREVER-PLATFORM, order=0, predicate=Paths: [/api/platform/admin/**], match trailing slash: true, gatewayFilters=[[[StripPrefix parts = 1], order = 1]], metadata={requires-auth=true}}
2026-10-08 19:36:01.121 [reactor-http-nio-6] [39mDEBUG[0;39m [36mo.s.c.g.h.RoutePredicateHandlerMapping[0;39m - [c687297c-159] Mapped to org.springframework.cloud.gateway.handler.FilteringWebHandler@3f7c6365
2026-10-08 19:36:01.121 [reactor-http-nio-6] [39mDEBUG[0;39m [36mo.s.c.g.handler.FilteringWebHandler[0;39m - Sorted gatewayFilterFactories: [[GatewayFilterAdapter{delegate=org.springframework.cloud.gateway.filter.RemoveCachedBodyFilter@7227926b}, order = -2147483648], [GatewayFilterAdapter{delegate=org.springframework.cloud.gateway.filter.AdaptCachedBodyGlobalFilter@79617c3d}, order = -2147482648], [GatewayFilterAdapter{delegate=com.forvmom.MomentForeverAPIGateway.filter.JwtAuthenticationFilter@35a9e665}, order = -1], [GatewayFilterAdapter{delegate=org.springframework.cloud.gateway.filter.NettyWriteResponseFilter@1b632442}, order = -1], [GatewayFilterAdapter{delegate=org.springframework.cloud.gateway.filter.ForwardPathFilter@57a982f9}, order = 0], [GatewayFilterAdapter{delegate=org.springframework.cloud.gateway.filter.GatewayMetricsFilter@1b69fc07}, order = 0], [[StripPrefix parts = 1], order = 1], [GatewayFilterAdapter{delegate=org.springframework.cloud.gateway.filter.RouteToRequestUrlFilter@2f75a9b1}, order = 10000], [GatewayFilterAdapter{delegate=org.springframework.cloud.gateway.filter.ReactiveLoadBalancerClientFilter@362be0cd}, order = 10150], [GatewayFilterAdapter{delegate=org.springframework.cloud.gateway.filter.LoadBalancerServiceInstanceCookieFilter@2dde0a34}, order = 10151], [GatewayFilterAdapter{delegate=org.springframework.cloud.gateway.filter.WebsocketRoutingFilter@19d3f6ad}, order = 2147483646], [GatewayFilterAdapter{delegate=com.forvmom.MomentForeverAPIGateway.filter.GatewayRequestLoggingFilter@6a04d2a4}, order = 2147483647], [GatewayFilterAdapter{delegate=org.springframework.cloud.gateway.filter.NettyRoutingFilter@61836cd9}, order = 2147483647], [GatewayFilterAdapter{delegate=org.springframework.cloud.gateway.filter.ForwardRoutingFilter@556aed22}, order = 2147483647]]
2026-10-08 19:36:01.142 [boundedElastic-5] [39mDEBUG[0;39m [36mo.s.c.g.f.h.o.ObservedRequestHttpHeadersFilter[0;39m - Will instrument the HTTP request headers [host:"localhost:8086", sec-ch-ua-platform:""Windows"", authorization:"Bearer eyJhbGciOiJIUzI1NiJ9.eyJyb2xlcyI6IlNVUEVSX0FETUlOIiwidXNlcklkIjoxLCJlbmFibGVkIjp0cnVlLCJ1c2VybmFtZSI6InN1cGVyYWRtaW5AY2hlcmlzaHguY29tIiwiYWNjb3VudE5vbkxvY2tlZCI6dHJ1ZSwic3ViIjoic3VwZXJhZG1pbkBjaGVyaXNoeC5jb20iLCJpYXQiOjE3OTE0NjgzMjEsImV4cCI6MTc5MTU1NDcyMSwiaXNzIjoibW9tZW50LWZvcmV2ZXItYXBwIiwiYXVkIjoibW9tZW50LWZvcmV2ZXItY2xpZW50In0.MSh7MAgomTQN20GrkE0ylIFKJcho7PbSp53bCRBE2-Y", sec-ch-ua:""Chromium";v="154", "Microsoft Edge";v="154", "Not A(Brand";v="99"", accesstoken:"eyJhbGciOiJIUzI1NiJ9.eyJyb2xlcyI6IlNVUEVSX0FETUlOIiwidXNlcklkIjoxLCJlbmFibGVkIjp0cnVlLCJ1c2VybmFtZSI6InN1cGVyYWRtaW5AY2hlcmlzaHguY29tIiwiYWNjb3VudE5vbkxvY2tlZCI6dHJ1ZSwic3ViIjoic3VwZXJhZG1pbkBjaGVyaXNoeC5jb20iLCJpYXQiOjE3OTE0NjgzMjEsImV4cCI6MTc5MTU1NDcyMSwiaXNzIjoibW9tZW50LWZvcmV2ZXItYXBwIiwiYXVkIjoibW9tZW50LWZvcmV2ZXItY2xpZW50In0.MSh7MAgomTQN20GrkE0ylIFKJcho7PbSp53bCRBE2-Y", sec-ch-ua-mobile:"?0", x-requested-with:"XMLHttpRequest", x-pm-header:"[object Object]", accept:"application/json", user-agent:"Mozilla/5.0 (Windows NT 10.0; Win64; x64) AppleWebKit/537.36 (KHTML, like Gecko) Chrome/154.0.0.0 Safari/537.36 Edg/154.0.0.0", sec-fetch-site:"same-origin", sec-fetch-mode:"cors", sec-fetch-dest:"empty", referer:"http://localhost:5173/admin/category", accept-encoding:"gzip, deflate, br, zstd", accept-language:"en-GB,en;q=0.9,en-US;q=0.8,en-IN;q=0.7", X-User-Id:"1", X-User-Roles:"SUPER_ADMIN", Forwarded:"proto=http;host="localhost:8086";for="[0:0:0:0:0:0:0:1]:59828"", X-Forwarded-For:"0:0:0:0:0:0:0:1", X-Forwarded-Proto:"http", X-Forwarded-Prefix:"/api", X-Forwarded-Port:"8086", X-Forwarded-Host:"localhost:8086"]
2026-10-08 19:36:01.142 [boundedElastic-5] [39mDEBUG[0;39m [36mo.s.c.g.f.h.o.ObservedRequestHttpHeadersFilter[0;39m - Client observation  {name=http.client.requests(null), error=null, context=name='http.client.requests', contextualName='null', error='null', lowCardinalityKeyValues=[http.method='GET', http.status_code='UNKNOWN', spring.cloud.gateway.route.id='platform-admin', spring.cloud.gateway.route.uri='lb://MOMENT-FOREVER-PLATFORM'], highCardinalityKeyValues=[http.uri='http://localhost:8086/platform/admin/categories'], map=[class io.micrometer.core.instrument.Timer$Sample='io.micrometer.core.instrument.Timer$Sample@6433f277', class io.micrometer.core.instrument.LongTaskTimer$Sample='SampleImpl{duration(seconds)=7.88E-5, duration(nanos)=78800.0, startTimeNanos=107366350579200}'], parentObservation={name=http.server.requests(null), error=null, context=name='http.server.requests', contextualName='null', error='null', lowCardinalityKeyValues=[exception='none', method='GET', outcome='SUCCESS', status='200', uri='UNKNOWN'], highCardinalityKeyValues=[http.url='/api/platform/admin/categories'], map=[class io.micrometer.core.instrument.Timer$Sample='io.micrometer.core.instrument.Timer$Sample@fed802d', class io.micrometer.core.instrument.LongTaskTimer$Sample='SampleImpl{duration(seconds)=0.0221894, duration(nanos)=2.21894E7, startTimeNanos=107366328562000}'], parentObservation=null}} created for the request. New headers are [host:"localhost:8086", sec-ch-ua-platform:""Windows"", authorization:"Bearer eyJhbGciOiJIUzI1NiJ9.eyJyb2xlcyI6IlNVUEVSX0FETUlOIiwidXNlcklkIjoxLCJlbmFibGVkIjp0cnVlLCJ1c2VybmFtZSI6InN1cGVyYWRtaW5AY2hlcmlzaHguY29tIiwiYWNjb3VudE5vbkxvY2tlZCI6dHJ1ZSwic3ViIjoic3VwZXJhZG1pbkBjaGVyaXNoeC5jb20iLCJpYXQiOjE3OTE0NjgzMjEsImV4cCI6MTc5MTU1NDcyMSwiaXNzIjoibW9tZW50LWZvcmV2ZXItYXBwIiwiYXVkIjoibW9tZW50LWZvcmV2ZXItY2xpZW50In0.MSh7MAgomTQN20GrkE0ylIFKJcho7PbSp53bCRBE2-Y", sec-ch-ua:""Chromium";v="154", "Microsoft Edge";v="154", "Not A(Brand";v="99"", accesstoken:"eyJhbGciOiJIUzI1NiJ9.eyJyb2xlcyI6IlNVUEVSX0FETUlOIiwidXNlcklkIjoxLCJlbmFibGVkIjp0cnVlLCJ1c2VybmFtZSI6InN1cGVyYWRtaW5AY2hlcmlzaHguY29tIiwiYWNjb3VudE5vbkxvY2tlZCI6dHJ1ZSwic3ViIjoic3VwZXJhZG1pbkBjaGVyaXNoeC5jb20iLCJpYXQiOjE3OTE0NjgzMjEsImV4cCI6MTc5MTU1NDcyMSwiaXNzIjoibW9tZW50LWZvcmV2ZXItYXBwIiwiYXVkIjoibW9tZW50LWZvcmV2ZXItY2xpZW50In0.MSh7MAgomTQN20GrkE0ylIFKJcho7PbSp53bCRBE2-Y", sec-ch-ua-mobile:"?0", x-requested-with:"XMLHttpRequest", x-pm-header:"[object Object]", accept:"application/json", user-agent:"Mozilla/5.0 (Windows NT 10.0; Win64; x64) AppleWebKit/537.36 (KHTML, like Gecko) Chrome/154.0.0.0 Safari/537.36 Edg/154.0.0.0", sec-fetch-site:"same-origin", sec-fetch-mode:"cors", sec-fetch-dest:"empty", referer:"http://localhost:5173/admin/category", accept-encoding:"gzip, deflate, br, zstd", accept-language:"en-GB,en;q=0.9,en-US;q=0.8,en-IN;q=0.7", X-User-Id:"1", X-User-Roles:"SUPER_ADMIN", Forwarded:"proto=http;host="localhost:8086";for="[0:0:0:0:0:0:0:1]:59828"", X-Forwarded-For:"0:0:0:0:0:0:0:1", X-Forwarded-Proto:"http", X-Forwarded-Prefix:"/api", X-Forwarded-Port:"8086", X-Forwarded-Host:"localhost:8086"]
2026-10-08 19:36:01.217 [reactor-http-nio-6] [39mDEBUG[0;39m [36mo.s.c.g.f.h.o.ObservedResponseHttpHeadersFilter[0;39m - Will instrument the response
2026-10-08 19:36:01.217 [reactor-http-nio-6] [39mDEBUG[0;39m [36mo.s.c.g.f.h.o.ObservedResponseHttpHeadersFilter[0;39m - The response was handled for observation {name=http.client.requests(null), error=null, context=name='http.client.requests', contextualName='null', error='null', lowCardinalityKeyValues=[http.method='GET', http.status_code='UNKNOWN', spring.cloud.gateway.route.id='platform-admin', spring.cloud.gateway.route.uri='lb://MOMENT-FOREVER-PLATFORM'], highCardinalityKeyValues=[http.uri='http://localhost:8086/platform/admin/categories'], map=[class io.micrometer.core.instrument.Timer$Sample='io.micrometer.core.instrument.Timer$Sample@6433f277', class io.micrometer.core.instrument.LongTaskTimer$Sample='SampleImpl{duration(seconds)=0.0749241, duration(nanos)=7.49241E7, startTimeNanos=107366350579200}'], parentObservation={name=http.server.requests(null), error=null, context=name='http.server.requests', contextualName='null', error='null', lowCardinalityKeyValues=[exception='none', method='GET', outcome='SUCCESS', status='200', uri='UNKNOWN'], highCardinalityKeyValues=[http.url='/api/platform/admin/categories'], map=[class io.micrometer.core.instrument.Timer$Sample='io.micrometer.core.instrument.Timer$Sample@fed802d', class io.micrometer.core.instrument.LongTaskTimer$Sample='SampleImpl{duration(seconds)=0.0970219, duration(nanos)=9.70219E7, startTimeNanos=107366328562000}'], parentObservation=null}}
2026-10-08 19:36:01.218 [reactor-http-nio-6] [34mINFO [0;39m [36mc.f.M.f.GatewayRequestLoggingFilter[0;39m - GATEWAY_REQUEST method=GET path=/platform/admin/categories routeId=platform-admin target=lb://MOMENT-FOREVER-PLATFORM status=200 durationMs=77 signal=onComplete
2026-10-08 19:36:22.717 [reactor-http-nio-9] [39mDEBUG[0;39m [36mo.s.c.g.h.RoutePredicateHandlerMapping[0;39m - Route matched: platform-admin
2026-10-08 19:36:22.717 [reactor-http-nio-11] [39mDEBUG[0;39m [36mo.s.c.g.h.RoutePredicateHandlerMapping[0;39m - Route matched: platform-admin
2026-10-08 19:36:22.717 [reactor-http-nio-10] [39mDEBUG[0;39m [36mo.s.c.g.h.RoutePredicateHandlerMapping[0;39m - Route matched: platform-admin
2026-10-08 19:36:22.718 [reactor-http-nio-9] [39mDEBUG[0;39m [36mo.s.c.g.h.RoutePredicateHandlerMapping[0;39m - Mapping [Exchange: GET http://localhost:8086/api/platform/admin/locations] to Route{id='platform-admin', uri=lb://MOMENT-FOREVER-PLATFORM, order=0, predicate=Paths: [/api/platform/admin/**], match trailing slash: true, gatewayFilters=[[[StripPrefix parts = 1], order = 1]], metadata={requires-auth=true}}
2026-10-08 19:36:22.718 [reactor-http-nio-11] [39mDEBUG[0;39m [36mo.s.c.g.h.RoutePredicateHandlerMapping[0;39m - Mapping [Exchange: GET http://localhost:8086/api/platform/admin/locations/2/categories] to Route{id='platform-admin', uri=lb://MOMENT-FOREVER-PLATFORM, order=0, predicate=Paths: [/api/platform/admin/**], match trailing slash: true, gatewayFilters=[[[StripPrefix parts = 1], order = 1]], metadata={requires-auth=true}}
2026-10-08 19:36:22.718 [reactor-http-nio-9] [39mDEBUG[0;39m [36mo.s.c.g.h.RoutePredicateHandlerMapping[0;39m - [9f4aa3a1-162] Mapped to org.springframework.cloud.gateway.handler.FilteringWebHandler@3f7c6365
2026-10-08 19:36:22.718 [reactor-http-nio-11] [39mDEBUG[0;39m [36mo.s.c.g.h.RoutePredicateHandlerMapping[0;39m - [cdec2d90-164] Mapped to org.springframework.cloud.gateway.handler.FilteringWebHandler@3f7c6365
2026-10-08 19:36:22.718 [reactor-http-nio-10] [39mDEBUG[0;39m [36mo.s.c.g.h.RoutePredicateHandlerMapping[0;39m - Mapping [Exchange: GET http://localhost:8086/api/platform/admin/locations/1/categories] to Route{id='platform-admin', uri=lb://MOMENT-FOREVER-PLATFORM, order=0, predicate=Paths: [/api/platform/admin/**], match trailing slash: true, gatewayFilters=[[[StripPrefix parts = 1], order = 1]], metadata={requires-auth=true}}
2026-10-08 19:36:22.718 [reactor-http-nio-9] [39mDEBUG[0;39m [36mo.s.c.g.handler.FilteringWebHandler[0;39m - Sorted gatewayFilterFactories: [[GatewayFilterAdapter{delegate=org.springframework.cloud.gateway.filter.RemoveCachedBodyFilter@7227926b}, order = -2147483648], [GatewayFilterAdapter{delegate=org.springframework.cloud.gateway.filter.AdaptCachedBodyGlobalFilter@79617c3d}, order = -2147482648], [GatewayFilterAdapter{delegate=com.forvmom.MomentForeverAPIGateway.filter.JwtAuthenticationFilter@35a9e665}, order = -1], [GatewayFilterAdapter{delegate=org.springframework.cloud.gateway.filter.NettyWriteResponseFilter@1b632442}, order = -1], [GatewayFilterAdapter{delegate=org.springframework.cloud.gateway.filter.ForwardPathFilter@57a982f9}, order = 0], [GatewayFilterAdapter{delegate=org.springframework.cloud.gateway.filter.GatewayMetricsFilter@1b69fc07}, order = 0], [[StripPrefix parts = 1], order = 1], [GatewayFilterAdapter{delegate=org.springframework.cloud.gateway.filter.RouteToRequestUrlFilter@2f75a9b1}, order = 10000], [GatewayFilterAdapter{delegate=org.springframework.cloud.gateway.filter.ReactiveLoadBalancerClientFilter@362be0cd}, order = 10150], [GatewayFilterAdapter{delegate=org.springframework.cloud.gateway.filter.LoadBalancerServiceInstanceCookieFilter@2dde0a34}, order = 10151], [GatewayFilterAdapter{delegate=org.springframework.cloud.gateway.filter.WebsocketRoutingFilter@19d3f6ad}, order = 2147483646], [GatewayFilterAdapter{delegate=com.forvmom.MomentForeverAPIGateway.filter.GatewayRequestLoggingFilter@6a04d2a4}, order = 2147483647], [GatewayFilterAdapter{delegate=org.springframework.cloud.gateway.filter.NettyRoutingFilter@61836cd9}, order = 2147483647], [GatewayFilterAdapter{delegate=org.springframework.cloud.gateway.filter.ForwardRoutingFilter@556aed22}, order = 2147483647]]
2026-10-08 19:36:22.718 [reactor-http-nio-10] [39mDEBUG[0;39m [36mo.s.c.g.h.RoutePredicateHandlerMapping[0;39m - [dea03d39-163] Mapped to org.springframework.cloud.gateway.handler.FilteringWebHandler@3f7c6365
2026-10-08 19:36:22.718 [reactor-http-nio-11] [39mDEBUG[0;39m [36mo.s.c.g.handler.FilteringWebHandler[0;39m - Sorted gatewayFilterFactories: [[GatewayFilterAdapter{delegate=org.springframework.cloud.gateway.filter.RemoveCachedBodyFilter@7227926b}, order = -2147483648], [GatewayFilterAdapter{delegate=org.springframework.cloud.gateway.filter.AdaptCachedBodyGlobalFilter@79617c3d}, order = -2147482648], [GatewayFilterAdapter{delegate=com.forvmom.MomentForeverAPIGateway.filter.JwtAuthenticationFilter@35a9e665}, order = -1], [GatewayFilterAdapter{delegate=org.springframework.cloud.gateway.filter.NettyWriteResponseFilter@1b632442}, order = -1], [GatewayFilterAdapter{delegate=org.springframework.cloud.gateway.filter.ForwardPathFilter@57a982f9}, order = 0], [GatewayFilterAdapter{delegate=org.springframework.cloud.gateway.filter.GatewayMetricsFilter@1b69fc07}, order = 0], [[StripPrefix parts = 1], order = 1], [GatewayFilterAdapter{delegate=org.springframework.cloud.gateway.filter.RouteToRequestUrlFilter@2f75a9b1}, order = 10000], [GatewayFilterAdapter{delegate=org.springframework.cloud.gateway.filter.ReactiveLoadBalancerClientFilter@362be0cd}, order = 10150], [GatewayFilterAdapter{delegate=org.springframework.cloud.gateway.filter.LoadBalancerServiceInstanceCookieFilter@2dde0a34}, order = 10151], [GatewayFilterAdapter{delegate=org.springframework.cloud.gateway.filter.WebsocketRoutingFilter@19d3f6ad}, order = 2147483646], [GatewayFilterAdapter{delegate=com.forvmom.MomentForeverAPIGateway.filter.GatewayRequestLoggingFilter@6a04d2a4}, order = 2147483647], [GatewayFilterAdapter{delegate=org.springframework.cloud.gateway.filter.NettyRoutingFilter@61836cd9}, order = 2147483647], [GatewayFilterAdapter{delegate=org.springframework.cloud.gateway.filter.ForwardRoutingFilter@556aed22}, order = 2147483647]]
2026-10-08 19:36:22.718 [reactor-http-nio-10] [39mDEBUG[0;39m [36mo.s.c.g.handler.FilteringWebHandler[0;39m - Sorted gatewayFilterFactories: [[GatewayFilterAdapter{delegate=org.springframework.cloud.gateway.filter.RemoveCachedBodyFilter@7227926b}, order = -2147483648], [GatewayFilterAdapter{delegate=org.springframework.cloud.gateway.filter.AdaptCachedBodyGlobalFilter@79617c3d}, order = -2147482648], [GatewayFilterAdapter{delegate=com.forvmom.MomentForeverAPIGateway.filter.JwtAuthenticationFilter@35a9e665}, order = -1], [GatewayFilterAdapter{delegate=org.springframework.cloud.gateway.filter.NettyWriteResponseFilter@1b632442}, order = -1], [GatewayFilterAdapter{delegate=org.springframework.cloud.gateway.filter.ForwardPathFilter@57a982f9}, order = 0], [GatewayFilterAdapter{delegate=org.springframework.cloud.gateway.filter.GatewayMetricsFilter@1b69fc07}, order = 0], [[StripPrefix parts = 1], order = 1], [GatewayFilterAdapter{delegate=org.springframework.cloud.gateway.filter.RouteToRequestUrlFilter@2f75a9b1}, order = 10000], [GatewayFilterAdapter{delegate=org.springframework.cloud.gateway.filter.ReactiveLoadBalancerClientFilter@362be0cd}, order = 10150], [GatewayFilterAdapter{delegate=org.springframework.cloud.gateway.filter.LoadBalancerServiceInstanceCookieFilter@2dde0a34}, order = 10151], [GatewayFilterAdapter{delegate=org.springframework.cloud.gateway.filter.WebsocketRoutingFilter@19d3f6ad}, order = 2147483646], [GatewayFilterAdapter{delegate=com.forvmom.MomentForeverAPIGateway.filter.GatewayRequestLoggingFilter@6a04d2a4}, order = 2147483647], [GatewayFilterAdapter{delegate=org.springframework.cloud.gateway.filter.NettyRoutingFilter@61836cd9}, order = 2147483647], [GatewayFilterAdapter{delegate=org.springframework.cloud.gateway.filter.ForwardRoutingFilter@556aed22}, order = 2147483647]]
2026-10-08 19:36:22.719 [reactor-http-nio-12] [39mDEBUG[0;39m [36mo.s.c.g.h.RoutePredicateHandlerMapping[0;39m - Route matched: platform-admin
2026-10-08 19:36:22.719 [reactor-http-nio-1] [39mDEBUG[0;39m [36mo.s.c.g.h.RoutePredicateHandlerMapping[0;39m - Route matched: platform-admin
2026-10-08 19:36:22.720 [reactor-http-nio-12] [39mDEBUG[0;39m [36mo.s.c.g.h.RoutePredicateHandlerMapping[0;39m - Mapping [Exchange: GET http://localhost:8086/api/platform/admin/locations/3/categories] to Route{id='platform-admin', uri=lb://MOMENT-FOREVER-PLATFORM, order=0, predicate=Paths: [/api/platform/admin/**], match trailing slash: true, gatewayFilters=[[[StripPrefix parts = 1], order = 1]], metadata={requires-auth=true}}
2026-10-08 19:36:22.720 [reactor-http-nio-1] [39mDEBUG[0;39m [36mo.s.c.g.h.RoutePredicateHandlerMapping[0;39m - Mapping [Exchange: GET http://localhost:8086/api/platform/admin/locations/4/categories] to Route{id='platform-admin', uri=lb://MOMENT-FOREVER-PLATFORM, order=0, predicate=Paths: [/api/platform/admin/**], match trailing slash: true, gatewayFilters=[[[StripPrefix parts = 1], order = 1]], metadata={requires-auth=true}}
2026-10-08 19:36:22.720 [reactor-http-nio-12] [39mDEBUG[0;39m [36mo.s.c.g.h.RoutePredicateHandlerMapping[0;39m - [90a5a317-165] Mapped to org.springframework.cloud.gateway.handler.FilteringWebHandler@3f7c6365
2026-10-08 19:36:22.720 [reactor-http-nio-1] [39mDEBUG[0;39m [36mo.s.c.g.h.RoutePredicateHandlerMapping[0;39m - [6e649237-166] Mapped to org.springframework.cloud.gateway.handler.FilteringWebHandler@3f7c6365
2026-10-08 19:36:22.720 [reactor-http-nio-12] [39mDEBUG[0;39m [36mo.s.c.g.handler.FilteringWebHandler[0;39m - Sorted gatewayFilterFactories: [[GatewayFilterAdapter{delegate=org.springframework.cloud.gateway.filter.RemoveCachedBodyFilter@7227926b}, order = -2147483648], [GatewayFilterAdapter{delegate=org.springframework.cloud.gateway.filter.AdaptCachedBodyGlobalFilter@79617c3d}, order = -2147482648], [GatewayFilterAdapter{delegate=com.forvmom.MomentForeverAPIGateway.filter.JwtAuthenticationFilter@35a9e665}, order = -1], [GatewayFilterAdapter{delegate=org.springframework.cloud.gateway.filter.NettyWriteResponseFilter@1b632442}, order = -1], [GatewayFilterAdapter{delegate=org.springframework.cloud.gateway.filter.ForwardPathFilter@57a982f9}, order = 0], [GatewayFilterAdapter{delegate=org.springframework.cloud.gateway.filter.GatewayMetricsFilter@1b69fc07}, order = 0], [[StripPrefix parts = 1], order = 1], [GatewayFilterAdapter{delegate=org.springframework.cloud.gateway.filter.RouteToRequestUrlFilter@2f75a9b1}, order = 10000], [GatewayFilterAdapter{delegate=org.springframework.cloud.gateway.filter.ReactiveLoadBalancerClientFilter@362be0cd}, order = 10150], [GatewayFilterAdapter{delegate=org.springframework.cloud.gateway.filter.LoadBalancerServiceInstanceCookieFilter@2dde0a34}, order = 10151], [GatewayFilterAdapter{delegate=org.springframework.cloud.gateway.filter.WebsocketRoutingFilter@19d3f6ad}, order = 2147483646], [GatewayFilterAdapter{delegate=com.forvmom.MomentForeverAPIGateway.filter.GatewayRequestLoggingFilter@6a04d2a4}, order = 2147483647], [GatewayFilterAdapter{delegate=org.springframework.cloud.gateway.filter.NettyRoutingFilter@61836cd9}, order = 2147483647], [GatewayFilterAdapter{delegate=org.springframework.cloud.gateway.filter.ForwardRoutingFilter@556aed22}, order = 2147483647]]
2026-10-08 19:36:22.720 [reactor-http-nio-1] [39mDEBUG[0;39m [36mo.s.c.g.handler.FilteringWebHandler[0;39m - Sorted gatewayFilterFactories: [[GatewayFilterAdapter{delegate=org.springframework.cloud.gateway.filter.RemoveCachedBodyFilter@7227926b}, order = -2147483648], [GatewayFilterAdapter{delegate=org.springframework.cloud.gateway.filter.AdaptCachedBodyGlobalFilter@79617c3d}, order = -2147482648], [GatewayFilterAdapter{delegate=com.forvmom.MomentForeverAPIGateway.filter.JwtAuthenticationFilter@35a9e665}, order = -1], [GatewayFilterAdapter{delegate=org.springframework.cloud.gateway.filter.NettyWriteResponseFilter@1b632442}, order = -1], [GatewayFilterAdapter{delegate=org.springframework.cloud.gateway.filter.ForwardPathFilter@57a982f9}, order = 0], [GatewayFilterAdapter{delegate=org.springframework.cloud.gateway.filter.GatewayMetricsFilter@1b69fc07}, order = 0], [[StripPrefix parts = 1], order = 1], [GatewayFilterAdapter{delegate=org.springframework.cloud.gateway.filter.RouteToRequestUrlFilter@2f75a9b1}, order = 10000], [GatewayFilterAdapter{delegate=org.springframework.cloud.gateway.filter.ReactiveLoadBalancerClientFilter@362be0cd}, order = 10150], [GatewayFilterAdapter{delegate=org.springframework.cloud.gateway.filter.LoadBalancerServiceInstanceCookieFilter@2dde0a34}, order = 10151], [GatewayFilterAdapter{delegate=org.springframework.cloud.gateway.filter.WebsocketRoutingFilter@19d3f6ad}, order = 2147483646], [GatewayFilterAdapter{delegate=com.forvmom.MomentForeverAPIGateway.filter.GatewayRequestLoggingFilter@6a04d2a4}, order = 2147483647], [GatewayFilterAdapter{delegate=org.springframework.cloud.gateway.filter.NettyRoutingFilter@61836cd9}, order = 2147483647], [GatewayFilterAdapter{delegate=org.springframework.cloud.gateway.filter.ForwardRoutingFilter@556aed22}, order = 2147483647]]
2026-10-08 19:36:22.739 [boundedElastic-9] [39mDEBUG[0;39m [36mo.s.c.g.f.h.o.ObservedRequestHttpHeadersFilter[0;39m - Will instrument the HTTP request headers [host:"localhost:8086", sec-ch-ua-platform:""Windows"", authorization:"Bearer eyJhbGciOiJIUzI1NiJ9.eyJyb2xlcyI6IlNVUEVSX0FETUlOIiwidXNlcklkIjoxLCJlbmFibGVkIjp0cnVlLCJ1c2VybmFtZSI6InN1cGVyYWRtaW5AY2hlcmlzaHguY29tIiwiYWNjb3VudE5vbkxvY2tlZCI6dHJ1ZSwic3ViIjoic3VwZXJhZG1pbkBjaGVyaXNoeC5jb20iLCJpYXQiOjE3OTE0NjgzMjEsImV4cCI6MTc5MTU1NDcyMSwiaXNzIjoibW9tZW50LWZvcmV2ZXItYXBwIiwiYXVkIjoibW9tZW50LWZvcmV2ZXItY2xpZW50In0.MSh7MAgomTQN20GrkE0ylIFKJcho7PbSp53bCRBE2-Y", sec-ch-ua:""Chromium";v="154", "Microsoft Edge";v="154", "Not A(Brand";v="99"", accesstoken:"eyJhbGciOiJIUzI1NiJ9.eyJyb2xlcyI6IlNVUEVSX0FETUlOIiwidXNlcklkIjoxLCJlbmFibGVkIjp0cnVlLCJ1c2VybmFtZSI6InN1cGVyYWRtaW5AY2hlcmlzaHguY29tIiwiYWNjb3VudE5vbkxvY2tlZCI6dHJ1ZSwic3ViIjoic3VwZXJhZG1pbkBjaGVyaXNoeC5jb20iLCJpYXQiOjE3OTE0NjgzMjEsImV4cCI6MTc5MTU1NDcyMSwiaXNzIjoibW9tZW50LWZvcmV2ZXItYXBwIiwiYXVkIjoibW9tZW50LWZvcmV2ZXItY2xpZW50In0.MSh7MAgomTQN20GrkE0ylIFKJcho7PbSp53bCRBE2-Y", sec-ch-ua-mobile:"?0", x-requested-with:"XMLHttpRequest", x-pm-header:"[object Object]", accept:"application/json", user-agent:"Mozilla/5.0 (Windows NT 10.0; Win64; x64) AppleWebKit/537.36 (KHTML, like Gecko) Chrome/154.0.0.0 Safari/537.36 Edg/154.0.0.0", sec-fetch-site:"same-origin", sec-fetch-mode:"cors", sec-fetch-dest:"empty", referer:"http://localhost:5173/admin/category", accept-encoding:"gzip, deflate, br, zstd", accept-language:"en-GB,en;q=0.9,en-US;q=0.8,en-IN;q=0.7", X-User-Id:"1", X-User-Roles:"SUPER_ADMIN", Forwarded:"proto=http;host="localhost:8086";for="[0:0:0:0:0:0:0:1]:59314"", X-Forwarded-For:"0:0:0:0:0:0:0:1", X-Forwarded-Proto:"http", X-Forwarded-Prefix:"/api", X-Forwarded-Port:"8086", X-Forwarded-Host:"localhost:8086"]
2026-10-08 19:36:22.740 [boundedElastic-9] [39mDEBUG[0;39m [36mo.s.c.g.f.h.o.ObservedRequestHttpHeadersFilter[0;39m - Client observation  {name=http.client.requests(null), error=null, context=name='http.client.requests', contextualName='null', error='null', lowCardinalityKeyValues=[http.method='GET', http.status_code='UNKNOWN', spring.cloud.gateway.route.id='platform-admin', spring.cloud.gateway.route.uri='lb://MOMENT-FOREVER-PLATFORM'], highCardinalityKeyValues=[http.uri='http://localhost:8086/platform/admin/locations/1/categories'], map=[class io.micrometer.core.instrument.Timer$Sample='io.micrometer.core.instrument.Timer$Sample@38090e65', class io.micrometer.core.instrument.LongTaskTimer$Sample='SampleImpl{duration(seconds)=9.41E-5, duration(nanos)=94100.0, startTimeNanos=107387948045700}'], parentObservation={name=http.server.requests(null), error=null, context=name='http.server.requests', contextualName='null', error='null', lowCardinalityKeyValues=[exception='none', method='GET', outcome='SUCCESS', status='200', uri='UNKNOWN'], highCardinalityKeyValues=[http.url='/api/platform/admin/locations/1/categories'], map=[class io.micrometer.core.instrument.Timer$Sample='io.micrometer.core.instrument.Timer$Sample@25ed571e', class io.micrometer.core.instrument.LongTaskTimer$Sample='SampleImpl{duration(seconds)=0.0230304, duration(nanos)=2.30304E7, startTimeNanos=107387925229800}'], parentObservation=null}} created for the request. New headers are [host:"localhost:8086", sec-ch-ua-platform:""Windows"", authorization:"Bearer eyJhbGciOiJIUzI1NiJ9.eyJyb2xlcyI6IlNVUEVSX0FETUlOIiwidXNlcklkIjoxLCJlbmFibGVkIjp0cnVlLCJ1c2VybmFtZSI6InN1cGVyYWRtaW5AY2hlcmlzaHguY29tIiwiYWNjb3VudE5vbkxvY2tlZCI6dHJ1ZSwic3ViIjoic3VwZXJhZG1pbkBjaGVyaXNoeC5jb20iLCJpYXQiOjE3OTE0NjgzMjEsImV4cCI6MTc5MTU1NDcyMSwiaXNzIjoibW9tZW50LWZvcmV2ZXItYXBwIiwiYXVkIjoibW9tZW50LWZvcmV2ZXItY2xpZW50In0.MSh7MAgomTQN20GrkE0ylIFKJcho7PbSp53bCRBE2-Y", sec-ch-ua:""Chromium";v="154", "Microsoft Edge";v="154", "Not A(Brand";v="99"", accesstoken:"eyJhbGciOiJIUzI1NiJ9.eyJyb2xlcyI6IlNVUEVSX0FETUlOIiwidXNlcklkIjoxLCJlbmFibGVkIjp0cnVlLCJ1c2VybmFtZSI6InN1cGVyYWRtaW5AY2hlcmlzaHguY29tIiwiYWNjb3VudE5vbkxvY2tlZCI6dHJ1ZSwic3ViIjoic3VwZXJhZG1pbkBjaGVyaXNoeC5jb20iLCJpYXQiOjE3OTE0NjgzMjEsImV4cCI6MTc5MTU1NDcyMSwiaXNzIjoibW9tZW50LWZvcmV2ZXItYXBwIiwiYXVkIjoibW9tZW50LWZvcmV2ZXItY2xpZW50In0.MSh7MAgomTQN20GrkE0ylIFKJcho7PbSp53bCRBE2-Y", sec-ch-ua-mobile:"?0", x-requested-with:"XMLHttpRequest", x-pm-header:"[object Object]", accept:"application/json", user-agent:"Mozilla/5.0 (Windows NT 10.0; Win64; x64) AppleWebKit/537.36 (KHTML, like Gecko) Chrome/154.0.0.0 Safari/537.36 Edg/154.0.0.0", sec-fetch-site:"same-origin", sec-fetch-mode:"cors", sec-fetch-dest:"empty", referer:"http://localhost:5173/admin/category", accept-encoding:"gzip, deflate, br, zstd", accept-language:"en-GB,en;q=0.9,en-US;q=0.8,en-IN;q=0.7", X-User-Id:"1", X-User-Roles:"SUPER_ADMIN", Forwarded:"proto=http;host="localhost:8086";for="[0:0:0:0:0:0:0:1]:59314"", X-Forwarded-For:"0:0:0:0:0:0:0:1", X-Forwarded-Proto:"http", X-Forwarded-Prefix:"/api", X-Forwarded-Port:"8086", X-Forwarded-Host:"localhost:8086"]
2026-10-08 19:36:22.741 [reactor-http-nio-9] [39mDEBUG[0;39m [36mo.s.c.g.f.h.o.ObservedRequestHttpHeadersFilter[0;39m - Will instrument the HTTP request headers [host:"localhost:8086", sec-ch-ua-platform:""Windows"", authorization:"Bearer eyJhbGciOiJIUzI1NiJ9.eyJyb2xlcyI6IlNVUEVSX0FETUlOIiwidXNlcklkIjoxLCJlbmFibGVkIjp0cnVlLCJ1c2VybmFtZSI6InN1cGVyYWRtaW5AY2hlcmlzaHguY29tIiwiYWNjb3VudE5vbkxvY2tlZCI6dHJ1ZSwic3ViIjoic3VwZXJhZG1pbkBjaGVyaXNoeC5jb20iLCJpYXQiOjE3OTE0NjgzMjEsImV4cCI6MTc5MTU1NDcyMSwiaXNzIjoibW9tZW50LWZvcmV2ZXItYXBwIiwiYXVkIjoibW9tZW50LWZvcmV2ZXItY2xpZW50In0.MSh7MAgomTQN20GrkE0ylIFKJcho7PbSp53bCRBE2-Y", sec-ch-ua:""Chromium";v="154", "Microsoft Edge";v="154", "Not A(Brand";v="99"", accesstoken:"eyJhbGciOiJIUzI1NiJ9.eyJyb2xlcyI6IlNVUEVSX0FETUlOIiwidXNlcklkIjoxLCJlbmFibGVkIjp0cnVlLCJ1c2VybmFtZSI6InN1cGVyYWRtaW5AY2hlcmlzaHguY29tIiwiYWNjb3VudE5vbkxvY2tlZCI6dHJ1ZSwic3ViIjoic3VwZXJhZG1pbkBjaGVyaXNoeC5jb20iLCJpYXQiOjE3OTE0NjgzMjEsImV4cCI6MTc5MTU1NDcyMSwiaXNzIjoibW9tZW50LWZvcmV2ZXItYXBwIiwiYXVkIjoibW9tZW50LWZvcmV2ZXItY2xpZW50In0.MSh7MAgomTQN20GrkE0ylIFKJcho7PbSp53bCRBE2-Y", sec-ch-ua-mobile:"?0", x-requested-with:"XMLHttpRequest", x-pm-header:"[object Object]", accept:"application/json", user-agent:"Mozilla/5.0 (Windows NT 10.0; Win64; x64) AppleWebKit/537.36 (KHTML, like Gecko) Chrome/154.0.0.0 Safari/537.36 Edg/154.0.0.0", sec-fetch-site:"same-origin", sec-fetch-mode:"cors", sec-fetch-dest:"empty", referer:"http://localhost:5173/admin/category", accept-encoding:"gzip, deflate, br, zstd", accept-language:"en-GB,en;q=0.9,en-US;q=0.8,en-IN;q=0.7", X-User-Id:"1", X-User-Roles:"SUPER_ADMIN", Forwarded:"proto=http;host="localhost:8086";for="[0:0:0:0:0:0:0:1]:59313"", X-Forwarded-For:"0:0:0:0:0:0:0:1", X-Forwarded-Proto:"http", X-Forwarded-Prefix:"/api", X-Forwarded-Port:"8086", X-Forwarded-Host:"localhost:8086"]
2026-10-08 19:36:22.743 [reactor-http-nio-9] [39mDEBUG[0;39m [36mo.s.c.g.f.h.o.ObservedRequestHttpHeadersFilter[0;39m - Client observation  {name=http.client.requests(null), error=null, context=name='http.client.requests', contextualName='null', error='null', lowCardinalityKeyValues=[http.method='GET', http.status_code='UNKNOWN', spring.cloud.gateway.route.id='platform-admin', spring.cloud.gateway.route.uri='lb://MOMENT-FOREVER-PLATFORM'], highCardinalityKeyValues=[http.uri='http://localhost:8086/platform/admin/locations'], map=[class io.micrometer.core.instrument.Timer$Sample='io.micrometer.core.instrument.Timer$Sample@4c178fc7', class io.micrometer.core.instrument.LongTaskTimer$Sample='SampleImpl{duration(seconds)=8.355E-4, duration(nanos)=835500.0, startTimeNanos=107387950347500}'], parentObservation={name=http.server.requests(null), error=null, context=name='http.server.requests', contextualName='null', error='null', lowCardinalityKeyValues=[exception='none', method='GET', outcome='SUCCESS', status='200', uri='UNKNOWN'], highCardinalityKeyValues=[http.url='/api/platform/admin/locations'], map=[class io.micrometer.core.instrument.Timer$Sample='io.micrometer.core.instrument.Timer$Sample@46669db0', class io.micrometer.core.instrument.LongTaskTimer$Sample='SampleImpl{duration(seconds)=0.0264191, duration(nanos)=2.64191E7, startTimeNanos=107387925229800}'], parentObservation=null}} created for the request. New headers are [host:"localhost:8086", sec-ch-ua-platform:""Windows"", authorization:"Bearer eyJhbGciOiJIUzI1NiJ9.eyJyb2xlcyI6IlNVUEVSX0FETUlOIiwidXNlcklkIjoxLCJlbmFibGVkIjp0cnVlLCJ1c2VybmFtZSI6InN1cGVyYWRtaW5AY2hlcmlzaHguY29tIiwiYWNjb3VudE5vbkxvY2tlZCI6dHJ1ZSwic3ViIjoic3VwZXJhZG1pbkBjaGVyaXNoeC5jb20iLCJpYXQiOjE3OTE0NjgzMjEsImV4cCI6MTc5MTU1NDcyMSwiaXNzIjoibW9tZW50LWZvcmV2ZXItYXBwIiwiYXVkIjoibW9tZW50LWZvcmV2ZXItY2xpZW50In0.MSh7MAgomTQN20GrkE0ylIFKJcho7PbSp53bCRBE2-Y", sec-ch-ua:""Chromium";v="154", "Microsoft Edge";v="154", "Not A(Brand";v="99"", accesstoken:"eyJhbGciOiJIUzI1NiJ9.eyJyb2xlcyI6IlNVUEVSX0FETUlOIiwidXNlcklkIjoxLCJlbmFibGVkIjp0cnVlLCJ1c2VybmFtZSI6InN1cGVyYWRtaW5AY2hlcmlzaHguY29tIiwiYWNjb3VudE5vbkxvY2tlZCI6dHJ1ZSwic3ViIjoic3VwZXJhZG1pbkBjaGVyaXNoeC5jb20iLCJpYXQiOjE3OTE0NjgzMjEsImV4cCI6MTc5MTU1NDcyMSwiaXNzIjoibW9tZW50LWZvcmV2ZXItYXBwIiwiYXVkIjoibW9tZW50LWZvcmV2ZXItY2xpZW50In0.MSh7MAgomTQN20GrkE0ylIFKJcho7PbSp53bCRBE2-Y", sec-ch-ua-mobile:"?0", x-requested-with:"XMLHttpRequest", x-pm-header:"[object Object]", accept:"application/json", user-agent:"Mozilla/5.0 (Windows NT 10.0; Win64; x64) AppleWebKit/537.36 (KHTML, like Gecko) Chrome/154.0.0.0 Safari/537.36 Edg/154.0.0.0", sec-fetch-site:"same-origin", sec-fetch-mode:"cors", sec-fetch-dest:"empty", referer:"http://localhost:5173/admin/category", accept-encoding:"gzip, deflate, br, zstd", accept-language:"en-GB,en;q=0.9,en-US;q=0.8,en-IN;q=0.7", X-User-Id:"1", X-User-Roles:"SUPER_ADMIN", Forwarded:"proto=http;host="localhost:8086";for="[0:0:0:0:0:0:0:1]:59313"", X-Forwarded-For:"0:0:0:0:0:0:0:1", X-Forwarded-Proto:"http", X-Forwarded-Prefix:"/api", X-Forwarded-Port:"8086", X-Forwarded-Host:"localhost:8086"]
2026-10-08 19:36:22.745 [boundedElastic-2] [39mDEBUG[0;39m [36mo.s.c.g.f.h.o.ObservedRequestHttpHeadersFilter[0;39m - Will instrument the HTTP request headers [host:"localhost:8086", sec-ch-ua-platform:""Windows"", authorization:"Bearer eyJhbGciOiJIUzI1NiJ9.eyJyb2xlcyI6IlNVUEVSX0FETUlOIiwidXNlcklkIjoxLCJlbmFibGVkIjp0cnVlLCJ1c2VybmFtZSI6InN1cGVyYWRtaW5AY2hlcmlzaHguY29tIiwiYWNjb3VudE5vbkxvY2tlZCI6dHJ1ZSwic3ViIjoic3VwZXJhZG1pbkBjaGVyaXNoeC5jb20iLCJpYXQiOjE3OTE0NjgzMjEsImV4cCI6MTc5MTU1NDcyMSwiaXNzIjoibW9tZW50LWZvcmV2ZXItYXBwIiwiYXVkIjoibW9tZW50LWZvcmV2ZXItY2xpZW50In0.MSh7MAgomTQN20GrkE0ylIFKJcho7PbSp53bCRBE2-Y", sec-ch-ua:""Chromium";v="154", "Microsoft Edge";v="154", "Not A(Brand";v="99"", accesstoken:"eyJhbGciOiJIUzI1NiJ9.eyJyb2xlcyI6IlNVUEVSX0FETUlOIiwidXNlcklkIjoxLCJlbmFibGVkIjp0cnVlLCJ1c2VybmFtZSI6InN1cGVyYWRtaW5AY2hlcmlzaHguY29tIiwiYWNjb3VudE5vbkxvY2tlZCI6dHJ1ZSwic3ViIjoic3VwZXJhZG1pbkBjaGVyaXNoeC5jb20iLCJpYXQiOjE3OTE0NjgzMjEsImV4cCI6MTc5MTU1NDcyMSwiaXNzIjoibW9tZW50LWZvcmV2ZXItYXBwIiwiYXVkIjoibW9tZW50LWZvcmV2ZXItY2xpZW50In0.MSh7MAgomTQN20GrkE0ylIFKJcho7PbSp53bCRBE2-Y", sec-ch-ua-mobile:"?0", x-requested-with:"XMLHttpRequest", x-pm-header:"[object Object]", accept:"application/json", user-agent:"Mozilla/5.0 (Windows NT 10.0; Win64; x64) AppleWebKit/537.36 (KHTML, like Gecko) Chrome/154.0.0.0 Safari/537.36 Edg/154.0.0.0", sec-fetch-site:"same-origin", sec-fetch-mode:"cors", sec-fetch-dest:"empty", referer:"http://localhost:5173/admin/category", accept-encoding:"gzip, deflate, br, zstd", accept-language:"en-GB,en;q=0.9,en-US;q=0.8,en-IN;q=0.7", X-User-Id:"1", X-User-Roles:"SUPER_ADMIN", Forwarded:"proto=http;host="localhost:8086";for="[0:0:0:0:0:0:0:1]:59317"", X-Forwarded-For:"0:0:0:0:0:0:0:1", X-Forwarded-Proto:"http", X-Forwarded-Prefix:"/api", X-Forwarded-Port:"8086", X-Forwarded-Host:"localhost:8086"]
2026-10-08 19:36:22.746 [boundedElastic-2] [39mDEBUG[0;39m [36mo.s.c.g.f.h.o.ObservedRequestHttpHeadersFilter[0;39m - Client observation  {name=http.client.requests(null), error=null, context=name='http.client.requests', contextualName='null', error='null', lowCardinalityKeyValues=[http.method='GET', http.status_code='UNKNOWN', spring.cloud.gateway.route.id='platform-admin', spring.cloud.gateway.route.uri='lb://MOMENT-FOREVER-PLATFORM'], highCardinalityKeyValues=[http.uri='http://localhost:8086/platform/admin/locations/4/categories'], map=[class io.micrometer.core.instrument.Timer$Sample='io.micrometer.core.instrument.Timer$Sample@2c60e797', class io.micrometer.core.instrument.LongTaskTimer$Sample='SampleImpl{duration(seconds)=2.44E-4, duration(nanos)=244000.0, startTimeNanos=107387954194200}'], parentObservation={name=http.server.requests(null), error=null, context=name='http.server.requests', contextualName='null', error='null', lowCardinalityKeyValues=[exception='none', method='GET', outcome='SUCCESS', status='200', uri='UNKNOWN'], highCardinalityKeyValues=[http.url='/api/platform/admin/locations/4/categories'], map=[class io.micrometer.core.instrument.Timer$Sample='io.micrometer.core.instrument.Timer$Sample@431bf162', class io.micrometer.core.instrument.LongTaskTimer$Sample='SampleImpl{duration(seconds)=0.0273463, duration(nanos)=2.73463E7, startTimeNanos=107387927316800}'], parentObservation=null}} created for the request. New headers are [host:"localhost:8086", sec-ch-ua-platform:""Windows"", authorization:"Bearer eyJhbGciOiJIUzI1NiJ9.eyJyb2xlcyI6IlNVUEVSX0FETUlOIiwidXNlcklkIjoxLCJlbmFibGVkIjp0cnVlLCJ1c2VybmFtZSI6InN1cGVyYWRtaW5AY2hlcmlzaHguY29tIiwiYWNjb3VudE5vbkxvY2tlZCI6dHJ1ZSwic3ViIjoic3VwZXJhZG1pbkBjaGVyaXNoeC5jb20iLCJpYXQiOjE3OTE0NjgzMjEsImV4cCI6MTc5MTU1NDcyMSwiaXNzIjoibW9tZW50LWZvcmV2ZXItYXBwIiwiYXVkIjoibW9tZW50LWZvcmV2ZXItY2xpZW50In0.MSh7MAgomTQN20GrkE0ylIFKJcho7PbSp53bCRBE2-Y", sec-ch-ua:""Chromium";v="154", "Microsoft Edge";v="154", "Not A(Brand";v="99"", accesstoken:"eyJhbGciOiJIUzI1NiJ9.eyJyb2xlcyI6IlNVUEVSX0FETUlOIiwidXNlcklkIjoxLCJlbmFibGVkIjp0cnVlLCJ1c2VybmFtZSI6InN1cGVyYWRtaW5AY2hlcmlzaHguY29tIiwiYWNjb3VudE5vbkxvY2tlZCI6dHJ1ZSwic3ViIjoic3VwZXJhZG1pbkBjaGVyaXNoeC5jb20iLCJpYXQiOjE3OTE0NjgzMjEsImV4cCI6MTc5MTU1NDcyMSwiaXNzIjoibW9tZW50LWZvcmV2ZXItYXBwIiwiYXVkIjoibW9tZW50LWZvcmV2ZXItY2xpZW50In0.MSh7MAgomTQN20GrkE0ylIFKJcho7PbSp53bCRBE2-Y", sec-ch-ua-mobile:"?0", x-requested-with:"XMLHttpRequest", x-pm-header:"[object Object]", accept:"application/json", user-agent:"Mozilla/5.0 (Windows NT 10.0; Win64; x64) AppleWebKit/537.36 (KHTML, like Gecko) Chrome/154.0.0.0 Safari/537.36 Edg/154.0.0.0", sec-fetch-site:"same-origin", sec-fetch-mode:"cors", sec-fetch-dest:"empty", referer:"http://localhost:5173/admin/category", accept-encoding:"gzip, deflate, br, zstd", accept-language:"en-GB,en;q=0.9,en-US;q=0.8,en-IN;q=0.7", X-User-Id:"1", X-User-Roles:"SUPER_ADMIN", Forwarded:"proto=http;host="localhost:8086";for="[0:0:0:0:0:0:0:1]:59317"", X-Forwarded-For:"0:0:0:0:0:0:0:1", X-Forwarded-Proto:"http", X-Forwarded-Prefix:"/api", X-Forwarded-Port:"8086", X-Forwarded-Host:"localhost:8086"]
2026-10-08 19:36:22.748 [reactor-http-nio-12] [39mDEBUG[0;39m [36mo.s.c.g.f.h.o.ObservedRequestHttpHeadersFilter[0;39m - Will instrument the HTTP request headers [host:"localhost:8086", sec-ch-ua-platform:""Windows"", authorization:"Bearer eyJhbGciOiJIUzI1NiJ9.eyJyb2xlcyI6IlNVUEVSX0FETUlOIiwidXNlcklkIjoxLCJlbmFibGVkIjp0cnVlLCJ1c2VybmFtZSI6InN1cGVyYWRtaW5AY2hlcmlzaHguY29tIiwiYWNjb3VudE5vbkxvY2tlZCI6dHJ1ZSwic3ViIjoic3VwZXJhZG1pbkBjaGVyaXNoeC5jb20iLCJpYXQiOjE3OTE0NjgzMjEsImV4cCI6MTc5MTU1NDcyMSwiaXNzIjoibW9tZW50LWZvcmV2ZXItYXBwIiwiYXVkIjoibW9tZW50LWZvcmV2ZXItY2xpZW50In0.MSh7MAgomTQN20GrkE0ylIFKJcho7PbSp53bCRBE2-Y", sec-ch-ua:""Chromium";v="154", "Microsoft Edge";v="154", "Not A(Brand";v="99"", accesstoken:"eyJhbGciOiJIUzI1NiJ9.eyJyb2xlcyI6IlNVUEVSX0FETUlOIiwidXNlcklkIjoxLCJlbmFibGVkIjp0cnVlLCJ1c2VybmFtZSI6InN1cGVyYWRtaW5AY2hlcmlzaHguY29tIiwiYWNjb3VudE5vbkxvY2tlZCI6dHJ1ZSwic3ViIjoic3VwZXJhZG1pbkBjaGVyaXNoeC5jb20iLCJpYXQiOjE3OTE0NjgzMjEsImV4cCI6MTc5MTU1NDcyMSwiaXNzIjoibW9tZW50LWZvcmV2ZXItYXBwIiwiYXVkIjoibW9tZW50LWZvcmV2ZXItY2xpZW50In0.MSh7MAgomTQN20GrkE0ylIFKJcho7PbSp53bCRBE2-Y", sec-ch-ua-mobile:"?0", x-requested-with:"XMLHttpRequest", x-pm-header:"[object Object]", accept:"application/json", user-agent:"Mozilla/5.0 (Windows NT 10.0; Win64; x64) AppleWebKit/537.36 (KHTML, like Gecko) Chrome/154.0.0.0 Safari/537.36 Edg/154.0.0.0", sec-fetch-site:"same-origin", sec-fetch-mode:"cors", sec-fetch-dest:"empty", referer:"http://localhost:5173/admin/category", accept-encoding:"gzip, deflate, br, zstd", accept-language:"en-GB,en;q=0.9,en-US;q=0.8,en-IN;q=0.7", X-User-Id:"1", X-User-Roles:"SUPER_ADMIN", Forwarded:"proto=http;host="localhost:8086";for="[0:0:0:0:0:0:0:1]:59316"", X-Forwarded-For:"0:0:0:0:0:0:0:1", X-Forwarded-Proto:"http", X-Forwarded-Prefix:"/api", X-Forwarded-Port:"8086", X-Forwarded-Host:"localhost:8086"]
2026-10-08 19:36:22.749 [reactor-http-nio-12] [39mDEBUG[0;39m [36mo.s.c.g.f.h.o.ObservedRequestHttpHeadersFilter[0;39m - Client observation  {name=http.client.requests(null), error=null, context=name='http.client.requests', contextualName='null', error='null', lowCardinalityKeyValues=[http.method='GET', http.status_code='UNKNOWN', spring.cloud.gateway.route.id='platform-admin', spring.cloud.gateway.route.uri='lb://MOMENT-FOREVER-PLATFORM'], highCardinalityKeyValues=[http.uri='http://localhost:8086/platform/admin/locations/3/categories'], map=[class io.micrometer.core.instrument.Timer$Sample='io.micrometer.core.instrument.Timer$Sample@550510', class io.micrometer.core.instrument.LongTaskTimer$Sample='SampleImpl{duration(seconds)=9.42E-5, duration(nanos)=94200.0, startTimeNanos=107387957240700}'], parentObservation={name=http.server.requests(null), error=null, context=name='http.server.requests', contextualName='null', error='null', lowCardinalityKeyValues=[exception='none', method='GET', outcome='SUCCESS', status='200', uri='UNKNOWN'], highCardinalityKeyValues=[http.url='/api/platform/admin/locations/3/categories'], map=[class io.micrometer.core.instrument.Timer$Sample='io.micrometer.core.instrument.Timer$Sample@63db681c', class io.micrometer.core.instrument.LongTaskTimer$Sample='SampleImpl{duration(seconds)=0.0302419, duration(nanos)=3.02419E7, startTimeNanos=107387927191300}'], parentObservation=null}} created for the request. New headers are [host:"localhost:8086", sec-ch-ua-platform:""Windows"", authorization:"Bearer eyJhbGciOiJIUzI1NiJ9.eyJyb2xlcyI6IlNVUEVSX0FETUlOIiwidXNlcklkIjoxLCJlbmFibGVkIjp0cnVlLCJ1c2VybmFtZSI6InN1cGVyYWRtaW5AY2hlcmlzaHguY29tIiwiYWNjb3VudE5vbkxvY2tlZCI6dHJ1ZSwic3ViIjoic3VwZXJhZG1pbkBjaGVyaXNoeC5jb20iLCJpYXQiOjE3OTE0NjgzMjEsImV4cCI6MTc5MTU1NDcyMSwiaXNzIjoibW9tZW50LWZvcmV2ZXItYXBwIiwiYXVkIjoibW9tZW50LWZvcmV2ZXItY2xpZW50In0.MSh7MAgomTQN20GrkE0ylIFKJcho7PbSp53bCRBE2-Y", sec-ch-ua:""Chromium";v="154", "Microsoft Edge";v="154", "Not A(Brand";v="99"", accesstoken:"eyJhbGciOiJIUzI1NiJ9.eyJyb2xlcyI6IlNVUEVSX0FETUlOIiwidXNlcklkIjoxLCJlbmFibGVkIjp0cnVlLCJ1c2VybmFtZSI6InN1cGVyYWRtaW5AY2hlcmlzaHguY29tIiwiYWNjb3VudE5vbkxvY2tlZCI6dHJ1ZSwic3ViIjoic3VwZXJhZG1pbkBjaGVyaXNoeC5jb20iLCJpYXQiOjE3OTE0NjgzMjEsImV4cCI6MTc5MTU1NDcyMSwiaXNzIjoibW9tZW50LWZvcmV2ZXItYXBwIiwiYXVkIjoibW9tZW50LWZvcmV2ZXItY2xpZW50In0.MSh7MAgomTQN20GrkE0ylIFKJcho7PbSp53bCRBE2-Y", sec-ch-ua-mobile:"?0", x-requested-with:"XMLHttpRequest", x-pm-header:"[object Object]", accept:"application/json", user-agent:"Mozilla/5.0 (Windows NT 10.0; Win64; x64) AppleWebKit/537.36 (KHTML, like Gecko) Chrome/154.0.0.0 Safari/537.36 Edg/154.0.0.0", sec-fetch-site:"same-origin", sec-fetch-mode:"cors", sec-fetch-dest:"empty", referer:"http://localhost:5173/admin/category", accept-encoding:"gzip, deflate, br, zstd", accept-language:"en-GB,en;q=0.9,en-US;q=0.8,en-IN;q=0.7", X-User-Id:"1", X-User-Roles:"SUPER_ADMIN", Forwarded:"proto=http;host="localhost:8086";for="[0:0:0:0:0:0:0:1]:59316"", X-Forwarded-For:"0:0:0:0:0:0:0:1", X-Forwarded-Proto:"http", X-Forwarded-Prefix:"/api", X-Forwarded-Port:"8086", X-Forwarded-Host:"localhost:8086"]
2026-10-08 19:36:22.765 [boundedElastic-5] [39mDEBUG[0;39m [36mo.s.c.g.f.h.o.ObservedRequestHttpHeadersFilter[0;39m - Will instrument the HTTP request headers [host:"localhost:8086", sec-ch-ua-platform:""Windows"", authorization:"Bearer eyJhbGciOiJIUzI1NiJ9.eyJyb2xlcyI6IlNVUEVSX0FETUlOIiwidXNlcklkIjoxLCJlbmFibGVkIjp0cnVlLCJ1c2VybmFtZSI6InN1cGVyYWRtaW5AY2hlcmlzaHguY29tIiwiYWNjb3VudE5vbkxvY2tlZCI6dHJ1ZSwic3ViIjoic3VwZXJhZG1pbkBjaGVyaXNoeC5jb20iLCJpYXQiOjE3OTE0NjgzMjEsImV4cCI6MTc5MTU1NDcyMSwiaXNzIjoibW9tZW50LWZvcmV2ZXItYXBwIiwiYXVkIjoibW9tZW50LWZvcmV2ZXItY2xpZW50In0.MSh7MAgomTQN20GrkE0ylIFKJcho7PbSp53bCRBE2-Y", sec-ch-ua:""Chromium";v="154", "Microsoft Edge";v="154", "Not A(Brand";v="99"", accesstoken:"eyJhbGciOiJIUzI1NiJ9.eyJyb2xlcyI6IlNVUEVSX0FETUlOIiwidXNlcklkIjoxLCJlbmFibGVkIjp0cnVlLCJ1c2VybmFtZSI6InN1cGVyYWRtaW5AY2hlcmlzaHguY29tIiwiYWNjb3VudE5vbkxvY2tlZCI6dHJ1ZSwic3ViIjoic3VwZXJhZG1pbkBjaGVyaXNoeC5jb20iLCJpYXQiOjE3OTE0NjgzMjEsImV4cCI6MTc5MTU1NDcyMSwiaXNzIjoibW9tZW50LWZvcmV2ZXItYXBwIiwiYXVkIjoibW9tZW50LWZvcmV2ZXItY2xpZW50In0.MSh7MAgomTQN20GrkE0ylIFKJcho7PbSp53bCRBE2-Y", sec-ch-ua-mobile:"?0", x-requested-with:"XMLHttpRequest", x-pm-header:"[object Object]", accept:"application/json", user-agent:"Mozilla/5.0 (Windows NT 10.0; Win64; x64) AppleWebKit/537.36 (KHTML, like Gecko) Chrome/154.0.0.0 Safari/537.36 Edg/154.0.0.0", sec-fetch-site:"same-origin", sec-fetch-mode:"cors", sec-fetch-dest:"empty", referer:"http://localhost:5173/admin/category", accept-encoding:"gzip, deflate, br, zstd", accept-language:"en-GB,en;q=0.9,en-US;q=0.8,en-IN;q=0.7", X-User-Id:"1", X-User-Roles:"SUPER_ADMIN", Forwarded:"proto=http;host="localhost:8086";for="[0:0:0:0:0:0:0:1]:59315"", X-Forwarded-For:"0:0:0:0:0:0:0:1", X-Forwarded-Proto:"http", X-Forwarded-Prefix:"/api", X-Forwarded-Port:"8086", X-Forwarded-Host:"localhost:8086"]
2026-10-08 19:36:22.765 [boundedElastic-5] [39mDEBUG[0;39m [36mo.s.c.g.f.h.o.ObservedRequestHttpHeadersFilter[0;39m - Client observation  {name=http.client.requests(null), error=null, context=name='http.client.requests', contextualName='null', error='null', lowCardinalityKeyValues=[http.method='GET', http.status_code='UNKNOWN', spring.cloud.gateway.route.id='platform-admin', spring.cloud.gateway.route.uri='lb://MOMENT-FOREVER-PLATFORM'], highCardinalityKeyValues=[http.uri='http://localhost:8086/platform/admin/locations/2/categories'], map=[class io.micrometer.core.instrument.Timer$Sample='io.micrometer.core.instrument.Timer$Sample@5550544c', class io.micrometer.core.instrument.LongTaskTimer$Sample='SampleImpl{duration(seconds)=8.53E-5, duration(nanos)=85300.0, startTimeNanos=107387972838600}'], parentObservation={name=http.server.requests(null), error=null, context=name='http.server.requests', contextualName='null', error='null', lowCardinalityKeyValues=[exception='none', method='GET', outcome='SUCCESS', status='200', uri='UNKNOWN'], highCardinalityKeyValues=[http.url='/api/platform/admin/locations/2/categories'], map=[class io.micrometer.core.instrument.Timer$Sample='io.micrometer.core.instrument.Timer$Sample@589df25', class io.micrometer.core.instrument.LongTaskTimer$Sample='SampleImpl{duration(seconds)=0.0478371, duration(nanos)=4.78371E7, startTimeNanos=107387925229800}'], parentObservation=null}} created for the request. New headers are [host:"localhost:8086", sec-ch-ua-platform:""Windows"", authorization:"Bearer eyJhbGciOiJIUzI1NiJ9.eyJyb2xlcyI6IlNVUEVSX0FETUlOIiwidXNlcklkIjoxLCJlbmFibGVkIjp0cnVlLCJ1c2VybmFtZSI6InN1cGVyYWRtaW5AY2hlcmlzaHguY29tIiwiYWNjb3VudE5vbkxvY2tlZCI6dHJ1ZSwic3ViIjoic3VwZXJhZG1pbkBjaGVyaXNoeC5jb20iLCJpYXQiOjE3OTE0NjgzMjEsImV4cCI6MTc5MTU1NDcyMSwiaXNzIjoibW9tZW50LWZvcmV2ZXItYXBwIiwiYXVkIjoibW9tZW50LWZvcmV2ZXItY2xpZW50In0.MSh7MAgomTQN20GrkE0ylIFKJcho7PbSp53bCRBE2-Y", sec-ch-ua:""Chromium";v="154", "Microsoft Edge";v="154", "Not A(Brand";v="99"", accesstoken:"eyJhbGciOiJIUzI1NiJ9.eyJyb2xlcyI6IlNVUEVSX0FETUlOIiwidXNlcklkIjoxLCJlbmFibGVkIjp0cnVlLCJ1c2VybmFtZSI6InN1cGVyYWRtaW5AY2hlcmlzaHguY29tIiwiYWNjb3VudE5vbkxvY2tlZCI6dHJ1ZSwic3ViIjoic3VwZXJhZG1pbkBjaGVyaXNoeC5jb20iLCJpYXQiOjE3OTE0NjgzMjEsImV4cCI6MTc5MTU1NDcyMSwiaXNzIjoibW9tZW50LWZvcmV2ZXItYXBwIiwiYXVkIjoibW9tZW50LWZvcmV2ZXItY2xpZW50In0.MSh7MAgomTQN20GrkE0ylIFKJcho7PbSp53bCRBE2-Y", sec-ch-ua-mobile:"?0", x-requested-with:"XMLHttpRequest", x-pm-header:"[object Object]", accept:"application/json", user-agent:"Mozilla/5.0 (Windows NT 10.0; Win64; x64) AppleWebKit/537.36 (KHTML, like Gecko) Chrome/154.0.0.0 Safari/537.36 Edg/154.0.0.0", sec-fetch-site:"same-origin", sec-fetch-mode:"cors", sec-fetch-dest:"empty", referer:"http://localhost:5173/admin/category", accept-encoding:"gzip, deflate, br, zstd", accept-language:"en-GB,en;q=0.9,en-US;q=0.8,en-IN;q=0.7", X-User-Id:"1", X-User-Roles:"SUPER_ADMIN", Forwarded:"proto=http;host="localhost:8086";for="[0:0:0:0:0:0:0:1]:59315"", X-Forwarded-For:"0:0:0:0:0:0:0:1", X-Forwarded-Proto:"http", X-Forwarded-Prefix:"/api", X-Forwarded-Port:"8086", X-Forwarded-Host:"localhost:8086"]
2026-10-08 19:36:22.817 [reactor-http-nio-10] [39mDEBUG[0;39m [36mo.s.c.g.f.h.o.ObservedResponseHttpHeadersFilter[0;39m - Will instrument the response
2026-10-08 19:36:22.817 [reactor-http-nio-4] [39mDEBUG[0;39m [36mo.s.c.g.f.h.o.ObservedResponseHttpHeadersFilter[0;39m - Will instrument the response
2026-10-08 19:36:22.817 [reactor-http-nio-10] [39mDEBUG[0;39m [36mo.s.c.g.f.h.o.ObservedResponseHttpHeadersFilter[0;39m - The response was handled for observation {name=http.client.requests(null), error=null, context=name='http.client.requests', contextualName='null', error='null', lowCardinalityKeyValues=[http.method='GET', http.status_code='UNKNOWN', spring.cloud.gateway.route.id='platform-admin', spring.cloud.gateway.route.uri='lb://MOMENT-FOREVER-PLATFORM'], highCardinalityKeyValues=[http.uri='http://localhost:8086/platform/admin/locations/3/categories'], map=[class io.micrometer.core.instrument.Timer$Sample='io.micrometer.core.instrument.Timer$Sample@550510', class io.micrometer.core.instrument.LongTaskTimer$Sample='SampleImpl{duration(seconds)=0.0682175, duration(nanos)=6.82175E7, startTimeNanos=107387957240700}'], parentObservation={name=http.server.requests(null), error=null, context=name='http.server.requests', contextualName='null', error='null', lowCardinalityKeyValues=[exception='none', method='GET', outcome='SUCCESS', status='200', uri='UNKNOWN'], highCardinalityKeyValues=[http.url='/api/platform/admin/locations/3/categories'], map=[class io.micrometer.core.instrument.Timer$Sample='io.micrometer.core.instrument.Timer$Sample@63db681c', class io.micrometer.core.instrument.LongTaskTimer$Sample='SampleImpl{duration(seconds)=0.0984215, duration(nanos)=9.84215E7, startTimeNanos=107387927191300}'], parentObservation=null}}
2026-10-08 19:36:22.817 [reactor-http-nio-4] [39mDEBUG[0;39m [36mo.s.c.g.f.h.o.ObservedResponseHttpHeadersFilter[0;39m - The response was handled for observation {name=http.client.requests(null), error=null, context=name='http.client.requests', contextualName='null', error='null', lowCardinalityKeyValues=[http.method='GET', http.status_code='UNKNOWN', spring.cloud.gateway.route.id='platform-admin', spring.cloud.gateway.route.uri='lb://MOMENT-FOREVER-PLATFORM'], highCardinalityKeyValues=[http.uri='http://localhost:8086/platform/admin/locations/1/categories'], map=[class io.micrometer.core.instrument.Timer$Sample='io.micrometer.core.instrument.Timer$Sample@38090e65', class io.micrometer.core.instrument.LongTaskTimer$Sample='SampleImpl{duration(seconds)=0.0775058, duration(nanos)=7.75058E7, startTimeNanos=107387948045700}'], parentObservation={name=http.server.requests(null), error=null, context=name='http.server.requests', contextualName='null', error='null', lowCardinalityKeyValues=[exception='none', method='GET', outcome='SUCCESS', status='200', uri='UNKNOWN'], highCardinalityKeyValues=[http.url='/api/platform/admin/locations/1/categories'], map=[class io.micrometer.core.instrument.Timer$Sample='io.micrometer.core.instrument.Timer$Sample@25ed571e', class io.micrometer.core.instrument.LongTaskTimer$Sample='SampleImpl{duration(seconds)=0.1004422, duration(nanos)=1.004422E8, startTimeNanos=107387925229800}'], parentObservation=null}}
2026-10-08 19:36:22.818 [reactor-http-nio-10] [34mINFO [0;39m [36mc.f.M.f.GatewayRequestLoggingFilter[0;39m - GATEWAY_REQUEST method=GET path=/platform/admin/locations/3/categories routeId=platform-admin target=lb://MOMENT-FOREVER-PLATFORM status=200 durationMs=73 signal=onComplete
2026-10-08 19:36:22.818 [reactor-http-nio-4] [34mINFO [0;39m [36mc.f.M.f.GatewayRequestLoggingFilter[0;39m - GATEWAY_REQUEST method=GET path=/platform/admin/locations/1/categories routeId=platform-admin target=lb://MOMENT-FOREVER-PLATFORM status=200 durationMs=80 signal=onComplete
2026-10-08 19:36:22.819 [reactor-http-nio-11] [39mDEBUG[0;39m [36mo.s.c.g.f.h.o.ObservedResponseHttpHeadersFilter[0;39m - Will instrument the response
2026-10-08 19:36:22.820 [reactor-http-nio-11] [39mDEBUG[0;39m [36mo.s.c.g.f.h.o.ObservedResponseHttpHeadersFilter[0;39m - The response was handled for observation {name=http.client.requests(null), error=null, context=name='http.client.requests', contextualName='null', error='null', lowCardinalityKeyValues=[http.method='GET', http.status_code='UNKNOWN', spring.cloud.gateway.route.id='platform-admin', spring.cloud.gateway.route.uri='lb://MOMENT-FOREVER-PLATFORM'], highCardinalityKeyValues=[http.uri='http://localhost:8086/platform/admin/locations'], map=[class io.micrometer.core.instrument.Timer$Sample='io.micrometer.core.instrument.Timer$Sample@4c178fc7', class io.micrometer.core.instrument.LongTaskTimer$Sample='SampleImpl{duration(seconds)=0.0778664, duration(nanos)=7.78664E7, startTimeNanos=107387950347500}'], parentObservation={name=http.server.requests(null), error=null, context=name='http.server.requests', contextualName='null', error='null', lowCardinalityKeyValues=[exception='none', method='GET', outcome='SUCCESS', status='200', uri='UNKNOWN'], highCardinalityKeyValues=[http.url='/api/platform/admin/locations'], map=[class io.micrometer.core.instrument.Timer$Sample='io.micrometer.core.instrument.Timer$Sample@46669db0', class io.micrometer.core.instrument.LongTaskTimer$Sample='SampleImpl{duration(seconds)=0.1031026, duration(nanos)=1.031026E8, startTimeNanos=107387925229800}'], parentObservation=null}}
2026-10-08 19:36:22.820 [reactor-http-nio-11] [34mINFO [0;39m [36mc.f.M.f.GatewayRequestLoggingFilter[0;39m - GATEWAY_REQUEST method=GET path=/platform/admin/locations routeId=platform-admin target=lb://MOMENT-FOREVER-PLATFORM status=200 durationMs=80 signal=onComplete
2026-10-08 19:36:22.822 [reactor-http-nio-2] [39mDEBUG[0;39m [36mo.s.c.g.f.h.o.ObservedResponseHttpHeadersFilter[0;39m - Will instrument the response
2026-10-08 19:36:22.823 [reactor-http-nio-2] [39mDEBUG[0;39m [36mo.s.c.g.f.h.o.ObservedResponseHttpHeadersFilter[0;39m - The response was handled for observation {name=http.client.requests(null), error=null, context=name='http.client.requests', contextualName='null', error='null', lowCardinalityKeyValues=[http.method='GET', http.status_code='UNKNOWN', spring.cloud.gateway.route.id='platform-admin', spring.cloud.gateway.route.uri='lb://MOMENT-FOREVER-PLATFORM'], highCardinalityKeyValues=[http.uri='http://localhost:8086/platform/admin/locations/4/categories'], map=[class io.micrometer.core.instrument.Timer$Sample='io.micrometer.core.instrument.Timer$Sample@2c60e797', class io.micrometer.core.instrument.LongTaskTimer$Sample='SampleImpl{duration(seconds)=0.0769599, duration(nanos)=7.69599E7, startTimeNanos=107387954194200}'], parentObservation={name=http.server.requests(null), error=null, context=name='http.server.requests', contextualName='null', error='null', lowCardinalityKeyValues=[exception='none', method='GET', outcome='SUCCESS', status='200', uri='UNKNOWN'], highCardinalityKeyValues=[http.url='/api/platform/admin/locations/4/categories'], map=[class io.micrometer.core.instrument.Timer$Sample='io.micrometer.core.instrument.Timer$Sample@431bf162', class io.micrometer.core.instrument.LongTaskTimer$Sample='SampleImpl{duration(seconds)=0.1039221, duration(nanos)=1.039221E8, startTimeNanos=107387927316800}'], parentObservation=null}}
2026-10-08 19:36:22.823 [reactor-http-nio-2] [34mINFO [0;39m [36mc.f.M.f.GatewayRequestLoggingFilter[0;39m - GATEWAY_REQUEST method=GET path=/platform/admin/locations/4/categories routeId=platform-admin target=lb://MOMENT-FOREVER-PLATFORM status=200 durationMs=78 signal=onComplete
2026-10-08 19:36:22.833 [reactor-http-nio-9] [39mDEBUG[0;39m [36mo.s.c.g.f.h.o.ObservedResponseHttpHeadersFilter[0;39m - Will instrument the response
2026-10-08 19:36:22.834 [reactor-http-nio-9] [39mDEBUG[0;39m [36mo.s.c.g.f.h.o.ObservedResponseHttpHeadersFilter[0;39m - The response was handled for observation {name=http.client.requests(null), error=null, context=name='http.client.requests', contextualName='null', error='null', lowCardinalityKeyValues=[http.method='GET', http.status_code='UNKNOWN', spring.cloud.gateway.route.id='platform-admin', spring.cloud.gateway.route.uri='lb://MOMENT-FOREVER-PLATFORM'], highCardinalityKeyValues=[http.uri='http://localhost:8086/platform/admin/locations/2/categories'], map=[class io.micrometer.core.instrument.Timer$Sample='io.micrometer.core.instrument.Timer$Sample@5550544c', class io.micrometer.core.instrument.LongTaskTimer$Sample='SampleImpl{duration(seconds)=0.0694507, duration(nanos)=6.94507E7, startTimeNanos=107387972838600}'], parentObservation={name=http.server.requests(null), error=null, context=name='http.server.requests', contextualName='null', error='null', lowCardinalityKeyValues=[exception='none', method='GET', outcome='SUCCESS', status='200', uri='UNKNOWN'], highCardinalityKeyValues=[http.url='/api/platform/admin/locations/2/categories'], map=[class io.micrometer.core.instrument.Timer$Sample='io.micrometer.core.instrument.Timer$Sample@589df25', class io.micrometer.core.instrument.LongTaskTimer$Sample='SampleImpl{duration(seconds)=0.1171349, duration(nanos)=1.171349E8, startTimeNanos=107387925229800}'], parentObservation=null}}
2026-10-08 19:36:22.834 [reactor-http-nio-9] [34mINFO [0;39m [36mc.f.M.f.GatewayRequestLoggingFilter[0;39m - GATEWAY_REQUEST method=GET path=/platform/admin/locations/2/categories routeId=platform-admin target=lb://MOMENT-FOREVER-PLATFORM status=200 durationMs=70 signal=onComplete
2026-10-08 19:41:07.633 [reactor-http-nio-7] [39mDEBUG[0;39m [36mo.s.c.g.h.RoutePredicateHandlerMapping[0;39m - Route matched: platform-public
2026-10-08 19:41:07.633 [reactor-http-nio-7] [39mDEBUG[0;39m [36mo.s.c.g.h.RoutePredicateHandlerMapping[0;39m - Mapping [Exchange: GET http://localhost:8086/api/platform/public/locations/1/categories] to Route{id='platform-public', uri=lb://MOMENT-FOREVER-PLATFORM, order=0, predicate=Paths: [/api/platform/public/**], match trailing slash: true, gatewayFilters=[[[StripPrefix parts = 1], order = 1]], metadata={is-public=true}}
2026-10-08 19:41:07.633 [reactor-http-nio-7] [39mDEBUG[0;39m [36mo.s.c.g.h.RoutePredicateHandlerMapping[0;39m - [4f04a7c8-196] Mapped to org.springframework.cloud.gateway.handler.FilteringWebHandler@3f7c6365
2026-10-08 19:41:07.633 [reactor-http-nio-7] [39mDEBUG[0;39m [36mo.s.c.g.handler.FilteringWebHandler[0;39m - Sorted gatewayFilterFactories: [[GatewayFilterAdapter{delegate=org.springframework.cloud.gateway.filter.RemoveCachedBodyFilter@7227926b}, order = -2147483648], [GatewayFilterAdapter{delegate=org.springframework.cloud.gateway.filter.AdaptCachedBodyGlobalFilter@79617c3d}, order = -2147482648], [GatewayFilterAdapter{delegate=com.forvmom.MomentForeverAPIGateway.filter.JwtAuthenticationFilter@35a9e665}, order = -1], [GatewayFilterAdapter{delegate=org.springframework.cloud.gateway.filter.NettyWriteResponseFilter@1b632442}, order = -1], [GatewayFilterAdapter{delegate=org.springframework.cloud.gateway.filter.ForwardPathFilter@57a982f9}, order = 0], [GatewayFilterAdapter{delegate=org.springframework.cloud.gateway.filter.GatewayMetricsFilter@1b69fc07}, order = 0], [[StripPrefix parts = 1], order = 1], [GatewayFilterAdapter{delegate=org.springframework.cloud.gateway.filter.RouteToRequestUrlFilter@2f75a9b1}, order = 10000], [GatewayFilterAdapter{delegate=org.springframework.cloud.gateway.filter.ReactiveLoadBalancerClientFilter@362be0cd}, order = 10150], [GatewayFilterAdapter{delegate=org.springframework.cloud.gateway.filter.LoadBalancerServiceInstanceCookieFilter@2dde0a34}, order = 10151], [GatewayFilterAdapter{delegate=org.springframework.cloud.gateway.filter.WebsocketRoutingFilter@19d3f6ad}, order = 2147483646], [GatewayFilterAdapter{delegate=com.forvmom.MomentForeverAPIGateway.filter.GatewayRequestLoggingFilter@6a04d2a4}, order = 2147483647], [GatewayFilterAdapter{delegate=org.springframework.cloud.gateway.filter.NettyRoutingFilter@61836cd9}, order = 2147483647], [GatewayFilterAdapter{delegate=org.springframework.cloud.gateway.filter.ForwardRoutingFilter@556aed22}, order = 2147483647]]
2026-10-08 19:41:07.639 [boundedElastic-2] [39mDEBUG[0;39m [36mo.s.c.g.f.h.o.ObservedRequestHttpHeadersFilter[0;39m - Will instrument the HTTP request headers [Host:"localhost:8086", sec-ch-ua-platform:""Windows"", User-Agent:"Mozilla/5.0 (Windows NT 10.0; Win64; x64) AppleWebKit/537.36 (KHTML, like Gecko) Chrome/154.0.0.0 Safari/537.36 Edg/154.0.0.0", accept:"*/*", sec-ch-ua:""Chromium";v="154", "Microsoft Edge";v="154", "Not A(Brand";v="99"", sec-ch-ua-mobile:"?0", Sec-Fetch-Site:"same-origin", Sec-Fetch-Mode:"cors", Sec-Fetch-Dest:"empty", Referer:"http://localhost:8086/webjars/swagger-ui/index.html?urls.primaryName=Platform%20Service", Accept-Encoding:"gzip, deflate, br, zstd", Accept-Language:"en-GB,en;q=0.9,en-US;q=0.8,en-IN;q=0.7", Forwarded:"proto=http;host="localhost:8086";for="[0:0:0:0:0:0:0:1]:51979"", X-Forwarded-For:"0:0:0:0:0:0:0:1", X-Forwarded-Proto:"http", X-Forwarded-Prefix:"/api", X-Forwarded-Port:"8086", X-Forwarded-Host:"localhost:8086"]
2026-10-08 19:41:07.640 [boundedElastic-2] [39mDEBUG[0;39m [36mo.s.c.g.f.h.o.ObservedRequestHttpHeadersFilter[0;39m - Client observation  {name=http.client.requests(null), error=null, context=name='http.client.requests', contextualName='null', error='null', lowCardinalityKeyValues=[http.method='GET', http.status_code='UNKNOWN', spring.cloud.gateway.route.id='platform-public', spring.cloud.gateway.route.uri='lb://MOMENT-FOREVER-PLATFORM'], highCardinalityKeyValues=[http.uri='http://localhost:8086/platform/public/locations/1/categories'], map=[class io.micrometer.core.instrument.Timer$Sample='io.micrometer.core.instrument.Timer$Sample@63357944', class io.micrometer.core.instrument.LongTaskTimer$Sample='SampleImpl{duration(seconds)=1.173E-4, duration(nanos)=117300.0, startTimeNanos=107672848034500}'], parentObservation={name=http.server.requests(null), error=null, context=name='http.server.requests', contextualName='null', error='null', lowCardinalityKeyValues=[exception='none', method='GET', outcome='SUCCESS', status='200', uri='UNKNOWN'], highCardinalityKeyValues=[http.url='/api/platform/public/locations/1/categories'], map=[class io.micrometer.core.instrument.Timer$Sample='io.micrometer.core.instrument.Timer$Sample@73f50933', class io.micrometer.core.instrument.LongTaskTimer$Sample='SampleImpl{duration(seconds)=0.0074503, duration(nanos)=7450300.0, startTimeNanos=107672840821900}'], parentObservation=null}} created for the request. New headers are [Host:"localhost:8086", sec-ch-ua-platform:""Windows"", User-Agent:"Mozilla/5.0 (Windows NT 10.0; Win64; x64) AppleWebKit/537.36 (KHTML, like Gecko) Chrome/154.0.0.0 Safari/537.36 Edg/154.0.0.0", accept:"*/*", sec-ch-ua:""Chromium";v="154", "Microsoft Edge";v="154", "Not A(Brand";v="99"", sec-ch-ua-mobile:"?0", Sec-Fetch-Site:"same-origin", Sec-Fetch-Mode:"cors", Sec-Fetch-Dest:"empty", Referer:"http://localhost:8086/webjars/swagger-ui/index.html?urls.primaryName=Platform%20Service", Accept-Encoding:"gzip, deflate, br, zstd", Accept-Language:"en-GB,en;q=0.9,en-US;q=0.8,en-IN;q=0.7", Forwarded:"proto=http;host="localhost:8086";for="[0:0:0:0:0:0:0:1]:51979"", X-Forwarded-For:"0:0:0:0:0:0:0:1", X-Forwarded-Proto:"http", X-Forwarded-Prefix:"/api", X-Forwarded-Port:"8086", X-Forwarded-Host:"localhost:8086"]
2026-10-08 19:41:09.677 [reactor-http-nio-8] [39mDEBUG[0;39m [36mo.s.c.g.f.h.o.ObservedResponseHttpHeadersFilter[0;39m - Will instrument the response
2026-10-08 19:41:09.677 [reactor-http-nio-8] [39mDEBUG[0;39m [36mo.s.c.g.f.h.o.ObservedResponseHttpHeadersFilter[0;39m - The response was handled for observation {name=http.client.requests(null), error=null, context=name='http.client.requests', contextualName='null', error='null', lowCardinalityKeyValues=[http.method='GET', http.status_code='UNKNOWN', spring.cloud.gateway.route.id='platform-public', spring.cloud.gateway.route.uri='lb://MOMENT-FOREVER-PLATFORM'], highCardinalityKeyValues=[http.uri='http://localhost:8086/platform/public/locations/1/categories'], map=[class io.micrometer.core.instrument.Timer$Sample='io.micrometer.core.instrument.Timer$Sample@63357944', class io.micrometer.core.instrument.LongTaskTimer$Sample='SampleImpl{duration(seconds)=2.0379658, duration(nanos)=2.0379658E9, startTimeNanos=107672848034500}'], parentObservation={name=http.server.requests(null), error=null, context=name='http.server.requests', contextualName='null', error='null', lowCardinalityKeyValues=[exception='none', method='GET', outcome='SUCCESS', status='200', uri='UNKNOWN'], highCardinalityKeyValues=[http.url='/api/platform/public/locations/1/categories'], map=[class io.micrometer.core.instrument.Timer$Sample='io.micrometer.core.instrument.Timer$Sample@73f50933', class io.micrometer.core.instrument.LongTaskTimer$Sample='SampleImpl{duration(seconds)=2.0453351, duration(nanos)=2.0453351E9, startTimeNanos=107672840821900}'], parentObservation=null}}
2026-10-08 19:41:09.679 [reactor-http-nio-8] [34mINFO [0;39m [36mc.f.M.f.GatewayRequestLoggingFilter[0;39m - GATEWAY_REQUEST method=GET path=/platform/public/locations/1/categories routeId=platform-public target=lb://MOMENT-FOREVER-PLATFORM status=500 durationMs=2040 signal=onComplete
2026-10-08 19:45:18.767 [catalogWatchTaskScheduler-1] [39mDEBUG[0;39m [36mo.s.c.g.r.RouteDefinitionRouteLocator[0;39m - RouteDefinition platform-public applying {_genkey_0=/api/platform/public/**} to Path
2026-10-08 19:45:18.783 [catalogWatchTaskScheduler-1] [39mDEBUG[0;39m [36mo.s.c.g.r.RouteDefinitionRouteLocator[0;39m - RouteDefinition platform-public applying filter {_genkey_0=1} to StripPrefix
2026-10-08 19:45:18.789 [catalogWatchTaskScheduler-1] [39mDEBUG[0;39m [36mo.s.c.g.r.RouteDefinitionRouteLocator[0;39m - RouteDefinition matched: platform-public
2026-10-08 19:45:18.789 [catalogWatchTaskScheduler-1] [39mDEBUG[0;39m [36mo.s.c.g.r.RouteDefinitionRouteLocator[0;39m - RouteDefinition platform-auth applying {_genkey_0=/api/platform/auth/**} to Path
2026-10-08 19:45:18.791 [catalogWatchTaskScheduler-1] [39mDEBUG[0;39m [36mo.s.c.g.r.RouteDefinitionRouteLocator[0;39m - RouteDefinition platform-auth applying filter {_genkey_0=1} to StripPrefix
2026-10-08 19:45:18.793 [catalogWatchTaskScheduler-1] [39mDEBUG[0;39m [36mo.s.c.g.r.RouteDefinitionRouteLocator[0;39m - RouteDefinition matched: platform-auth
2026-10-08 19:45:18.793 [catalogWatchTaskScheduler-1] [39mDEBUG[0;39m [36mo.s.c.g.r.RouteDefinitionRouteLocator[0;39m - RouteDefinition platform-uploads applying {_genkey_0=/api/uploads/**} to Path
2026-10-08 19:45:18.795 [catalogWatchTaskScheduler-1] [39mDEBUG[0;39m [36mo.s.c.g.r.RouteDefinitionRouteLocator[0;39m - RouteDefinition platform-uploads applying filter {_genkey_0=1} to StripPrefix
2026-10-08 19:45:18.797 [catalogWatchTaskScheduler-1] [39mDEBUG[0;39m [36mo.s.c.g.r.RouteDefinitionRouteLocator[0;39m - RouteDefinition matched: platform-uploads
2026-10-08 19:45:18.797 [catalogWatchTaskScheduler-1] [39mDEBUG[0;39m [36mo.s.c.g.r.RouteDefinitionRouteLocator[0;39m - RouteDefinition platform-api-docs applying {_genkey_0=/api/platform/v3/api-docs/**} to Path
2026-10-08 19:45:18.799 [catalogWatchTaskScheduler-1] [39mDEBUG[0;39m [36mo.s.c.g.r.RouteDefinitionRouteLocator[0;39m - RouteDefinition platform-api-docs applying filter {_genkey_0=1} to StripPrefix
2026-10-08 19:45:18.804 [catalogWatchTaskScheduler-1] [39mDEBUG[0;39m [36mo.s.c.g.r.RouteDefinitionRouteLocator[0;39m - RouteDefinition matched: platform-api-docs
2026-10-08 19:45:18.805 [catalogWatchTaskScheduler-1] [39mDEBUG[0;39m [36mo.s.c.g.r.RouteDefinitionRouteLocator[0;39m - RouteDefinition booking-api-docs applying {_genkey_0=/api/booking/v3/api-docs/**} to Path
2026-10-08 19:45:18.807 [catalogWatchTaskScheduler-1] [39mDEBUG[0;39m [36mo.s.c.g.r.RouteDefinitionRouteLocator[0;39m - RouteDefinition booking-api-docs applying filter {_genkey_0=1} to StripPrefix
2026-10-08 19:45:18.808 [catalogWatchTaskScheduler-1] [39mDEBUG[0;39m [36mo.s.c.g.r.RouteDefinitionRouteLocator[0;39m - RouteDefinition matched: booking-api-docs
2026-10-08 19:45:18.808 [catalogWatchTaskScheduler-1] [39mDEBUG[0;39m [36mo.s.c.g.r.RouteDefinitionRouteLocator[0;39m - RouteDefinition payment-api-docs applying {_genkey_0=/api/payment/v3/api-docs/**} to Path
2026-10-08 19:45:18.809 [catalogWatchTaskScheduler-1] [39mDEBUG[0;39m [36mo.s.c.g.r.RouteDefinitionRouteLocator[0;39m - RouteDefinition payment-api-docs applying filter {_genkey_0=1} to StripPrefix
2026-10-08 19:45:18.810 [catalogWatchTaskScheduler-1] [39mDEBUG[0;39m [36mo.s.c.g.r.RouteDefinitionRouteLocator[0;39m - RouteDefinition matched: payment-api-docs
2026-10-08 19:45:18.811 [catalogWatchTaskScheduler-1] [39mDEBUG[0;39m [36mo.s.c.g.r.RouteDefinitionRouteLocator[0;39m - RouteDefinition platform-actuator-health applying {_genkey_0=/api/platform/actuator/health} to Path
2026-10-08 19:45:18.813 [catalogWatchTaskScheduler-1] [39mDEBUG[0;39m [36mo.s.c.g.r.RouteDefinitionRouteLocator[0;39m - RouteDefinition platform-actuator-health applying filter {_genkey_0=1} to StripPrefix
2026-10-08 19:45:18.815 [catalogWatchTaskScheduler-1] [39mDEBUG[0;39m [36mo.s.c.g.r.RouteDefinitionRouteLocator[0;39m - RouteDefinition matched: platform-actuator-health
2026-10-08 19:45:18.815 [catalogWatchTaskScheduler-1] [39mDEBUG[0;39m [36mo.s.c.g.r.RouteDefinitionRouteLocator[0;39m - RouteDefinition booking-actuator-health applying {_genkey_0=/api/booking/actuator/health} to Path
2026-10-08 19:45:18.818 [catalogWatchTaskScheduler-1] [39mDEBUG[0;39m [36mo.s.c.g.r.RouteDefinitionRouteLocator[0;39m - RouteDefinition booking-actuator-health applying filter {_genkey_0=1} to StripPrefix
2026-10-08 19:45:18.819 [catalogWatchTaskScheduler-1] [39mDEBUG[0;39m [36mo.s.c.g.r.RouteDefinitionRouteLocator[0;39m - RouteDefinition matched: booking-actuator-health
2026-10-08 19:45:18.819 [catalogWatchTaskScheduler-1] [39mDEBUG[0;39m [36mo.s.c.g.r.RouteDefinitionRouteLocator[0;39m - RouteDefinition payment-actuator-health applying {_genkey_0=/api/payment/actuator/health} to Path
2026-10-08 19:45:18.820 [catalogWatchTaskScheduler-1] [39mDEBUG[0;39m [36mo.s.c.g.r.RouteDefinitionRouteLocator[0;39m - RouteDefinition payment-actuator-health applying filter {_genkey_0=1} to StripPrefix
2026-10-08 19:45:18.821 [catalogWatchTaskScheduler-1] [39mDEBUG[0;39m [36mo.s.c.g.r.RouteDefinitionRouteLocator[0;39m - RouteDefinition matched: payment-actuator-health
2026-10-08 19:45:18.822 [catalogWatchTaskScheduler-1] [39mDEBUG[0;39m [36mo.s.c.g.r.RouteDefinitionRouteLocator[0;39m - RouteDefinition platform-admin applying {_genkey_0=/api/platform/admin/**} to Path
2026-10-08 19:45:18.825 [catalogWatchTaskScheduler-1] [39mDEBUG[0;39m [36mo.s.c.g.r.RouteDefinitionRouteLocator[0;39m - RouteDefinition platform-admin applying filter {_genkey_0=1} to StripPrefix
2026-10-08 19:45:18.826 [catalogWatchTaskScheduler-1] [39mDEBUG[0;39m [36mo.s.c.g.r.RouteDefinitionRouteLocator[0;39m - RouteDefinition matched: platform-admin
2026-10-08 19:45:18.827 [catalogWatchTaskScheduler-1] [39mDEBUG[0;39m [36mo.s.c.g.r.RouteDefinitionRouteLocator[0;39m - RouteDefinition platform-user applying {_genkey_0=/api/platform/user/**} to Path
2026-10-08 19:45:18.831 [catalogWatchTaskScheduler-1] [39mDEBUG[0;39m [36mo.s.c.g.r.RouteDefinitionRouteLocator[0;39m - RouteDefinition platform-user applying filter {_genkey_0=1} to StripPrefix
2026-10-08 19:45:18.834 [catalogWatchTaskScheduler-1] [39mDEBUG[0;39m [36mo.s.c.g.r.RouteDefinitionRouteLocator[0;39m - RouteDefinition matched: platform-user
2026-10-08 19:45:18.835 [catalogWatchTaskScheduler-1] [39mDEBUG[0;39m [36mo.s.c.g.r.RouteDefinitionRouteLocator[0;39m - RouteDefinition platform-other applying {_genkey_0=/api/platform/**} to Path
2026-10-08 19:45:18.836 [catalogWatchTaskScheduler-1] [39mDEBUG[0;39m [36mo.s.c.g.r.RouteDefinitionRouteLocator[0;39m - RouteDefinition platform-other applying filter {_genkey_0=1} to StripPrefix
2026-10-08 19:45:18.838 [catalogWatchTaskScheduler-1] [39mDEBUG[0;39m [36mo.s.c.g.r.RouteDefinitionRouteLocator[0;39m - RouteDefinition matched: platform-other
2026-10-08 19:45:18.838 [catalogWatchTaskScheduler-1] [39mDEBUG[0;39m [36mo.s.c.g.r.RouteDefinitionRouteLocator[0;39m - RouteDefinition booking-service applying {_genkey_0=/api/booking/**} to Path
2026-10-08 19:45:18.840 [catalogWatchTaskScheduler-1] [39mDEBUG[0;39m [36mo.s.c.g.r.RouteDefinitionRouteLocator[0;39m - RouteDefinition booking-service applying filter {_genkey_0=1} to StripPrefix
2026-10-08 19:45:18.841 [catalogWatchTaskScheduler-1] [39mDEBUG[0;39m [36mo.s.c.g.r.RouteDefinitionRouteLocator[0;39m - RouteDefinition matched: booking-service
2026-10-08 19:45:18.841 [catalogWatchTaskScheduler-1] [39mDEBUG[0;39m [36mo.s.c.g.r.RouteDefinitionRouteLocator[0;39m - RouteDefinition payment-service applying {_genkey_0=/api/payment/**} to Path
2026-10-08 19:45:18.843 [catalogWatchTaskScheduler-1] [39mDEBUG[0;39m [36mo.s.c.g.r.RouteDefinitionRouteLocator[0;39m - RouteDefinition payment-service applying filter {_genkey_0=1} to StripPrefix
2026-10-08 19:45:18.844 [catalogWatchTaskScheduler-1] [39mDEBUG[0;39m [36mo.s.c.g.r.RouteDefinitionRouteLocator[0;39m - RouteDefinition matched: payment-service
2026-10-08 19:45:18.844 [catalogWatchTaskScheduler-1] [39mDEBUG[0;39m [36mo.s.c.g.r.RouteDefinitionRouteLocator[0;39m - RouteDefinition platform-actuator applying {_genkey_0=/api/platform/actuator/**} to Path
2026-10-08 19:45:18.845 [catalogWatchTaskScheduler-1] [39mDEBUG[0;39m [36mo.s.c.g.r.RouteDefinitionRouteLocator[0;39m - RouteDefinition platform-actuator applying filter {_genkey_0=1} to StripPrefix
2026-10-08 19:45:18.846 [catalogWatchTaskScheduler-1] [39mDEBUG[0;39m [36mo.s.c.g.r.RouteDefinitionRouteLocator[0;39m - RouteDefinition matched: platform-actuator
2026-10-08 19:45:18.846 [catalogWatchTaskScheduler-1] [39mDEBUG[0;39m [36mo.s.c.g.r.RouteDefinitionRouteLocator[0;39m - RouteDefinition booking-actuator applying {_genkey_0=/api/booking/actuator/**} to Path
2026-10-08 19:45:18.850 [catalogWatchTaskScheduler-1] [39mDEBUG[0;39m [36mo.s.c.g.r.RouteDefinitionRouteLocator[0;39m - RouteDefinition booking-actuator applying filter {_genkey_0=1} to StripPrefix
2026-10-08 19:45:18.852 [catalogWatchTaskScheduler-1] [39mDEBUG[0;39m [36mo.s.c.g.r.RouteDefinitionRouteLocator[0;39m - RouteDefinition matched: booking-actuator
2026-10-08 19:45:18.853 [catalogWatchTaskScheduler-1] [39mDEBUG[0;39m [36mo.s.c.g.r.RouteDefinitionRouteLocator[0;39m - RouteDefinition payment-actuator applying {_genkey_0=/api/payment/actuator/**} to Path
2026-10-08 19:45:18.855 [catalogWatchTaskScheduler-1] [39mDEBUG[0;39m [36mo.s.c.g.r.RouteDefinitionRouteLocator[0;39m - RouteDefinition payment-actuator applying filter {_genkey_0=1} to StripPrefix
2026-10-08 19:45:18.856 [catalogWatchTaskScheduler-1] [39mDEBUG[0;39m [36mo.s.c.g.r.RouteDefinitionRouteLocator[0;39m - RouteDefinition matched: payment-actuator
2026-10-08 19:45:18.858 [catalogWatchTaskScheduler-1] [39mDEBUG[0;39m [36mo.s.c.g.filter.GatewayMetricsFilter[0;39m - New routes count: 17
2026-10-08 19:48:04.155 [catalogWatchTaskScheduler-1] [39mDEBUG[0;39m [36mo.s.c.g.r.RouteDefinitionRouteLocator[0;39m - RouteDefinition platform-public applying {_genkey_0=/api/platform/public/**} to Path
2026-10-08 19:48:04.156 [catalogWatchTaskScheduler-1] [39mDEBUG[0;39m [36mo.s.c.g.r.RouteDefinitionRouteLocator[0;39m - RouteDefinition platform-public applying filter {_genkey_0=1} to StripPrefix
2026-10-08 19:48:04.157 [catalogWatchTaskScheduler-1] [39mDEBUG[0;39m [36mo.s.c.g.r.RouteDefinitionRouteLocator[0;39m - RouteDefinition matched: platform-public
2026-10-08 19:48:04.158 [catalogWatchTaskScheduler-1] [39mDEBUG[0;39m [36mo.s.c.g.r.RouteDefinitionRouteLocator[0;39m - RouteDefinition platform-auth applying {_genkey_0=/api/platform/auth/**} to Path
2026-10-08 19:48:04.160 [catalogWatchTaskScheduler-1] [39mDEBUG[0;39m [36mo.s.c.g.r.RouteDefinitionRouteLocator[0;39m - RouteDefinition platform-auth applying filter {_genkey_0=1} to StripPrefix
2026-10-08 19:48:04.161 [catalogWatchTaskScheduler-1] [39mDEBUG[0;39m [36mo.s.c.g.r.RouteDefinitionRouteLocator[0;39m - RouteDefinition matched: platform-auth
2026-10-08 19:48:04.162 [catalogWatchTaskScheduler-1] [39mDEBUG[0;39m [36mo.s.c.g.r.RouteDefinitionRouteLocator[0;39m - RouteDefinition platform-uploads applying {_genkey_0=/api/uploads/**} to Path
2026-10-08 19:48:04.163 [catalogWatchTaskScheduler-1] [39mDEBUG[0;39m [36mo.s.c.g.r.RouteDefinitionRouteLocator[0;39m - RouteDefinition platform-uploads applying filter {_genkey_0=1} to StripPrefix
2026-10-08 19:48:04.164 [catalogWatchTaskScheduler-1] [39mDEBUG[0;39m [36mo.s.c.g.r.RouteDefinitionRouteLocator[0;39m - RouteDefinition matched: platform-uploads
2026-10-08 19:48:04.164 [catalogWatchTaskScheduler-1] [39mDEBUG[0;39m [36mo.s.c.g.r.RouteDefinitionRouteLocator[0;39m - RouteDefinition platform-api-docs applying {_genkey_0=/api/platform/v3/api-docs/**} to Path
2026-10-08 19:48:04.165 [catalogWatchTaskScheduler-1] [39mDEBUG[0;39m [36mo.s.c.g.r.RouteDefinitionRouteLocator[0;39m - RouteDefinition platform-api-docs applying filter {_genkey_0=1} to StripPrefix
2026-10-08 19:48:04.166 [catalogWatchTaskScheduler-1] [39mDEBUG[0;39m [36mo.s.c.g.r.RouteDefinitionRouteLocator[0;39m - RouteDefinition matched: platform-api-docs
2026-10-08 19:48:04.166 [catalogWatchTaskScheduler-1] [39mDEBUG[0;39m [36mo.s.c.g.r.RouteDefinitionRouteLocator[0;39m - RouteDefinition booking-api-docs applying {_genkey_0=/api/booking/v3/api-docs/**} to Path
2026-10-08 19:48:04.167 [catalogWatchTaskScheduler-1] [39mDEBUG[0;39m [36mo.s.c.g.r.RouteDefinitionRouteLocator[0;39m - RouteDefinition booking-api-docs applying filter {_genkey_0=1} to StripPrefix
2026-10-08 19:48:04.167 [catalogWatchTaskScheduler-1] [39mDEBUG[0;39m [36mo.s.c.g.r.RouteDefinitionRouteLocator[0;39m - RouteDefinition matched: booking-api-docs
2026-10-08 19:48:04.167 [catalogWatchTaskScheduler-1] [39mDEBUG[0;39m [36mo.s.c.g.r.RouteDefinitionRouteLocator[0;39m - RouteDefinition payment-api-docs applying {_genkey_0=/api/payment/v3/api-docs/**} to Path
2026-10-08 19:48:04.168 [catalogWatchTaskScheduler-1] [39mDEBUG[0;39m [36mo.s.c.g.r.RouteDefinitionRouteLocator[0;39m - RouteDefinition payment-api-docs applying filter {_genkey_0=1} to StripPrefix
2026-10-08 19:48:04.168 [catalogWatchTaskScheduler-1] [39mDEBUG[0;39m [36mo.s.c.g.r.RouteDefinitionRouteLocator[0;39m - RouteDefinition matched: payment-api-docs
2026-10-08 19:48:04.168 [catalogWatchTaskScheduler-1] [39mDEBUG[0;39m [36mo.s.c.g.r.RouteDefinitionRouteLocator[0;39m - RouteDefinition platform-actuator-health applying {_genkey_0=/api/platform/actuator/health} to Path
2026-10-08 19:48:04.169 [catalogWatchTaskScheduler-1] [39mDEBUG[0;39m [36mo.s.c.g.r.RouteDefinitionRouteLocator[0;39m - RouteDefinition platform-actuator-health applying filter {_genkey_0=1} to StripPrefix
2026-10-08 19:48:04.169 [catalogWatchTaskScheduler-1] [39mDEBUG[0;39m [36mo.s.c.g.r.RouteDefinitionRouteLocator[0;39m - RouteDefinition matched: platform-actuator-health
2026-10-08 19:48:04.169 [catalogWatchTaskScheduler-1] [39mDEBUG[0;39m [36mo.s.c.g.r.RouteDefinitionRouteLocator[0;39m - RouteDefinition booking-actuator-health applying {_genkey_0=/api/booking/actuator/health} to Path
2026-10-08 19:48:04.169 [catalogWatchTaskScheduler-1] [39mDEBUG[0;39m [36mo.s.c.g.r.RouteDefinitionRouteLocator[0;39m - RouteDefinition booking-actuator-health applying filter {_genkey_0=1} to StripPrefix
2026-10-08 19:48:04.170 [catalogWatchTaskScheduler-1] [39mDEBUG[0;39m [36mo.s.c.g.r.RouteDefinitionRouteLocator[0;39m - RouteDefinition matched: booking-actuator-health
2026-10-08 19:48:04.170 [catalogWatchTaskScheduler-1] [39mDEBUG[0;39m [36mo.s.c.g.r.RouteDefinitionRouteLocator[0;39m - RouteDefinition payment-actuator-health applying {_genkey_0=/api/payment/actuator/health} to Path
2026-10-08 19:48:04.170 [catalogWatchTaskScheduler-1] [39mDEBUG[0;39m [36mo.s.c.g.r.RouteDefinitionRouteLocator[0;39m - RouteDefinition payment-actuator-health applying filter {_genkey_0=1} to StripPrefix
2026-10-08 19:48:04.171 [catalogWatchTaskScheduler-1] [39mDEBUG[0;39m [36mo.s.c.g.r.RouteDefinitionRouteLocator[0;39m - RouteDefinition matched: payment-actuator-health
2026-10-08 19:48:04.171 [catalogWatchTaskScheduler-1] [39mDEBUG[0;39m [36mo.s.c.g.r.RouteDefinitionRouteLocator[0;39m - RouteDefinition platform-admin applying {_genkey_0=/api/platform/admin/**} to Path
2026-10-08 19:48:04.171 [catalogWatchTaskScheduler-1] [39mDEBUG[0;39m [36mo.s.c.g.r.RouteDefinitionRouteLocator[0;39m - RouteDefinition platform-admin applying filter {_genkey_0=1} to StripPrefix
2026-10-08 19:48:04.172 [catalogWatchTaskScheduler-1] [39mDEBUG[0;39m [36mo.s.c.g.r.RouteDefinitionRouteLocator[0;39m - RouteDefinition matched: platform-admin
2026-10-08 19:48:04.172 [catalogWatchTaskScheduler-1] [39mDEBUG[0;39m [36mo.s.c.g.r.RouteDefinitionRouteLocator[0;39m - RouteDefinition platform-user applying {_genkey_0=/api/platform/user/**} to Path
2026-10-08 19:48:04.172 [catalogWatchTaskScheduler-1] [39mDEBUG[0;39m [36mo.s.c.g.r.RouteDefinitionRouteLocator[0;39m - RouteDefinition platform-user applying filter {_genkey_0=1} to StripPrefix
2026-10-08 19:48:04.172 [catalogWatchTaskScheduler-1] [39mDEBUG[0;39m [36mo.s.c.g.r.RouteDefinitionRouteLocator[0;39m - RouteDefinition matched: platform-user
2026-10-08 19:48:04.172 [catalogWatchTaskScheduler-1] [39mDEBUG[0;39m [36mo.s.c.g.r.RouteDefinitionRouteLocator[0;39m - RouteDefinition platform-other applying {_genkey_0=/api/platform/**} to Path
2026-10-08 19:48:04.173 [catalogWatchTaskScheduler-1] [39mDEBUG[0;39m [36mo.s.c.g.r.RouteDefinitionRouteLocator[0;39m - RouteDefinition platform-other applying filter {_genkey_0=1} to StripPrefix
2026-10-08 19:48:04.173 [catalogWatchTaskScheduler-1] [39mDEBUG[0;39m [36mo.s.c.g.r.RouteDefinitionRouteLocator[0;39m - RouteDefinition matched: platform-other
2026-10-08 19:48:04.173 [catalogWatchTaskScheduler-1] [39mDEBUG[0;39m [36mo.s.c.g.r.RouteDefinitionRouteLocator[0;39m - RouteDefinition booking-service applying {_genkey_0=/api/booking/**} to Path
2026-10-08 19:48:04.173 [catalogWatchTaskScheduler-1] [39mDEBUG[0;39m [36mo.s.c.g.r.RouteDefinitionRouteLocator[0;39m - RouteDefinition booking-service applying filter {_genkey_0=1} to StripPrefix
2026-10-08 19:48:04.174 [catalogWatchTaskScheduler-1] [39mDEBUG[0;39m [36mo.s.c.g.r.RouteDefinitionRouteLocator[0;39m - RouteDefinition matched: booking-service
2026-10-08 19:48:04.174 [catalogWatchTaskScheduler-1] [39mDEBUG[0;39m [36mo.s.c.g.r.RouteDefinitionRouteLocator[0;39m - RouteDefinition payment-service applying {_genkey_0=/api/payment/**} to Path
2026-10-08 19:48:04.174 [catalogWatchTaskScheduler-1] [39mDEBUG[0;39m [36mo.s.c.g.r.RouteDefinitionRouteLocator[0;39m - RouteDefinition payment-service applying filter {_genkey_0=1} to StripPrefix
2026-10-08 19:48:04.175 [catalogWatchTaskScheduler-1] [39mDEBUG[0;39m [36mo.s.c.g.r.RouteDefinitionRouteLocator[0;39m - RouteDefinition matched: payment-service
2026-10-08 19:48:04.175 [catalogWatchTaskScheduler-1] [39mDEBUG[0;39m [36mo.s.c.g.r.RouteDefinitionRouteLocator[0;39m - RouteDefinition platform-actuator applying {_genkey_0=/api/platform/actuator/**} to Path
2026-10-08 19:48:04.176 [catalogWatchTaskScheduler-1] [39mDEBUG[0;39m [36mo.s.c.g.r.RouteDefinitionRouteLocator[0;39m - RouteDefinition platform-actuator applying filter {_genkey_0=1} to StripPrefix
2026-10-08 19:48:04.177 [catalogWatchTaskScheduler-1] [39mDEBUG[0;39m [36mo.s.c.g.r.RouteDefinitionRouteLocator[0;39m - RouteDefinition matched: platform-actuator
2026-10-08 19:48:04.177 [catalogWatchTaskScheduler-1] [39mDEBUG[0;39m [36mo.s.c.g.r.RouteDefinitionRouteLocator[0;39m - RouteDefinition booking-actuator applying {_genkey_0=/api/booking/actuator/**} to Path
2026-10-08 19:48:04.177 [catalogWatchTaskScheduler-1] [39mDEBUG[0;39m [36mo.s.c.g.r.RouteDefinitionRouteLocator[0;39m - RouteDefinition booking-actuator applying filter {_genkey_0=1} to StripPrefix
2026-10-08 19:48:04.177 [catalogWatchTaskScheduler-1] [39mDEBUG[0;39m [36mo.s.c.g.r.RouteDefinitionRouteLocator[0;39m - RouteDefinition matched: booking-actuator
2026-10-08 19:48:04.177 [catalogWatchTaskScheduler-1] [39mDEBUG[0;39m [36mo.s.c.g.r.RouteDefinitionRouteLocator[0;39m - RouteDefinition payment-actuator applying {_genkey_0=/api/payment/actuator/**} to Path
2026-10-08 19:48:04.177 [catalogWatchTaskScheduler-1] [39mDEBUG[0;39m [36mo.s.c.g.r.RouteDefinitionRouteLocator[0;39m - RouteDefinition payment-actuator applying filter {_genkey_0=1} to StripPrefix
2026-10-08 19:48:04.179 [catalogWatchTaskScheduler-1] [39mDEBUG[0;39m [36mo.s.c.g.r.RouteDefinitionRouteLocator[0;39m - RouteDefinition matched: payment-actuator
2026-10-08 19:48:04.179 [catalogWatchTaskScheduler-1] [39mDEBUG[0;39m [36mo.s.c.g.filter.GatewayMetricsFilter[0;39m - New routes count: 17
2026-10-08 19:50:13.657 [catalogWatchTaskScheduler-1] [39mDEBUG[0;39m [36mo.s.c.g.r.RouteDefinitionRouteLocator[0;39m - RouteDefinition platform-public applying {_genkey_0=/api/platform/public/**} to Path
2026-10-08 19:50:13.658 [catalogWatchTaskScheduler-1] [39mDEBUG[0;39m [36mo.s.c.g.r.RouteDefinitionRouteLocator[0;39m - RouteDefinition platform-public applying filter {_genkey_0=1} to StripPrefix
2026-10-08 19:50:13.659 [catalogWatchTaskScheduler-1] [39mDEBUG[0;39m [36mo.s.c.g.r.RouteDefinitionRouteLocator[0;39m - RouteDefinition matched: platform-public
2026-10-08 19:50:13.659 [catalogWatchTaskScheduler-1] [39mDEBUG[0;39m [36mo.s.c.g.r.RouteDefinitionRouteLocator[0;39m - RouteDefinition platform-auth applying {_genkey_0=/api/platform/auth/**} to Path
2026-10-08 19:50:13.660 [catalogWatchTaskScheduler-1] [39mDEBUG[0;39m [36mo.s.c.g.r.RouteDefinitionRouteLocator[0;39m - RouteDefinition platform-auth applying filter {_genkey_0=1} to StripPrefix
2026-10-08 19:50:13.662 [catalogWatchTaskScheduler-1] [39mDEBUG[0;39m [36mo.s.c.g.r.RouteDefinitionRouteLocator[0;39m - RouteDefinition matched: platform-auth
2026-10-08 19:50:13.662 [catalogWatchTaskScheduler-1] [39mDEBUG[0;39m [36mo.s.c.g.r.RouteDefinitionRouteLocator[0;39m - RouteDefinition platform-uploads applying {_genkey_0=/api/uploads/**} to Path
2026-10-08 19:50:13.663 [catalogWatchTaskScheduler-1] [39mDEBUG[0;39m [36mo.s.c.g.r.RouteDefinitionRouteLocator[0;39m - RouteDefinition platform-uploads applying filter {_genkey_0=1} to StripPrefix
2026-10-08 19:50:13.663 [catalogWatchTaskScheduler-1] [39mDEBUG[0;39m [36mo.s.c.g.r.RouteDefinitionRouteLocator[0;39m - RouteDefinition matched: platform-uploads
2026-10-08 19:50:13.663 [catalogWatchTaskScheduler-1] [39mDEBUG[0;39m [36mo.s.c.g.r.RouteDefinitionRouteLocator[0;39m - RouteDefinition platform-api-docs applying {_genkey_0=/api/platform/v3/api-docs/**} to Path
2026-10-08 19:50:13.665 [catalogWatchTaskScheduler-1] [39mDEBUG[0;39m [36mo.s.c.g.r.RouteDefinitionRouteLocator[0;39m - RouteDefinition platform-api-docs applying filter {_genkey_0=1} to StripPrefix
2026-10-08 19:50:13.666 [catalogWatchTaskScheduler-1] [39mDEBUG[0;39m [36mo.s.c.g.r.RouteDefinitionRouteLocator[0;39m - RouteDefinition matched: platform-api-docs
2026-10-08 19:50:13.666 [catalogWatchTaskScheduler-1] [39mDEBUG[0;39m [36mo.s.c.g.r.RouteDefinitionRouteLocator[0;39m - RouteDefinition booking-api-docs applying {_genkey_0=/api/booking/v3/api-docs/**} to Path
2026-10-08 19:50:13.667 [catalogWatchTaskScheduler-1] [39mDEBUG[0;39m [36mo.s.c.g.r.RouteDefinitionRouteLocator[0;39m - RouteDefinition booking-api-docs applying filter {_genkey_0=1} to StripPrefix
2026-10-08 19:50:13.667 [catalogWatchTaskScheduler-1] [39mDEBUG[0;39m [36mo.s.c.g.r.RouteDefinitionRouteLocator[0;39m - RouteDefinition matched: booking-api-docs
2026-10-08 19:50:13.667 [catalogWatchTaskScheduler-1] [39mDEBUG[0;39m [36mo.s.c.g.r.RouteDefinitionRouteLocator[0;39m - RouteDefinition payment-api-docs applying {_genkey_0=/api/payment/v3/api-docs/**} to Path
2026-10-08 19:50:13.668 [catalogWatchTaskScheduler-1] [39mDEBUG[0;39m [36mo.s.c.g.r.RouteDefinitionRouteLocator[0;39m - RouteDefinition payment-api-docs applying filter {_genkey_0=1} to StripPrefix
2026-10-08 19:50:13.669 [catalogWatchTaskScheduler-1] [39mDEBUG[0;39m [36mo.s.c.g.r.RouteDefinitionRouteLocator[0;39m - RouteDefinition matched: payment-api-docs
2026-10-08 19:50:13.669 [catalogWatchTaskScheduler-1] [39mDEBUG[0;39m [36mo.s.c.g.r.RouteDefinitionRouteLocator[0;39m - RouteDefinition platform-actuator-health applying {_genkey_0=/api/platform/actuator/health} to Path
2026-10-08 19:50:13.671 [catalogWatchTaskScheduler-1] [39mDEBUG[0;39m [36mo.s.c.g.r.RouteDefinitionRouteLocator[0;39m - RouteDefinition platform-actuator-health applying filter {_genkey_0=1} to StripPrefix
2026-10-08 19:50:13.673 [catalogWatchTaskScheduler-1] [39mDEBUG[0;39m [36mo.s.c.g.r.RouteDefinitionRouteLocator[0;39m - RouteDefinition matched: platform-actuator-health
2026-10-08 19:50:13.673 [catalogWatchTaskScheduler-1] [39mDEBUG[0;39m [36mo.s.c.g.r.RouteDefinitionRouteLocator[0;39m - RouteDefinition booking-actuator-health applying {_genkey_0=/api/booking/actuator/health} to Path
2026-10-08 19:50:13.674 [catalogWatchTaskScheduler-1] [39mDEBUG[0;39m [36mo.s.c.g.r.RouteDefinitionRouteLocator[0;39m - RouteDefinition booking-actuator-health applying filter {_genkey_0=1} to StripPrefix
2026-10-08 19:50:13.675 [catalogWatchTaskScheduler-1] [39mDEBUG[0;39m [36mo.s.c.g.r.RouteDefinitionRouteLocator[0;39m - RouteDefinition matched: booking-actuator-health
2026-10-08 19:50:13.675 [catalogWatchTaskScheduler-1] [39mDEBUG[0;39m [36mo.s.c.g.r.RouteDefinitionRouteLocator[0;39m - RouteDefinition payment-actuator-health applying {_genkey_0=/api/payment/actuator/health} to Path
2026-10-08 19:50:13.676 [catalogWatchTaskScheduler-1] [39mDEBUG[0;39m [36mo.s.c.g.r.RouteDefinitionRouteLocator[0;39m - RouteDefinition payment-actuator-health applying filter {_genkey_0=1} to StripPrefix
2026-10-08 19:50:13.677 [catalogWatchTaskScheduler-1] [39mDEBUG[0;39m [36mo.s.c.g.r.RouteDefinitionRouteLocator[0;39m - RouteDefinition matched: payment-actuator-health
2026-10-08 19:50:13.677 [catalogWatchTaskScheduler-1] [39mDEBUG[0;39m [36mo.s.c.g.r.RouteDefinitionRouteLocator[0;39m - RouteDefinition platform-admin applying {_genkey_0=/api/platform/admin/**} to Path
2026-10-08 19:50:13.678 [catalogWatchTaskScheduler-1] [39mDEBUG[0;39m [36mo.s.c.g.r.RouteDefinitionRouteLocator[0;39m - RouteDefinition platform-admin applying filter {_genkey_0=1} to StripPrefix
2026-10-08 19:50:13.679 [catalogWatchTaskScheduler-1] [39mDEBUG[0;39m [36mo.s.c.g.r.RouteDefinitionRouteLocator[0;39m - RouteDefinition matched: platform-admin
2026-10-08 19:50:13.679 [catalogWatchTaskScheduler-1] [39mDEBUG[0;39m [36mo.s.c.g.r.RouteDefinitionRouteLocator[0;39m - RouteDefinition platform-user applying {_genkey_0=/api/platform/user/**} to Path
2026-10-08 19:50:13.680 [catalogWatchTaskScheduler-1] [39mDEBUG[0;39m [36mo.s.c.g.r.RouteDefinitionRouteLocator[0;39m - RouteDefinition platform-user applying filter {_genkey_0=1} to StripPrefix
2026-10-08 19:50:13.681 [catalogWatchTaskScheduler-1] [39mDEBUG[0;39m [36mo.s.c.g.r.RouteDefinitionRouteLocator[0;39m - RouteDefinition matched: platform-user
2026-10-08 19:50:13.681 [catalogWatchTaskScheduler-1] [39mDEBUG[0;39m [36mo.s.c.g.r.RouteDefinitionRouteLocator[0;39m - RouteDefinition platform-other applying {_genkey_0=/api/platform/**} to Path
2026-10-08 19:50:13.682 [catalogWatchTaskScheduler-1] [39mDEBUG[0;39m [36mo.s.c.g.r.RouteDefinitionRouteLocator[0;39m - RouteDefinition platform-other applying filter {_genkey_0=1} to StripPrefix
2026-10-08 19:50:13.683 [catalogWatchTaskScheduler-1] [39mDEBUG[0;39m [36mo.s.c.g.r.RouteDefinitionRouteLocator[0;39m - RouteDefinition matched: platform-other
2026-10-08 19:50:13.683 [catalogWatchTaskScheduler-1] [39mDEBUG[0;39m [36mo.s.c.g.r.RouteDefinitionRouteLocator[0;39m - RouteDefinition booking-service applying {_genkey_0=/api/booking/**} to Path
2026-10-08 19:50:13.684 [catalogWatchTaskScheduler-1] [39mDEBUG[0;39m [36mo.s.c.g.r.RouteDefinitionRouteLocator[0;39m - RouteDefinition booking-service applying filter {_genkey_0=1} to StripPrefix
2026-10-08 19:50:13.685 [catalogWatchTaskScheduler-1] [39mDEBUG[0;39m [36mo.s.c.g.r.RouteDefinitionRouteLocator[0;39m - RouteDefinition matched: booking-service
2026-10-08 19:50:13.685 [catalogWatchTaskScheduler-1] [39mDEBUG[0;39m [36mo.s.c.g.r.RouteDefinitionRouteLocator[0;39m - RouteDefinition payment-service applying {_genkey_0=/api/payment/**} to Path
2026-10-08 19:50:13.686 [catalogWatchTaskScheduler-1] [39mDEBUG[0;39m [36mo.s.c.g.r.RouteDefinitionRouteLocator[0;39m - RouteDefinition payment-service applying filter {_genkey_0=1} to StripPrefix
2026-10-08 19:50:13.686 [catalogWatchTaskScheduler-1] [39mDEBUG[0;39m [36mo.s.c.g.r.RouteDefinitionRouteLocator[0;39m - RouteDefinition matched: payment-service
2026-10-08 19:50:13.687 [catalogWatchTaskScheduler-1] [39mDEBUG[0;39m [36mo.s.c.g.r.RouteDefinitionRouteLocator[0;39m - RouteDefinition platform-actuator applying {_genkey_0=/api/platform/actuator/**} to Path
2026-10-08 19:50:13.688 [catalogWatchTaskScheduler-1] [39mDEBUG[0;39m [36mo.s.c.g.r.RouteDefinitionRouteLocator[0;39m - RouteDefinition platform-actuator applying filter {_genkey_0=1} to StripPrefix
2026-10-08 19:50:13.690 [catalogWatchTaskScheduler-1] [39mDEBUG[0;39m [36mo.s.c.g.r.RouteDefinitionRouteLocator[0;39m - RouteDefinition matched: platform-actuator
2026-10-08 19:50:13.690 [catalogWatchTaskScheduler-1] [39mDEBUG[0;39m [36mo.s.c.g.r.RouteDefinitionRouteLocator[0;39m - RouteDefinition booking-actuator applying {_genkey_0=/api/booking/actuator/**} to Path
2026-10-08 19:50:13.691 [catalogWatchTaskScheduler-1] [39mDEBUG[0;39m [36mo.s.c.g.r.RouteDefinitionRouteLocator[0;39m - RouteDefinition booking-actuator applying filter {_genkey_0=1} to StripPrefix
2026-10-08 19:50:13.692 [catalogWatchTaskScheduler-1] [39mDEBUG[0;39m [36mo.s.c.g.r.RouteDefinitionRouteLocator[0;39m - RouteDefinition matched: booking-actuator
2026-10-08 19:50:13.692 [catalogWatchTaskScheduler-1] [39mDEBUG[0;39m [36mo.s.c.g.r.RouteDefinitionRouteLocator[0;39m - RouteDefinition payment-actuator applying {_genkey_0=/api/payment/actuator/**} to Path
2026-10-08 19:50:13.693 [catalogWatchTaskScheduler-1] [39mDEBUG[0;39m [36mo.s.c.g.r.RouteDefinitionRouteLocator[0;39m - RouteDefinition payment-actuator applying filter {_genkey_0=1} to StripPrefix
2026-10-08 19:50:13.694 [catalogWatchTaskScheduler-1] [39mDEBUG[0;39m [36mo.s.c.g.r.RouteDefinitionRouteLocator[0;39m - RouteDefinition matched: payment-actuator
2026-10-08 19:50:13.694 [catalogWatchTaskScheduler-1] [39mDEBUG[0;39m [36mo.s.c.g.filter.GatewayMetricsFilter[0;39m - New routes count: 17
2026-10-08 19:52:25.182 [catalogWatchTaskScheduler-1] [39mDEBUG[0;39m [36mo.s.c.g.r.RouteDefinitionRouteLocator[0;39m - RouteDefinition platform-public applying {_genkey_0=/api/platform/public/**} to Path
2026-10-08 19:52:25.183 [catalogWatchTaskScheduler-1] [39mDEBUG[0;39m [36mo.s.c.g.r.RouteDefinitionRouteLocator[0;39m - RouteDefinition platform-public applying filter {_genkey_0=1} to StripPrefix
2026-10-08 19:52:25.183 [catalogWatchTaskScheduler-1] [39mDEBUG[0;39m [36mo.s.c.g.r.RouteDefinitionRouteLocator[0;39m - RouteDefinition matched: platform-public
2026-10-08 19:52:25.183 [catalogWatchTaskScheduler-1] [39mDEBUG[0;39m [36mo.s.c.g.r.RouteDefinitionRouteLocator[0;39m - RouteDefinition platform-auth applying {_genkey_0=/api/platform/auth/**} to Path
2026-10-08 19:52:25.183 [catalogWatchTaskScheduler-1] [39mDEBUG[0;39m [36mo.s.c.g.r.RouteDefinitionRouteLocator[0;39m - RouteDefinition platform-auth applying filter {_genkey_0=1} to StripPrefix
2026-10-08 19:52:25.184 [catalogWatchTaskScheduler-1] [39mDEBUG[0;39m [36mo.s.c.g.r.RouteDefinitionRouteLocator[0;39m - RouteDefinition matched: platform-auth
2026-10-08 19:52:25.184 [catalogWatchTaskScheduler-1] [39mDEBUG[0;39m [36mo.s.c.g.r.RouteDefinitionRouteLocator[0;39m - RouteDefinition platform-uploads applying {_genkey_0=/api/uploads/**} to Path
2026-10-08 19:52:25.184 [catalogWatchTaskScheduler-1] [39mDEBUG[0;39m [36mo.s.c.g.r.RouteDefinitionRouteLocator[0;39m - RouteDefinition platform-uploads applying filter {_genkey_0=1} to StripPrefix
2026-10-08 19:52:25.184 [catalogWatchTaskScheduler-1] [39mDEBUG[0;39m [36mo.s.c.g.r.RouteDefinitionRouteLocator[0;39m - RouteDefinition matched: platform-uploads
2026-10-08 19:52:25.184 [catalogWatchTaskScheduler-1] [39mDEBUG[0;39m [36mo.s.c.g.r.RouteDefinitionRouteLocator[0;39m - RouteDefinition platform-api-docs applying {_genkey_0=/api/platform/v3/api-docs/**} to Path
2026-10-08 19:52:25.184 [catalogWatchTaskScheduler-1] [39mDEBUG[0;39m [36mo.s.c.g.r.RouteDefinitionRouteLocator[0;39m - RouteDefinition platform-api-docs applying filter {_genkey_0=1} to StripPrefix
2026-10-08 19:52:25.184 [catalogWatchTaskScheduler-1] [39mDEBUG[0;39m [36mo.s.c.g.r.RouteDefinitionRouteLocator[0;39m - RouteDefinition matched: platform-api-docs
2026-10-08 19:52:25.184 [catalogWatchTaskScheduler-1] [39mDEBUG[0;39m [36mo.s.c.g.r.RouteDefinitionRouteLocator[0;39m - RouteDefinition booking-api-docs applying {_genkey_0=/api/booking/v3/api-docs/**} to Path
2026-10-08 19:52:25.185 [catalogWatchTaskScheduler-1] [39mDEBUG[0;39m [36mo.s.c.g.r.RouteDefinitionRouteLocator[0;39m - RouteDefinition booking-api-docs applying filter {_genkey_0=1} to StripPrefix
2026-10-08 19:52:25.185 [catalogWatchTaskScheduler-1] [39mDEBUG[0;39m [36mo.s.c.g.r.RouteDefinitionRouteLocator[0;39m - RouteDefinition matched: booking-api-docs
2026-10-08 19:52:25.186 [catalogWatchTaskScheduler-1] [39mDEBUG[0;39m [36mo.s.c.g.r.RouteDefinitionRouteLocator[0;39m - RouteDefinition payment-api-docs applying {_genkey_0=/api/payment/v3/api-docs/**} to Path
2026-10-08 19:52:25.186 [catalogWatchTaskScheduler-1] [39mDEBUG[0;39m [36mo.s.c.g.r.RouteDefinitionRouteLocator[0;39m - RouteDefinition payment-api-docs applying filter {_genkey_0=1} to StripPrefix
2026-10-08 19:52:25.186 [catalogWatchTaskScheduler-1] [39mDEBUG[0;39m [36mo.s.c.g.r.RouteDefinitionRouteLocator[0;39m - RouteDefinition matched: payment-api-docs
2026-10-08 19:52:25.186 [catalogWatchTaskScheduler-1] [39mDEBUG[0;39m [36mo.s.c.g.r.RouteDefinitionRouteLocator[0;39m - RouteDefinition platform-actuator-health applying {_genkey_0=/api/platform/actuator/health} to Path
2026-10-08 19:52:25.186 [catalogWatchTaskScheduler-1] [39mDEBUG[0;39m [36mo.s.c.g.r.RouteDefinitionRouteLocator[0;39m - RouteDefinition platform-actuator-health applying filter {_genkey_0=1} to StripPrefix
2026-10-08 19:52:25.186 [catalogWatchTaskScheduler-1] [39mDEBUG[0;39m [36mo.s.c.g.r.RouteDefinitionRouteLocator[0;39m - RouteDefinition matched: platform-actuator-health
2026-10-08 19:52:25.186 [catalogWatchTaskScheduler-1] [39mDEBUG[0;39m [36mo.s.c.g.r.RouteDefinitionRouteLocator[0;39m - RouteDefinition booking-actuator-health applying {_genkey_0=/api/booking/actuator/health} to Path
2026-10-08 19:52:25.187 [catalogWatchTaskScheduler-1] [39mDEBUG[0;39m [36mo.s.c.g.r.RouteDefinitionRouteLocator[0;39m - RouteDefinition booking-actuator-health applying filter {_genkey_0=1} to StripPrefix
2026-10-08 19:52:25.187 [catalogWatchTaskScheduler-1] [39mDEBUG[0;39m [36mo.s.c.g.r.RouteDefinitionRouteLocator[0;39m - RouteDefinition matched: booking-actuator-health
2026-10-08 19:52:25.187 [catalogWatchTaskScheduler-1] [39mDEBUG[0;39m [36mo.s.c.g.r.RouteDefinitionRouteLocator[0;39m - RouteDefinition payment-actuator-health applying {_genkey_0=/api/payment/actuator/health} to Path
2026-10-08 19:52:25.187 [catalogWatchTaskScheduler-1] [39mDEBUG[0;39m [36mo.s.c.g.r.RouteDefinitionRouteLocator[0;39m - RouteDefinition payment-actuator-health applying filter {_genkey_0=1} to StripPrefix
2026-10-08 19:52:25.187 [catalogWatchTaskScheduler-1] [39mDEBUG[0;39m [36mo.s.c.g.r.RouteDefinitionRouteLocator[0;39m - RouteDefinition matched: payment-actuator-health
2026-10-08 19:52:25.187 [catalogWatchTaskScheduler-1] [39mDEBUG[0;39m [36mo.s.c.g.r.RouteDefinitionRouteLocator[0;39m - RouteDefinition platform-admin applying {_genkey_0=/api/platform/admin/**} to Path
2026-10-08 19:52:25.187 [catalogWatchTaskScheduler-1] [39mDEBUG[0;39m [36mo.s.c.g.r.RouteDefinitionRouteLocator[0;39m - RouteDefinition platform-admin applying filter {_genkey_0=1} to StripPrefix
2026-10-08 19:52:25.188 [catalogWatchTaskScheduler-1] [39mDEBUG[0;39m [36mo.s.c.g.r.RouteDefinitionRouteLocator[0;39m - RouteDefinition matched: platform-admin
2026-10-08 19:52:25.188 [catalogWatchTaskScheduler-1] [39mDEBUG[0;39m [36mo.s.c.g.r.RouteDefinitionRouteLocator[0;39m - RouteDefinition platform-user applying {_genkey_0=/api/platform/user/**} to Path
2026-10-08 19:52:25.188 [catalogWatchTaskScheduler-1] [39mDEBUG[0;39m [36mo.s.c.g.r.RouteDefinitionRouteLocator[0;39m - RouteDefinition platform-user applying filter {_genkey_0=1} to StripPrefix
2026-10-08 19:52:25.188 [catalogWatchTaskScheduler-1] [39mDEBUG[0;39m [36mo.s.c.g.r.RouteDefinitionRouteLocator[0;39m - RouteDefinition matched: platform-user
2026-10-08 19:52:25.188 [catalogWatchTaskScheduler-1] [39mDEBUG[0;39m [36mo.s.c.g.r.RouteDefinitionRouteLocator[0;39m - RouteDefinition platform-other applying {_genkey_0=/api/platform/**} to Path
2026-10-08 19:52:25.188 [catalogWatchTaskScheduler-1] [39mDEBUG[0;39m [36mo.s.c.g.r.RouteDefinitionRouteLocator[0;39m - RouteDefinition platform-other applying filter {_genkey_0=1} to StripPrefix
2026-10-08 19:52:25.189 [catalogWatchTaskScheduler-1] [39mDEBUG[0;39m [36mo.s.c.g.r.RouteDefinitionRouteLocator[0;39m - RouteDefinition matched: platform-other
2026-10-08 19:52:25.189 [catalogWatchTaskScheduler-1] [39mDEBUG[0;39m [36mo.s.c.g.r.RouteDefinitionRouteLocator[0;39m - RouteDefinition booking-service applying {_genkey_0=/api/booking/**} to Path
2026-10-08 19:52:25.189 [catalogWatchTaskScheduler-1] [39mDEBUG[0;39m [36mo.s.c.g.r.RouteDefinitionRouteLocator[0;39m - RouteDefinition booking-service applying filter {_genkey_0=1} to StripPrefix
2026-10-08 19:52:25.189 [catalogWatchTaskScheduler-1] [39mDEBUG[0;39m [36mo.s.c.g.r.RouteDefinitionRouteLocator[0;39m - RouteDefinition matched: booking-service
2026-10-08 19:52:25.189 [catalogWatchTaskScheduler-1] [39mDEBUG[0;39m [36mo.s.c.g.r.RouteDefinitionRouteLocator[0;39m - RouteDefinition payment-service applying {_genkey_0=/api/payment/**} to Path
2026-10-08 19:52:25.189 [catalogWatchTaskScheduler-1] [39mDEBUG[0;39m [36mo.s.c.g.r.RouteDefinitionRouteLocator[0;39m - RouteDefinition payment-service applying filter {_genkey_0=1} to StripPrefix
2026-10-08 19:52:25.189 [catalogWatchTaskScheduler-1] [39mDEBUG[0;39m [36mo.s.c.g.r.RouteDefinitionRouteLocator[0;39m - RouteDefinition matched: payment-service
2026-10-08 19:52:25.190 [catalogWatchTaskScheduler-1] [39mDEBUG[0;39m [36mo.s.c.g.r.RouteDefinitionRouteLocator[0;39m - RouteDefinition platform-actuator applying {_genkey_0=/api/platform/actuator/**} to Path
2026-10-08 19:52:25.190 [catalogWatchTaskScheduler-1] [39mDEBUG[0;39m [36mo.s.c.g.r.RouteDefinitionRouteLocator[0;39m - RouteDefinition platform-actuator applying filter {_genkey_0=1} to StripPrefix
2026-10-08 19:52:25.190 [catalogWatchTaskScheduler-1] [39mDEBUG[0;39m [36mo.s.c.g.r.RouteDefinitionRouteLocator[0;39m - RouteDefinition matched: platform-actuator
2026-10-08 19:52:25.190 [catalogWatchTaskScheduler-1] [39mDEBUG[0;39m [36mo.s.c.g.r.RouteDefinitionRouteLocator[0;39m - RouteDefinition booking-actuator applying {_genkey_0=/api/booking/actuator/**} to Path
2026-10-08 19:52:25.190 [catalogWatchTaskScheduler-1] [39mDEBUG[0;39m [36mo.s.c.g.r.RouteDefinitionRouteLocator[0;39m - RouteDefinition booking-actuator applying filter {_genkey_0=1} to StripPrefix
2026-10-08 19:52:25.190 [catalogWatchTaskScheduler-1] [39mDEBUG[0;39m [36mo.s.c.g.r.RouteDefinitionRouteLocator[0;39m - RouteDefinition matched: booking-actuator
2026-10-08 19:52:25.190 [catalogWatchTaskScheduler-1] [39mDEBUG[0;39m [36mo.s.c.g.r.RouteDefinitionRouteLocator[0;39m - RouteDefinition payment-actuator applying {_genkey_0=/api/payment/actuator/**} to Path
2026-10-08 19:52:25.191 [catalogWatchTaskScheduler-1] [39mDEBUG[0;39m [36mo.s.c.g.r.RouteDefinitionRouteLocator[0;39m - RouteDefinition payment-actuator applying filter {_genkey_0=1} to StripPrefix
2026-10-08 19:52:25.191 [catalogWatchTaskScheduler-1] [39mDEBUG[0;39m [36mo.s.c.g.r.RouteDefinitionRouteLocator[0;39m - RouteDefinition matched: payment-actuator
2026-10-08 19:52:25.191 [catalogWatchTaskScheduler-1] [39mDEBUG[0;39m [36mo.s.c.g.filter.GatewayMetricsFilter[0;39m - New routes count: 17
2026-10-08 19:54:35.226 [catalogWatchTaskScheduler-1] [39mDEBUG[0;39m [36mo.s.c.g.r.RouteDefinitionRouteLocator[0;39m - RouteDefinition platform-public applying {_genkey_0=/api/platform/public/**} to Path
2026-10-08 19:54:35.228 [catalogWatchTaskScheduler-1] [39mDEBUG[0;39m [36mo.s.c.g.r.RouteDefinitionRouteLocator[0;39m - RouteDefinition platform-public applying filter {_genkey_0=1} to StripPrefix
2026-10-08 19:54:35.230 [catalogWatchTaskScheduler-1] [39mDEBUG[0;39m [36mo.s.c.g.r.RouteDefinitionRouteLocator[0;39m - RouteDefinition matched: platform-public
2026-10-08 19:54:35.230 [catalogWatchTaskScheduler-1] [39mDEBUG[0;39m [36mo.s.c.g.r.RouteDefinitionRouteLocator[0;39m - RouteDefinition platform-auth applying {_genkey_0=/api/platform/auth/**} to Path
2026-10-08 19:54:35.231 [catalogWatchTaskScheduler-1] [39mDEBUG[0;39m [36mo.s.c.g.r.RouteDefinitionRouteLocator[0;39m - RouteDefinition platform-auth applying filter {_genkey_0=1} to StripPrefix
2026-10-08 19:54:35.232 [catalogWatchTaskScheduler-1] [39mDEBUG[0;39m [36mo.s.c.g.r.RouteDefinitionRouteLocator[0;39m - RouteDefinition matched: platform-auth
2026-10-08 19:54:35.232 [catalogWatchTaskScheduler-1] [39mDEBUG[0;39m [36mo.s.c.g.r.RouteDefinitionRouteLocator[0;39m - RouteDefinition platform-uploads applying {_genkey_0=/api/uploads/**} to Path
2026-10-08 19:54:35.233 [catalogWatchTaskScheduler-1] [39mDEBUG[0;39m [36mo.s.c.g.r.RouteDefinitionRouteLocator[0;39m - RouteDefinition platform-uploads applying filter {_genkey_0=1} to StripPrefix
2026-10-08 19:54:35.233 [catalogWatchTaskScheduler-1] [39mDEBUG[0;39m [36mo.s.c.g.r.RouteDefinitionRouteLocator[0;39m - RouteDefinition matched: platform-uploads
2026-10-08 19:54:35.233 [catalogWatchTaskScheduler-1] [39mDEBUG[0;39m [36mo.s.c.g.r.RouteDefinitionRouteLocator[0;39m - RouteDefinition platform-api-docs applying {_genkey_0=/api/platform/v3/api-docs/**} to Path
2026-10-08 19:54:35.234 [catalogWatchTaskScheduler-1] [39mDEBUG[0;39m [36mo.s.c.g.r.RouteDefinitionRouteLocator[0;39m - RouteDefinition platform-api-docs applying filter {_genkey_0=1} to StripPrefix
2026-10-08 19:54:35.234 [catalogWatchTaskScheduler-1] [39mDEBUG[0;39m [36mo.s.c.g.r.RouteDefinitionRouteLocator[0;39m - RouteDefinition matched: platform-api-docs
2026-10-08 19:54:35.234 [catalogWatchTaskScheduler-1] [39mDEBUG[0;39m [36mo.s.c.g.r.RouteDefinitionRouteLocator[0;39m - RouteDefinition booking-api-docs applying {_genkey_0=/api/booking/v3/api-docs/**} to Path
2026-10-08 19:54:35.235 [catalogWatchTaskScheduler-1] [39mDEBUG[0;39m [36mo.s.c.g.r.RouteDefinitionRouteLocator[0;39m - RouteDefinition booking-api-docs applying filter {_genkey_0=1} to StripPrefix
2026-10-08 19:54:35.236 [catalogWatchTaskScheduler-1] [39mDEBUG[0;39m [36mo.s.c.g.r.RouteDefinitionRouteLocator[0;39m - RouteDefinition matched: booking-api-docs
2026-10-08 19:54:35.237 [catalogWatchTaskScheduler-1] [39mDEBUG[0;39m [36mo.s.c.g.r.RouteDefinitionRouteLocator[0;39m - RouteDefinition payment-api-docs applying {_genkey_0=/api/payment/v3/api-docs/**} to Path
2026-10-08 19:54:35.239 [catalogWatchTaskScheduler-1] [39mDEBUG[0;39m [36mo.s.c.g.r.RouteDefinitionRouteLocator[0;39m - RouteDefinition payment-api-docs applying filter {_genkey_0=1} to StripPrefix
2026-10-08 19:54:35.239 [catalogWatchTaskScheduler-1] [39mDEBUG[0;39m [36mo.s.c.g.r.RouteDefinitionRouteLocator[0;39m - RouteDefinition matched: payment-api-docs
2026-10-08 19:54:35.239 [catalogWatchTaskScheduler-1] [39mDEBUG[0;39m [36mo.s.c.g.r.RouteDefinitionRouteLocator[0;39m - RouteDefinition platform-actuator-health applying {_genkey_0=/api/platform/actuator/health} to Path
2026-10-08 19:54:35.241 [catalogWatchTaskScheduler-1] [39mDEBUG[0;39m [36mo.s.c.g.r.RouteDefinitionRouteLocator[0;39m - RouteDefinition platform-actuator-health applying filter {_genkey_0=1} to StripPrefix
2026-10-08 19:54:35.242 [catalogWatchTaskScheduler-1] [39mDEBUG[0;39m [36mo.s.c.g.r.RouteDefinitionRouteLocator[0;39m - RouteDefinition matched: platform-actuator-health
2026-10-08 19:54:35.242 [catalogWatchTaskScheduler-1] [39mDEBUG[0;39m [36mo.s.c.g.r.RouteDefinitionRouteLocator[0;39m - RouteDefinition booking-actuator-health applying {_genkey_0=/api/booking/actuator/health} to Path
2026-10-08 19:54:35.242 [catalogWatchTaskScheduler-1] [39mDEBUG[0;39m [36mo.s.c.g.r.RouteDefinitionRouteLocator[0;39m - RouteDefinition booking-actuator-health applying filter {_genkey_0=1} to StripPrefix
2026-10-08 19:54:35.244 [catalogWatchTaskScheduler-1] [39mDEBUG[0;39m [36mo.s.c.g.r.RouteDefinitionRouteLocator[0;39m - RouteDefinition matched: booking-actuator-health
2026-10-08 19:54:35.244 [catalogWatchTaskScheduler-1] [39mDEBUG[0;39m [36mo.s.c.g.r.RouteDefinitionRouteLocator[0;39m - RouteDefinition payment-actuator-health applying {_genkey_0=/api/payment/actuator/health} to Path
2026-10-08 19:54:35.245 [catalogWatchTaskScheduler-1] [39mDEBUG[0;39m [36mo.s.c.g.r.RouteDefinitionRouteLocator[0;39m - RouteDefinition payment-actuator-health applying filter {_genkey_0=1} to StripPrefix
2026-10-08 19:54:35.245 [catalogWatchTaskScheduler-1] [39mDEBUG[0;39m [36mo.s.c.g.r.RouteDefinitionRouteLocator[0;39m - RouteDefinition matched: payment-actuator-health
2026-10-08 19:54:35.245 [catalogWatchTaskScheduler-1] [39mDEBUG[0;39m [36mo.s.c.g.r.RouteDefinitionRouteLocator[0;39m - RouteDefinition platform-admin applying {_genkey_0=/api/platform/admin/**} to Path
2026-10-08 19:54:35.246 [catalogWatchTaskScheduler-1] [39mDEBUG[0;39m [36mo.s.c.g.r.RouteDefinitionRouteLocator[0;39m - RouteDefinition platform-admin applying filter {_genkey_0=1} to StripPrefix
2026-10-08 19:54:35.247 [catalogWatchTaskScheduler-1] [39mDEBUG[0;39m [36mo.s.c.g.r.RouteDefinitionRouteLocator[0;39m - RouteDefinition matched: platform-admin
2026-10-08 19:54:35.247 [catalogWatchTaskScheduler-1] [39mDEBUG[0;39m [36mo.s.c.g.r.RouteDefinitionRouteLocator[0;39m - RouteDefinition platform-user applying {_genkey_0=/api/platform/user/**} to Path
2026-10-08 19:54:35.247 [catalogWatchTaskScheduler-1] [39mDEBUG[0;39m [36mo.s.c.g.r.RouteDefinitionRouteLocator[0;39m - RouteDefinition platform-user applying filter {_genkey_0=1} to StripPrefix
2026-10-08 19:54:35.248 [catalogWatchTaskScheduler-1] [39mDEBUG[0;39m [36mo.s.c.g.r.RouteDefinitionRouteLocator[0;39m - RouteDefinition matched: platform-user
2026-10-08 19:54:35.248 [catalogWatchTaskScheduler-1] [39mDEBUG[0;39m [36mo.s.c.g.r.RouteDefinitionRouteLocator[0;39m - RouteDefinition platform-other applying {_genkey_0=/api/platform/**} to Path
2026-10-08 19:54:35.249 [catalogWatchTaskScheduler-1] [39mDEBUG[0;39m [36mo.s.c.g.r.RouteDefinitionRouteLocator[0;39m - RouteDefinition platform-other applying filter {_genkey_0=1} to StripPrefix
2026-10-08 19:54:35.250 [catalogWatchTaskScheduler-1] [39mDEBUG[0;39m [36mo.s.c.g.r.RouteDefinitionRouteLocator[0;39m - RouteDefinition matched: platform-other
2026-10-08 19:54:35.250 [catalogWatchTaskScheduler-1] [39mDEBUG[0;39m [36mo.s.c.g.r.RouteDefinitionRouteLocator[0;39m - RouteDefinition booking-service applying {_genkey_0=/api/booking/**} to Path
2026-10-08 19:54:35.250 [catalogWatchTaskScheduler-1] [39mDEBUG[0;39m [36mo.s.c.g.r.RouteDefinitionRouteLocator[0;39m - RouteDefinition booking-service applying filter {_genkey_0=1} to StripPrefix
2026-10-08 19:54:35.251 [catalogWatchTaskScheduler-1] [39mDEBUG[0;39m [36mo.s.c.g.r.RouteDefinitionRouteLocator[0;39m - RouteDefinition matched: booking-service
2026-10-08 19:54:35.251 [catalogWatchTaskScheduler-1] [39mDEBUG[0;39m [36mo.s.c.g.r.RouteDefinitionRouteLocator[0;39m - RouteDefinition payment-service applying {_genkey_0=/api/payment/**} to Path
2026-10-08 19:54:35.252 [catalogWatchTaskScheduler-1] [39mDEBUG[0;39m [36mo.s.c.g.r.RouteDefinitionRouteLocator[0;39m - RouteDefinition payment-service applying filter {_genkey_0=1} to StripPrefix
2026-10-08 19:54:35.253 [catalogWatchTaskScheduler-1] [39mDEBUG[0;39m [36mo.s.c.g.r.RouteDefinitionRouteLocator[0;39m - RouteDefinition matched: payment-service
2026-10-08 19:54:35.253 [catalogWatchTaskScheduler-1] [39mDEBUG[0;39m [36mo.s.c.g.r.RouteDefinitionRouteLocator[0;39m - RouteDefinition platform-actuator applying {_genkey_0=/api/platform/actuator/**} to Path
2026-10-08 19:54:35.253 [catalogWatchTaskScheduler-1] [39mDEBUG[0;39m [36mo.s.c.g.r.RouteDefinitionRouteLocator[0;39m - RouteDefinition platform-actuator applying filter {_genkey_0=1} to StripPrefix
2026-10-08 19:54:35.255 [catalogWatchTaskScheduler-1] [39mDEBUG[0;39m [36mo.s.c.g.r.RouteDefinitionRouteLocator[0;39m - RouteDefinition matched: platform-actuator
2026-10-08 19:54:35.255 [catalogWatchTaskScheduler-1] [39mDEBUG[0;39m [36mo.s.c.g.r.RouteDefinitionRouteLocator[0;39m - RouteDefinition booking-actuator applying {_genkey_0=/api/booking/actuator/**} to Path
2026-10-08 19:54:35.256 [catalogWatchTaskScheduler-1] [39mDEBUG[0;39m [36mo.s.c.g.r.RouteDefinitionRouteLocator[0;39m - RouteDefinition booking-actuator applying filter {_genkey_0=1} to StripPrefix
2026-10-08 19:54:35.257 [catalogWatchTaskScheduler-1] [39mDEBUG[0;39m [36mo.s.c.g.r.RouteDefinitionRouteLocator[0;39m - RouteDefinition matched: booking-actuator
2026-10-08 19:54:35.258 [catalogWatchTaskScheduler-1] [39mDEBUG[0;39m [36mo.s.c.g.r.RouteDefinitionRouteLocator[0;39m - RouteDefinition payment-actuator applying {_genkey_0=/api/payment/actuator/**} to Path
2026-10-08 19:54:35.259 [catalogWatchTaskScheduler-1] [39mDEBUG[0;39m [36mo.s.c.g.r.RouteDefinitionRouteLocator[0;39m - RouteDefinition payment-actuator applying filter {_genkey_0=1} to StripPrefix
2026-10-08 19:54:35.260 [catalogWatchTaskScheduler-1] [39mDEBUG[0;39m [36mo.s.c.g.r.RouteDefinitionRouteLocator[0;39m - RouteDefinition matched: payment-actuator
2026-10-08 19:54:35.261 [catalogWatchTaskScheduler-1] [39mDEBUG[0;39m [36mo.s.c.g.filter.GatewayMetricsFilter[0;39m - New routes count: 17
2026-10-08 19:57:54.221 [catalogWatchTaskScheduler-1] [39mDEBUG[0;39m [36mo.s.c.g.r.RouteDefinitionRouteLocator[0;39m - RouteDefinition platform-public applying {_genkey_0=/api/platform/public/**} to Path
2026-10-08 19:57:54.222 [catalogWatchTaskScheduler-1] [39mDEBUG[0;39m [36mo.s.c.g.r.RouteDefinitionRouteLocator[0;39m - RouteDefinition platform-public applying filter {_genkey_0=1} to StripPrefix
2026-10-08 19:57:54.223 [catalogWatchTaskScheduler-1] [39mDEBUG[0;39m [36mo.s.c.g.r.RouteDefinitionRouteLocator[0;39m - RouteDefinition matched: platform-public
2026-10-08 19:57:54.224 [catalogWatchTaskScheduler-1] [39mDEBUG[0;39m [36mo.s.c.g.r.RouteDefinitionRouteLocator[0;39m - RouteDefinition platform-auth applying {_genkey_0=/api/platform/auth/**} to Path
2026-10-08 19:57:54.225 [catalogWatchTaskScheduler-1] [39mDEBUG[0;39m [36mo.s.c.g.r.RouteDefinitionRouteLocator[0;39m - RouteDefinition platform-auth applying filter {_genkey_0=1} to StripPrefix
2026-10-08 19:57:54.226 [catalogWatchTaskScheduler-1] [39mDEBUG[0;39m [36mo.s.c.g.r.RouteDefinitionRouteLocator[0;39m - RouteDefinition matched: platform-auth
2026-10-08 19:57:54.227 [catalogWatchTaskScheduler-1] [39mDEBUG[0;39m [36mo.s.c.g.r.RouteDefinitionRouteLocator[0;39m - RouteDefinition platform-uploads applying {_genkey_0=/api/uploads/**} to Path
2026-10-08 19:57:54.228 [catalogWatchTaskScheduler-1] [39mDEBUG[0;39m [36mo.s.c.g.r.RouteDefinitionRouteLocator[0;39m - RouteDefinition platform-uploads applying filter {_genkey_0=1} to StripPrefix
2026-10-08 19:57:54.230 [catalogWatchTaskScheduler-1] [39mDEBUG[0;39m [36mo.s.c.g.r.RouteDefinitionRouteLocator[0;39m - RouteDefinition matched: platform-uploads
2026-10-08 19:57:54.230 [catalogWatchTaskScheduler-1] [39mDEBUG[0;39m [36mo.s.c.g.r.RouteDefinitionRouteLocator[0;39m - RouteDefinition platform-api-docs applying {_genkey_0=/api/platform/v3/api-docs/**} to Path
2026-10-08 19:57:54.231 [catalogWatchTaskScheduler-1] [39mDEBUG[0;39m [36mo.s.c.g.r.RouteDefinitionRouteLocator[0;39m - RouteDefinition platform-api-docs applying filter {_genkey_0=1} to StripPrefix
2026-10-08 19:57:54.232 [catalogWatchTaskScheduler-1] [39mDEBUG[0;39m [36mo.s.c.g.r.RouteDefinitionRouteLocator[0;39m - RouteDefinition matched: platform-api-docs
2026-10-08 19:57:54.233 [catalogWatchTaskScheduler-1] [39mDEBUG[0;39m [36mo.s.c.g.r.RouteDefinitionRouteLocator[0;39m - RouteDefinition booking-api-docs applying {_genkey_0=/api/booking/v3/api-docs/**} to Path
2026-10-08 19:57:54.235 [catalogWatchTaskScheduler-1] [39mDEBUG[0;39m [36mo.s.c.g.r.RouteDefinitionRouteLocator[0;39m - RouteDefinition booking-api-docs applying filter {_genkey_0=1} to StripPrefix
2026-10-08 19:57:54.236 [catalogWatchTaskScheduler-1] [39mDEBUG[0;39m [36mo.s.c.g.r.RouteDefinitionRouteLocator[0;39m - RouteDefinition matched: booking-api-docs
2026-10-08 19:57:54.237 [catalogWatchTaskScheduler-1] [39mDEBUG[0;39m [36mo.s.c.g.r.RouteDefinitionRouteLocator[0;39m - RouteDefinition payment-api-docs applying {_genkey_0=/api/payment/v3/api-docs/**} to Path
2026-10-08 19:57:54.238 [catalogWatchTaskScheduler-1] [39mDEBUG[0;39m [36mo.s.c.g.r.RouteDefinitionRouteLocator[0;39m - RouteDefinition payment-api-docs applying filter {_genkey_0=1} to StripPrefix
2026-10-08 19:57:54.239 [catalogWatchTaskScheduler-1] [39mDEBUG[0;39m [36mo.s.c.g.r.RouteDefinitionRouteLocator[0;39m - RouteDefinition matched: payment-api-docs
2026-10-08 19:57:54.239 [catalogWatchTaskScheduler-1] [39mDEBUG[0;39m [36mo.s.c.g.r.RouteDefinitionRouteLocator[0;39m - RouteDefinition platform-actuator-health applying {_genkey_0=/api/platform/actuator/health} to Path
2026-10-08 19:57:54.240 [catalogWatchTaskScheduler-1] [39mDEBUG[0;39m [36mo.s.c.g.r.RouteDefinitionRouteLocator[0;39m - RouteDefinition platform-actuator-health applying filter {_genkey_0=1} to StripPrefix
2026-10-08 19:57:54.241 [catalogWatchTaskScheduler-1] [39mDEBUG[0;39m [36mo.s.c.g.r.RouteDefinitionRouteLocator[0;39m - RouteDefinition matched: platform-actuator-health
2026-10-08 19:57:54.242 [catalogWatchTaskScheduler-1] [39mDEBUG[0;39m [36mo.s.c.g.r.RouteDefinitionRouteLocator[0;39m - RouteDefinition booking-actuator-health applying {_genkey_0=/api/booking/actuator/health} to Path
2026-10-08 19:57:54.244 [catalogWatchTaskScheduler-1] [39mDEBUG[0;39m [36mo.s.c.g.r.RouteDefinitionRouteLocator[0;39m - RouteDefinition booking-actuator-health applying filter {_genkey_0=1} to StripPrefix
2026-10-08 19:57:54.245 [catalogWatchTaskScheduler-1] [39mDEBUG[0;39m [36mo.s.c.g.r.RouteDefinitionRouteLocator[0;39m - RouteDefinition matched: booking-actuator-health
2026-10-08 19:57:54.245 [catalogWatchTaskScheduler-1] [39mDEBUG[0;39m [36mo.s.c.g.r.RouteDefinitionRouteLocator[0;39m - RouteDefinition payment-actuator-health applying {_genkey_0=/api/payment/actuator/health} to Path
2026-10-08 19:57:54.247 [catalogWatchTaskScheduler-1] [39mDEBUG[0;39m [36mo.s.c.g.r.RouteDefinitionRouteLocator[0;39m - RouteDefinition payment-actuator-health applying filter {_genkey_0=1} to StripPrefix
2026-10-08 19:57:54.250 [catalogWatchTaskScheduler-1] [39mDEBUG[0;39m [36mo.s.c.g.r.RouteDefinitionRouteLocator[0;39m - RouteDefinition matched: payment-actuator-health
2026-10-08 19:57:54.251 [catalogWatchTaskScheduler-1] [39mDEBUG[0;39m [36mo.s.c.g.r.RouteDefinitionRouteLocator[0;39m - RouteDefinition platform-admin applying {_genkey_0=/api/platform/admin/**} to Path
2026-10-08 19:57:54.252 [catalogWatchTaskScheduler-1] [39mDEBUG[0;39m [36mo.s.c.g.r.RouteDefinitionRouteLocator[0;39m - RouteDefinition platform-admin applying filter {_genkey_0=1} to StripPrefix
2026-10-08 19:57:54.253 [catalogWatchTaskScheduler-1] [39mDEBUG[0;39m [36mo.s.c.g.r.RouteDefinitionRouteLocator[0;39m - RouteDefinition matched: platform-admin
2026-10-08 19:57:54.253 [catalogWatchTaskScheduler-1] [39mDEBUG[0;39m [36mo.s.c.g.r.RouteDefinitionRouteLocator[0;39m - RouteDefinition platform-user applying {_genkey_0=/api/platform/user/**} to Path
2026-10-08 19:57:54.255 [catalogWatchTaskScheduler-1] [39mDEBUG[0;39m [36mo.s.c.g.r.RouteDefinitionRouteLocator[0;39m - RouteDefinition platform-user applying filter {_genkey_0=1} to StripPrefix
2026-10-08 19:57:54.255 [catalogWatchTaskScheduler-1] [39mDEBUG[0;39m [36mo.s.c.g.r.RouteDefinitionRouteLocator[0;39m - RouteDefinition matched: platform-user
2026-10-08 19:57:54.256 [catalogWatchTaskScheduler-1] [39mDEBUG[0;39m [36mo.s.c.g.r.RouteDefinitionRouteLocator[0;39m - RouteDefinition platform-other applying {_genkey_0=/api/platform/**} to Path
2026-10-08 19:57:54.257 [catalogWatchTaskScheduler-1] [39mDEBUG[0;39m [36mo.s.c.g.r.RouteDefinitionRouteLocator[0;39m - RouteDefinition platform-other applying filter {_genkey_0=1} to StripPrefix
2026-10-08 19:57:54.258 [catalogWatchTaskScheduler-1] [39mDEBUG[0;39m [36mo.s.c.g.r.RouteDefinitionRouteLocator[0;39m - RouteDefinition matched: platform-other
2026-10-08 19:57:54.258 [catalogWatchTaskScheduler-1] [39mDEBUG[0;39m [36mo.s.c.g.r.RouteDefinitionRouteLocator[0;39m - RouteDefinition booking-service applying {_genkey_0=/api/booking/**} to Path
2026-10-08 19:57:54.259 [catalogWatchTaskScheduler-1] [39mDEBUG[0;39m [36mo.s.c.g.r.RouteDefinitionRouteLocator[0;39m - RouteDefinition booking-service applying filter {_genkey_0=1} to StripPrefix
2026-10-08 19:57:54.260 [catalogWatchTaskScheduler-1] [39mDEBUG[0;39m [36mo.s.c.g.r.RouteDefinitionRouteLocator[0;39m - RouteDefinition matched: booking-service
2026-10-08 19:57:54.260 [catalogWatchTaskScheduler-1] [39mDEBUG[0;39m [36mo.s.c.g.r.RouteDefinitionRouteLocator[0;39m - RouteDefinition payment-service applying {_genkey_0=/api/payment/**} to Path
2026-10-08 19:57:54.261 [catalogWatchTaskScheduler-1] [39mDEBUG[0;39m [36mo.s.c.g.r.RouteDefinitionRouteLocator[0;39m - RouteDefinition payment-service applying filter {_genkey_0=1} to StripPrefix
2026-10-08 19:57:54.263 [catalogWatchTaskScheduler-1] [39mDEBUG[0;39m [36mo.s.c.g.r.RouteDefinitionRouteLocator[0;39m - RouteDefinition matched: payment-service
2026-10-08 19:57:54.263 [catalogWatchTaskScheduler-1] [39mDEBUG[0;39m [36mo.s.c.g.r.RouteDefinitionRouteLocator[0;39m - RouteDefinition platform-actuator applying {_genkey_0=/api/platform/actuator/**} to Path
2026-10-08 19:57:54.266 [catalogWatchTaskScheduler-1] [39mDEBUG[0;39m [36mo.s.c.g.r.RouteDefinitionRouteLocator[0;39m - RouteDefinition platform-actuator applying filter {_genkey_0=1} to StripPrefix
2026-10-08 19:57:54.268 [catalogWatchTaskScheduler-1] [39mDEBUG[0;39m [36mo.s.c.g.r.RouteDefinitionRouteLocator[0;39m - RouteDefinition matched: platform-actuator
2026-10-08 19:57:54.269 [catalogWatchTaskScheduler-1] [39mDEBUG[0;39m [36mo.s.c.g.r.RouteDefinitionRouteLocator[0;39m - RouteDefinition booking-actuator applying {_genkey_0=/api/booking/actuator/**} to Path
2026-10-08 19:57:54.270 [catalogWatchTaskScheduler-1] [39mDEBUG[0;39m [36mo.s.c.g.r.RouteDefinitionRouteLocator[0;39m - RouteDefinition booking-actuator applying filter {_genkey_0=1} to StripPrefix
2026-10-08 19:57:54.271 [catalogWatchTaskScheduler-1] [39mDEBUG[0;39m [36mo.s.c.g.r.RouteDefinitionRouteLocator[0;39m - RouteDefinition matched: booking-actuator
2026-10-08 19:57:54.272 [catalogWatchTaskScheduler-1] [39mDEBUG[0;39m [36mo.s.c.g.r.RouteDefinitionRouteLocator[0;39m - RouteDefinition payment-actuator applying {_genkey_0=/api/payment/actuator/**} to Path
2026-10-08 19:57:54.273 [catalogWatchTaskScheduler-1] [39mDEBUG[0;39m [36mo.s.c.g.r.RouteDefinitionRouteLocator[0;39m - RouteDefinition payment-actuator applying filter {_genkey_0=1} to StripPrefix
2026-10-08 19:57:54.275 [catalogWatchTaskScheduler-1] [39mDEBUG[0;39m [36mo.s.c.g.r.RouteDefinitionRouteLocator[0;39m - RouteDefinition matched: payment-actuator
2026-10-08 19:57:54.276 [catalogWatchTaskScheduler-1] [39mDEBUG[0;39m [36mo.s.c.g.filter.GatewayMetricsFilter[0;39m - New routes count: 17
2026-10-08 20:03:28.401 [catalogWatchTaskScheduler-1] [39mDEBUG[0;39m [36mo.s.c.g.r.RouteDefinitionRouteLocator[0;39m - RouteDefinition platform-public applying {_genkey_0=/api/platform/public/**} to Path
2026-10-08 20:03:28.402 [catalogWatchTaskScheduler-1] [39mDEBUG[0;39m [36mo.s.c.g.r.RouteDefinitionRouteLocator[0;39m - RouteDefinition platform-public applying filter {_genkey_0=1} to StripPrefix
2026-10-08 20:03:28.403 [catalogWatchTaskScheduler-1] [39mDEBUG[0;39m [36mo.s.c.g.r.RouteDefinitionRouteLocator[0;39m - RouteDefinition matched: platform-public
2026-10-08 20:03:28.403 [catalogWatchTaskScheduler-1] [39mDEBUG[0;39m [36mo.s.c.g.r.RouteDefinitionRouteLocator[0;39m - RouteDefinition platform-auth applying {_genkey_0=/api/platform/auth/**} to Path
2026-10-08 20:03:28.404 [catalogWatchTaskScheduler-1] [39mDEBUG[0;39m [36mo.s.c.g.r.RouteDefinitionRouteLocator[0;39m - RouteDefinition platform-auth applying filter {_genkey_0=1} to StripPrefix
2026-10-08 20:03:28.405 [catalogWatchTaskScheduler-1] [39mDEBUG[0;39m [36mo.s.c.g.r.RouteDefinitionRouteLocator[0;39m - RouteDefinition matched: platform-auth
2026-10-08 20:03:28.405 [catalogWatchTaskScheduler-1] [39mDEBUG[0;39m [36mo.s.c.g.r.RouteDefinitionRouteLocator[0;39m - RouteDefinition platform-uploads applying {_genkey_0=/api/uploads/**} to Path
2026-10-08 20:03:28.411 [catalogWatchTaskScheduler-1] [39mDEBUG[0;39m [36mo.s.c.g.r.RouteDefinitionRouteLocator[0;39m - RouteDefinition platform-uploads applying filter {_genkey_0=1} to StripPrefix
2026-10-08 20:03:28.412 [catalogWatchTaskScheduler-1] [39mDEBUG[0;39m [36mo.s.c.g.r.RouteDefinitionRouteLocator[0;39m - RouteDefinition matched: platform-uploads
2026-10-08 20:03:28.412 [catalogWatchTaskScheduler-1] [39mDEBUG[0;39m [36mo.s.c.g.r.RouteDefinitionRouteLocator[0;39m - RouteDefinition platform-api-docs applying {_genkey_0=/api/platform/v3/api-docs/**} to Path
2026-10-08 20:03:28.415 [catalogWatchTaskScheduler-1] [39mDEBUG[0;39m [36mo.s.c.g.r.RouteDefinitionRouteLocator[0;39m - RouteDefinition platform-api-docs applying filter {_genkey_0=1} to StripPrefix
2026-10-08 20:03:28.422 [catalogWatchTaskScheduler-1] [39mDEBUG[0;39m [36mo.s.c.g.r.RouteDefinitionRouteLocator[0;39m - RouteDefinition matched: platform-api-docs
2026-10-08 20:03:28.423 [catalogWatchTaskScheduler-1] [39mDEBUG[0;39m [36mo.s.c.g.r.RouteDefinitionRouteLocator[0;39m - RouteDefinition booking-api-docs applying {_genkey_0=/api/booking/v3/api-docs/**} to Path
2026-10-08 20:03:28.427 [catalogWatchTaskScheduler-1] [39mDEBUG[0;39m [36mo.s.c.g.r.RouteDefinitionRouteLocator[0;39m - RouteDefinition booking-api-docs applying filter {_genkey_0=1} to StripPrefix
2026-10-08 20:03:28.428 [catalogWatchTaskScheduler-1] [39mDEBUG[0;39m [36mo.s.c.g.r.RouteDefinitionRouteLocator[0;39m - RouteDefinition matched: booking-api-docs
2026-10-08 20:03:28.429 [catalogWatchTaskScheduler-1] [39mDEBUG[0;39m [36mo.s.c.g.r.RouteDefinitionRouteLocator[0;39m - RouteDefinition payment-api-docs applying {_genkey_0=/api/payment/v3/api-docs/**} to Path
2026-10-08 20:03:28.430 [catalogWatchTaskScheduler-1] [39mDEBUG[0;39m [36mo.s.c.g.r.RouteDefinitionRouteLocator[0;39m - RouteDefinition payment-api-docs applying filter {_genkey_0=1} to StripPrefix
2026-10-08 20:03:28.433 [catalogWatchTaskScheduler-1] [39mDEBUG[0;39m [36mo.s.c.g.r.RouteDefinitionRouteLocator[0;39m - RouteDefinition matched: payment-api-docs
2026-10-08 20:03:28.433 [catalogWatchTaskScheduler-1] [39mDEBUG[0;39m [36mo.s.c.g.r.RouteDefinitionRouteLocator[0;39m - RouteDefinition platform-actuator-health applying {_genkey_0=/api/platform/actuator/health} to Path
2026-10-08 20:03:28.434 [catalogWatchTaskScheduler-1] [39mDEBUG[0;39m [36mo.s.c.g.r.RouteDefinitionRouteLocator[0;39m - RouteDefinition platform-actuator-health applying filter {_genkey_0=1} to StripPrefix
2026-10-08 20:03:28.436 [catalogWatchTaskScheduler-1] [39mDEBUG[0;39m [36mo.s.c.g.r.RouteDefinitionRouteLocator[0;39m - RouteDefinition matched: platform-actuator-health
2026-10-08 20:03:28.437 [catalogWatchTaskScheduler-1] [39mDEBUG[0;39m [36mo.s.c.g.r.RouteDefinitionRouteLocator[0;39m - RouteDefinition booking-actuator-health applying {_genkey_0=/api/booking/actuator/health} to Path
2026-10-08 20:03:28.437 [catalogWatchTaskScheduler-1] [39mDEBUG[0;39m [36mo.s.c.g.r.RouteDefinitionRouteLocator[0;39m - RouteDefinition booking-actuator-health applying filter {_genkey_0=1} to StripPrefix
2026-10-08 20:03:28.443 [catalogWatchTaskScheduler-1] [39mDEBUG[0;39m [36mo.s.c.g.r.RouteDefinitionRouteLocator[0;39m - RouteDefinition matched: booking-actuator-health
2026-10-08 20:03:28.443 [catalogWatchTaskScheduler-1] [39mDEBUG[0;39m [36mo.s.c.g.r.RouteDefinitionRouteLocator[0;39m - RouteDefinition payment-actuator-health applying {_genkey_0=/api/payment/actuator/health} to Path
2026-10-08 20:03:28.448 [catalogWatchTaskScheduler-1] [39mDEBUG[0;39m [36mo.s.c.g.r.RouteDefinitionRouteLocator[0;39m - RouteDefinition payment-actuator-health applying filter {_genkey_0=1} to StripPrefix
2026-10-08 20:03:28.449 [catalogWatchTaskScheduler-1] [39mDEBUG[0;39m [36mo.s.c.g.r.RouteDefinitionRouteLocator[0;39m - RouteDefinition matched: payment-actuator-health
2026-10-08 20:03:28.450 [catalogWatchTaskScheduler-1] [39mDEBUG[0;39m [36mo.s.c.g.r.RouteDefinitionRouteLocator[0;39m - RouteDefinition platform-admin applying {_genkey_0=/api/platform/admin/**} to Path
2026-10-08 20:03:28.453 [catalogWatchTaskScheduler-1] [39mDEBUG[0;39m [36mo.s.c.g.r.RouteDefinitionRouteLocator[0;39m - RouteDefinition platform-admin applying filter {_genkey_0=1} to StripPrefix
2026-10-08 20:03:28.456 [catalogWatchTaskScheduler-1] [39mDEBUG[0;39m [36mo.s.c.g.r.RouteDefinitionRouteLocator[0;39m - RouteDefinition matched: platform-admin
2026-10-08 20:03:28.458 [catalogWatchTaskScheduler-1] [39mDEBUG[0;39m [36mo.s.c.g.r.RouteDefinitionRouteLocator[0;39m - RouteDefinition platform-user applying {_genkey_0=/api/platform/user/**} to Path
2026-10-08 20:03:28.459 [catalogWatchTaskScheduler-1] [39mDEBUG[0;39m [36mo.s.c.g.r.RouteDefinitionRouteLocator[0;39m - RouteDefinition platform-user applying filter {_genkey_0=1} to StripPrefix
2026-10-08 20:03:28.462 [catalogWatchTaskScheduler-1] [39mDEBUG[0;39m [36mo.s.c.g.r.RouteDefinitionRouteLocator[0;39m - RouteDefinition matched: platform-user
2026-10-08 20:03:28.462 [catalogWatchTaskScheduler-1] [39mDEBUG[0;39m [36mo.s.c.g.r.RouteDefinitionRouteLocator[0;39m - RouteDefinition platform-other applying {_genkey_0=/api/platform/**} to Path
2026-10-08 20:03:28.463 [catalogWatchTaskScheduler-1] [39mDEBUG[0;39m [36mo.s.c.g.r.RouteDefinitionRouteLocator[0;39m - RouteDefinition platform-other applying filter {_genkey_0=1} to StripPrefix
2026-10-08 20:03:28.466 [catalogWatchTaskScheduler-1] [39mDEBUG[0;39m [36mo.s.c.g.r.RouteDefinitionRouteLocator[0;39m - RouteDefinition matched: platform-other
2026-10-08 20:03:28.466 [catalogWatchTaskScheduler-1] [39mDEBUG[0;39m [36mo.s.c.g.r.RouteDefinitionRouteLocator[0;39m - RouteDefinition booking-service applying {_genkey_0=/api/booking/**} to Path
2026-10-08 20:03:28.467 [catalogWatchTaskScheduler-1] [39mDEBUG[0;39m [36mo.s.c.g.r.RouteDefinitionRouteLocator[0;39m - RouteDefinition booking-service applying filter {_genkey_0=1} to StripPrefix
2026-10-08 20:03:28.471 [catalogWatchTaskScheduler-1] [39mDEBUG[0;39m [36mo.s.c.g.r.RouteDefinitionRouteLocator[0;39m - RouteDefinition matched: booking-service
2026-10-08 20:03:28.471 [catalogWatchTaskScheduler-1] [39mDEBUG[0;39m [36mo.s.c.g.r.RouteDefinitionRouteLocator[0;39m - RouteDefinition payment-service applying {_genkey_0=/api/payment/**} to Path
2026-10-08 20:03:28.473 [catalogWatchTaskScheduler-1] [39mDEBUG[0;39m [36mo.s.c.g.r.RouteDefinitionRouteLocator[0;39m - RouteDefinition payment-service applying filter {_genkey_0=1} to StripPrefix
2026-10-08 20:03:28.473 [catalogWatchTaskScheduler-1] [39mDEBUG[0;39m [36mo.s.c.g.r.RouteDefinitionRouteLocator[0;39m - RouteDefinition matched: payment-service
2026-10-08 20:03:28.474 [catalogWatchTaskScheduler-1] [39mDEBUG[0;39m [36mo.s.c.g.r.RouteDefinitionRouteLocator[0;39m - RouteDefinition platform-actuator applying {_genkey_0=/api/platform/actuator/**} to Path
2026-10-08 20:03:28.475 [catalogWatchTaskScheduler-1] [39mDEBUG[0;39m [36mo.s.c.g.r.RouteDefinitionRouteLocator[0;39m - RouteDefinition platform-actuator applying filter {_genkey_0=1} to StripPrefix
2026-10-08 20:03:28.476 [catalogWatchTaskScheduler-1] [39mDEBUG[0;39m [36mo.s.c.g.r.RouteDefinitionRouteLocator[0;39m - RouteDefinition matched: platform-actuator
2026-10-08 20:03:28.480 [catalogWatchTaskScheduler-1] [39mDEBUG[0;39m [36mo.s.c.g.r.RouteDefinitionRouteLocator[0;39m - RouteDefinition booking-actuator applying {_genkey_0=/api/booking/actuator/**} to Path
2026-10-08 20:03:28.481 [catalogWatchTaskScheduler-1] [39mDEBUG[0;39m [36mo.s.c.g.r.RouteDefinitionRouteLocator[0;39m - RouteDefinition booking-actuator applying filter {_genkey_0=1} to StripPrefix
2026-10-08 20:03:28.484 [catalogWatchTaskScheduler-1] [39mDEBUG[0;39m [36mo.s.c.g.r.RouteDefinitionRouteLocator[0;39m - RouteDefinition matched: booking-actuator
2026-10-08 20:03:28.484 [catalogWatchTaskScheduler-1] [39mDEBUG[0;39m [36mo.s.c.g.r.RouteDefinitionRouteLocator[0;39m - RouteDefinition payment-actuator applying {_genkey_0=/api/payment/actuator/**} to Path
2026-10-08 20:03:28.486 [catalogWatchTaskScheduler-1] [39mDEBUG[0;39m [36mo.s.c.g.r.RouteDefinitionRouteLocator[0;39m - RouteDefinition payment-actuator applying filter {_genkey_0=1} to StripPrefix
2026-10-08 20:03:28.489 [catalogWatchTaskScheduler-1] [39mDEBUG[0;39m [36mo.s.c.g.r.RouteDefinitionRouteLocator[0;39m - RouteDefinition matched: payment-actuator
2026-10-08 20:03:28.490 [catalogWatchTaskScheduler-1] [39mDEBUG[0;39m [36mo.s.c.g.filter.GatewayMetricsFilter[0;39m - New routes count: 17
2026-10-08 20:04:24.944 [catalogWatchTaskScheduler-1] [39mDEBUG[0;39m [36mo.s.c.g.r.RouteDefinitionRouteLocator[0;39m - RouteDefinition platform-public applying {_genkey_0=/api/platform/public/**} to Path
2026-10-08 20:04:24.946 [catalogWatchTaskScheduler-1] [39mDEBUG[0;39m [36mo.s.c.g.r.RouteDefinitionRouteLocator[0;39m - RouteDefinition platform-public applying filter {_genkey_0=1} to StripPrefix
2026-10-08 20:04:24.946 [catalogWatchTaskScheduler-1] [39mDEBUG[0;39m [36mo.s.c.g.r.RouteDefinitionRouteLocator[0;39m - RouteDefinition matched: platform-public
2026-10-08 20:04:24.946 [catalogWatchTaskScheduler-1] [39mDEBUG[0;39m [36mo.s.c.g.r.RouteDefinitionRouteLocator[0;39m - RouteDefinition platform-auth applying {_genkey_0=/api/platform/auth/**} to Path
2026-10-08 20:04:24.948 [catalogWatchTaskScheduler-1] [39mDEBUG[0;39m [36mo.s.c.g.r.RouteDefinitionRouteLocator[0;39m - RouteDefinition platform-auth applying filter {_genkey_0=1} to StripPrefix
2026-10-08 20:04:24.948 [catalogWatchTaskScheduler-1] [39mDEBUG[0;39m [36mo.s.c.g.r.RouteDefinitionRouteLocator[0;39m - RouteDefinition matched: platform-auth
2026-10-08 20:04:24.949 [catalogWatchTaskScheduler-1] [39mDEBUG[0;39m [36mo.s.c.g.r.RouteDefinitionRouteLocator[0;39m - RouteDefinition platform-uploads applying {_genkey_0=/api/uploads/**} to Path
2026-10-08 20:04:24.950 [catalogWatchTaskScheduler-1] [39mDEBUG[0;39m [36mo.s.c.g.r.RouteDefinitionRouteLocator[0;39m - RouteDefinition platform-uploads applying filter {_genkey_0=1} to StripPrefix
2026-10-08 20:04:24.951 [catalogWatchTaskScheduler-1] [39mDEBUG[0;39m [36mo.s.c.g.r.RouteDefinitionRouteLocator[0;39m - RouteDefinition matched: platform-uploads
2026-10-08 20:04:24.951 [catalogWatchTaskScheduler-1] [39mDEBUG[0;39m [36mo.s.c.g.r.RouteDefinitionRouteLocator[0;39m - RouteDefinition platform-api-docs applying {_genkey_0=/api/platform/v3/api-docs/**} to Path
2026-10-08 20:04:24.953 [catalogWatchTaskScheduler-1] [39mDEBUG[0;39m [36mo.s.c.g.r.RouteDefinitionRouteLocator[0;39m - RouteDefinition platform-api-docs applying filter {_genkey_0=1} to StripPrefix
2026-10-08 20:04:24.954 [catalogWatchTaskScheduler-1] [39mDEBUG[0;39m [36mo.s.c.g.r.RouteDefinitionRouteLocator[0;39m - RouteDefinition matched: platform-api-docs
2026-10-08 20:04:24.954 [catalogWatchTaskScheduler-1] [39mDEBUG[0;39m [36mo.s.c.g.r.RouteDefinitionRouteLocator[0;39m - RouteDefinition booking-api-docs applying {_genkey_0=/api/booking/v3/api-docs/**} to Path
2026-10-08 20:04:24.955 [catalogWatchTaskScheduler-1] [39mDEBUG[0;39m [36mo.s.c.g.r.RouteDefinitionRouteLocator[0;39m - RouteDefinition booking-api-docs applying filter {_genkey_0=1} to StripPrefix
2026-10-08 20:04:24.956 [catalogWatchTaskScheduler-1] [39mDEBUG[0;39m [36mo.s.c.g.r.RouteDefinitionRouteLocator[0;39m - RouteDefinition matched: booking-api-docs
2026-10-08 20:04:24.956 [catalogWatchTaskScheduler-1] [39mDEBUG[0;39m [36mo.s.c.g.r.RouteDefinitionRouteLocator[0;39m - RouteDefinition payment-api-docs applying {_genkey_0=/api/payment/v3/api-docs/**} to Path
2026-10-08 20:04:24.957 [catalogWatchTaskScheduler-1] [39mDEBUG[0;39m [36mo.s.c.g.r.RouteDefinitionRouteLocator[0;39m - RouteDefinition payment-api-docs applying filter {_genkey_0=1} to StripPrefix
2026-10-08 20:04:24.958 [catalogWatchTaskScheduler-1] [39mDEBUG[0;39m [36mo.s.c.g.r.RouteDefinitionRouteLocator[0;39m - RouteDefinition matched: payment-api-docs
2026-10-08 20:04:24.958 [catalogWatchTaskScheduler-1] [39mDEBUG[0;39m [36mo.s.c.g.r.RouteDefinitionRouteLocator[0;39m - RouteDefinition platform-actuator-health applying {_genkey_0=/api/platform/actuator/health} to Path
2026-10-08 20:04:24.960 [catalogWatchTaskScheduler-1] [39mDEBUG[0;39m [36mo.s.c.g.r.RouteDefinitionRouteLocator[0;39m - RouteDefinition platform-actuator-health applying filter {_genkey_0=1} to StripPrefix
2026-10-08 20:04:24.960 [catalogWatchTaskScheduler-1] [39mDEBUG[0;39m [36mo.s.c.g.r.RouteDefinitionRouteLocator[0;39m - RouteDefinition matched: platform-actuator-health
2026-10-08 20:04:24.961 [catalogWatchTaskScheduler-1] [39mDEBUG[0;39m [36mo.s.c.g.r.RouteDefinitionRouteLocator[0;39m - RouteDefinition booking-actuator-health applying {_genkey_0=/api/booking/actuator/health} to Path
2026-10-08 20:04:24.962 [catalogWatchTaskScheduler-1] [39mDEBUG[0;39m [36mo.s.c.g.r.RouteDefinitionRouteLocator[0;39m - RouteDefinition booking-actuator-health applying filter {_genkey_0=1} to StripPrefix
2026-10-08 20:04:24.963 [catalogWatchTaskScheduler-1] [39mDEBUG[0;39m [36mo.s.c.g.r.RouteDefinitionRouteLocator[0;39m - RouteDefinition matched: booking-actuator-health
2026-10-08 20:04:24.963 [catalogWatchTaskScheduler-1] [39mDEBUG[0;39m [36mo.s.c.g.r.RouteDefinitionRouteLocator[0;39m - RouteDefinition payment-actuator-health applying {_genkey_0=/api/payment/actuator/health} to Path
2026-10-08 20:04:24.964 [catalogWatchTaskScheduler-1] [39mDEBUG[0;39m [36mo.s.c.g.r.RouteDefinitionRouteLocator[0;39m - RouteDefinition payment-actuator-health applying filter {_genkey_0=1} to StripPrefix
2026-10-08 20:04:24.966 [catalogWatchTaskScheduler-1] [39mDEBUG[0;39m [36mo.s.c.g.r.RouteDefinitionRouteLocator[0;39m - RouteDefinition matched: payment-actuator-health
2026-10-08 20:04:24.966 [catalogWatchTaskScheduler-1] [39mDEBUG[0;39m [36mo.s.c.g.r.RouteDefinitionRouteLocator[0;39m - RouteDefinition platform-admin applying {_genkey_0=/api/platform/admin/**} to Path
2026-10-08 20:04:24.967 [catalogWatchTaskScheduler-1] [39mDEBUG[0;39m [36mo.s.c.g.r.RouteDefinitionRouteLocator[0;39m - RouteDefinition platform-admin applying filter {_genkey_0=1} to StripPrefix
2026-10-08 20:04:24.968 [catalogWatchTaskScheduler-1] [39mDEBUG[0;39m [36mo.s.c.g.r.RouteDefinitionRouteLocator[0;39m - RouteDefinition matched: platform-admin
2026-10-08 20:04:24.968 [catalogWatchTaskScheduler-1] [39mDEBUG[0;39m [36mo.s.c.g.r.RouteDefinitionRouteLocator[0;39m - RouteDefinition platform-user applying {_genkey_0=/api/platform/user/**} to Path
2026-10-08 20:04:24.969 [catalogWatchTaskScheduler-1] [39mDEBUG[0;39m [36mo.s.c.g.r.RouteDefinitionRouteLocator[0;39m - RouteDefinition platform-user applying filter {_genkey_0=1} to StripPrefix
2026-10-08 20:04:24.971 [catalogWatchTaskScheduler-1] [39mDEBUG[0;39m [36mo.s.c.g.r.RouteDefinitionRouteLocator[0;39m - RouteDefinition matched: platform-user
2026-10-08 20:04:24.971 [catalogWatchTaskScheduler-1] [39mDEBUG[0;39m [36mo.s.c.g.r.RouteDefinitionRouteLocator[0;39m - RouteDefinition platform-other applying {_genkey_0=/api/platform/**} to Path
2026-10-08 20:04:24.972 [catalogWatchTaskScheduler-1] [39mDEBUG[0;39m [36mo.s.c.g.r.RouteDefinitionRouteLocator[0;39m - RouteDefinition platform-other applying filter {_genkey_0=1} to StripPrefix
2026-10-08 20:04:24.974 [catalogWatchTaskScheduler-1] [39mDEBUG[0;39m [36mo.s.c.g.r.RouteDefinitionRouteLocator[0;39m - RouteDefinition matched: platform-other
2026-10-08 20:04:24.974 [catalogWatchTaskScheduler-1] [39mDEBUG[0;39m [36mo.s.c.g.r.RouteDefinitionRouteLocator[0;39m - RouteDefinition booking-service applying {_genkey_0=/api/booking/**} to Path
2026-10-08 20:04:24.975 [catalogWatchTaskScheduler-1] [39mDEBUG[0;39m [36mo.s.c.g.r.RouteDefinitionRouteLocator[0;39m - RouteDefinition booking-service applying filter {_genkey_0=1} to StripPrefix
2026-10-08 20:04:24.975 [catalogWatchTaskScheduler-1] [39mDEBUG[0;39m [36mo.s.c.g.r.RouteDefinitionRouteLocator[0;39m - RouteDefinition matched: booking-service
2026-10-08 20:04:24.978 [catalogWatchTaskScheduler-1] [39mDEBUG[0;39m [36mo.s.c.g.r.RouteDefinitionRouteLocator[0;39m - RouteDefinition payment-service applying {_genkey_0=/api/payment/**} to Path
2026-10-08 20:04:24.978 [catalogWatchTaskScheduler-1] [39mDEBUG[0;39m [36mo.s.c.g.r.RouteDefinitionRouteLocator[0;39m - RouteDefinition payment-service applying filter {_genkey_0=1} to StripPrefix
2026-10-08 20:04:24.978 [catalogWatchTaskScheduler-1] [39mDEBUG[0;39m [36mo.s.c.g.r.RouteDefinitionRouteLocator[0;39m - RouteDefinition matched: payment-service
2026-10-08 20:04:24.978 [catalogWatchTaskScheduler-1] [39mDEBUG[0;39m [36mo.s.c.g.r.RouteDefinitionRouteLocator[0;39m - RouteDefinition platform-actuator applying {_genkey_0=/api/platform/actuator/**} to Path
2026-10-08 20:04:24.978 [catalogWatchTaskScheduler-1] [39mDEBUG[0;39m [36mo.s.c.g.r.RouteDefinitionRouteLocator[0;39m - RouteDefinition platform-actuator applying filter {_genkey_0=1} to StripPrefix
2026-10-08 20:04:24.978 [catalogWatchTaskScheduler-1] [39mDEBUG[0;39m [36mo.s.c.g.r.RouteDefinitionRouteLocator[0;39m - RouteDefinition matched: platform-actuator
2026-10-08 20:04:24.978 [catalogWatchTaskScheduler-1] [39mDEBUG[0;39m [36mo.s.c.g.r.RouteDefinitionRouteLocator[0;39m - RouteDefinition booking-actuator applying {_genkey_0=/api/booking/actuator/**} to Path
2026-10-08 20:04:24.978 [catalogWatchTaskScheduler-1] [39mDEBUG[0;39m [36mo.s.c.g.r.RouteDefinitionRouteLocator[0;39m - RouteDefinition booking-actuator applying filter {_genkey_0=1} to StripPrefix
2026-10-08 20:04:24.984 [catalogWatchTaskScheduler-1] [39mDEBUG[0;39m [36mo.s.c.g.r.RouteDefinitionRouteLocator[0;39m - RouteDefinition matched: booking-actuator
2026-10-08 20:04:24.984 [catalogWatchTaskScheduler-1] [39mDEBUG[0;39m [36mo.s.c.g.r.RouteDefinitionRouteLocator[0;39m - RouteDefinition payment-actuator applying {_genkey_0=/api/payment/actuator/**} to Path
2026-10-08 20:04:24.985 [catalogWatchTaskScheduler-1] [39mDEBUG[0;39m [36mo.s.c.g.r.RouteDefinitionRouteLocator[0;39m - RouteDefinition payment-actuator applying filter {_genkey_0=1} to StripPrefix
2026-10-08 20:04:24.985 [catalogWatchTaskScheduler-1] [39mDEBUG[0;39m [36mo.s.c.g.r.RouteDefinitionRouteLocator[0;39m - RouteDefinition matched: payment-actuator
2026-10-08 20:04:24.985 [catalogWatchTaskScheduler-1] [39mDEBUG[0;39m [36mo.s.c.g.filter.GatewayMetricsFilter[0;39m - New routes count: 17
2026-10-08 20:04:35.263 [catalogWatchTaskScheduler-1] [39mDEBUG[0;39m [36mo.s.c.g.r.RouteDefinitionRouteLocator[0;39m - RouteDefinition platform-public applying {_genkey_0=/api/platform/public/**} to Path
2026-10-08 20:04:35.264 [catalogWatchTaskScheduler-1] [39mDEBUG[0;39m [36mo.s.c.g.r.RouteDefinitionRouteLocator[0;39m - RouteDefinition platform-public applying filter {_genkey_0=1} to StripPrefix
2026-10-08 20:04:35.264 [catalogWatchTaskScheduler-1] [39mDEBUG[0;39m [36mo.s.c.g.r.RouteDefinitionRouteLocator[0;39m - RouteDefinition matched: platform-public
2026-10-08 20:04:35.264 [catalogWatchTaskScheduler-1] [39mDEBUG[0;39m [36mo.s.c.g.r.RouteDefinitionRouteLocator[0;39m - RouteDefinition platform-auth applying {_genkey_0=/api/platform/auth/**} to Path
2026-10-08 20:04:35.265 [catalogWatchTaskScheduler-1] [39mDEBUG[0;39m [36mo.s.c.g.r.RouteDefinitionRouteLocator[0;39m - RouteDefinition platform-auth applying filter {_genkey_0=1} to StripPrefix
2026-10-08 20:04:35.266 [catalogWatchTaskScheduler-1] [39mDEBUG[0;39m [36mo.s.c.g.r.RouteDefinitionRouteLocator[0;39m - RouteDefinition matched: platform-auth
2026-10-08 20:04:35.267 [catalogWatchTaskScheduler-1] [39mDEBUG[0;39m [36mo.s.c.g.r.RouteDefinitionRouteLocator[0;39m - RouteDefinition platform-uploads applying {_genkey_0=/api/uploads/**} to Path
2026-10-08 20:04:35.268 [catalogWatchTaskScheduler-1] [39mDEBUG[0;39m [36mo.s.c.g.r.RouteDefinitionRouteLocator[0;39m - RouteDefinition platform-uploads applying filter {_genkey_0=1} to StripPrefix
2026-10-08 20:04:35.268 [catalogWatchTaskScheduler-1] [39mDEBUG[0;39m [36mo.s.c.g.r.RouteDefinitionRouteLocator[0;39m - RouteDefinition matched: platform-uploads
2026-10-08 20:04:35.268 [catalogWatchTaskScheduler-1] [39mDEBUG[0;39m [36mo.s.c.g.r.RouteDefinitionRouteLocator[0;39m - RouteDefinition platform-api-docs applying {_genkey_0=/api/platform/v3/api-docs/**} to Path
2026-10-08 20:04:35.269 [catalogWatchTaskScheduler-1] [39mDEBUG[0;39m [36mo.s.c.g.r.RouteDefinitionRouteLocator[0;39m - RouteDefinition platform-api-docs applying filter {_genkey_0=1} to StripPrefix
2026-10-08 20:04:35.270 [catalogWatchTaskScheduler-1] [39mDEBUG[0;39m [36mo.s.c.g.r.RouteDefinitionRouteLocator[0;39m - RouteDefinition matched: platform-api-docs
2026-10-08 20:04:35.271 [catalogWatchTaskScheduler-1] [39mDEBUG[0;39m [36mo.s.c.g.r.RouteDefinitionRouteLocator[0;39m - RouteDefinition booking-api-docs applying {_genkey_0=/api/booking/v3/api-docs/**} to Path
2026-10-08 20:04:35.271 [catalogWatchTaskScheduler-1] [39mDEBUG[0;39m [36mo.s.c.g.r.RouteDefinitionRouteLocator[0;39m - RouteDefinition booking-api-docs applying filter {_genkey_0=1} to StripPrefix
2026-10-08 20:04:35.272 [catalogWatchTaskScheduler-1] [39mDEBUG[0;39m [36mo.s.c.g.r.RouteDefinitionRouteLocator[0;39m - RouteDefinition matched: booking-api-docs
2026-10-08 20:04:35.272 [catalogWatchTaskScheduler-1] [39mDEBUG[0;39m [36mo.s.c.g.r.RouteDefinitionRouteLocator[0;39m - RouteDefinition payment-api-docs applying {_genkey_0=/api/payment/v3/api-docs/**} to Path
2026-10-08 20:04:35.274 [catalogWatchTaskScheduler-1] [39mDEBUG[0;39m [36mo.s.c.g.r.RouteDefinitionRouteLocator[0;39m - RouteDefinition payment-api-docs applying filter {_genkey_0=1} to StripPrefix
2026-10-08 20:04:35.274 [catalogWatchTaskScheduler-1] [39mDEBUG[0;39m [36mo.s.c.g.r.RouteDefinitionRouteLocator[0;39m - RouteDefinition matched: payment-api-docs
2026-10-08 20:04:35.274 [catalogWatchTaskScheduler-1] [39mDEBUG[0;39m [36mo.s.c.g.r.RouteDefinitionRouteLocator[0;39m - RouteDefinition platform-actuator-health applying {_genkey_0=/api/platform/actuator/health} to Path
2026-10-08 20:04:35.276 [catalogWatchTaskScheduler-1] [39mDEBUG[0;39m [36mo.s.c.g.r.RouteDefinitionRouteLocator[0;39m - RouteDefinition platform-actuator-health applying filter {_genkey_0=1} to StripPrefix
2026-10-08 20:04:35.277 [catalogWatchTaskScheduler-1] [39mDEBUG[0;39m [36mo.s.c.g.r.RouteDefinitionRouteLocator[0;39m - RouteDefinition matched: platform-actuator-health
2026-10-08 20:04:35.277 [catalogWatchTaskScheduler-1] [39mDEBUG[0;39m [36mo.s.c.g.r.RouteDefinitionRouteLocator[0;39m - RouteDefinition booking-actuator-health applying {_genkey_0=/api/booking/actuator/health} to Path
2026-10-08 20:04:35.279 [catalogWatchTaskScheduler-1] [39mDEBUG[0;39m [36mo.s.c.g.r.RouteDefinitionRouteLocator[0;39m - RouteDefinition booking-actuator-health applying filter {_genkey_0=1} to StripPrefix
2026-10-08 20:04:35.281 [catalogWatchTaskScheduler-1] [39mDEBUG[0;39m [36mo.s.c.g.r.RouteDefinitionRouteLocator[0;39m - RouteDefinition matched: booking-actuator-health
2026-10-08 20:04:35.283 [catalogWatchTaskScheduler-1] [39mDEBUG[0;39m [36mo.s.c.g.r.RouteDefinitionRouteLocator[0;39m - RouteDefinition payment-actuator-health applying {_genkey_0=/api/payment/actuator/health} to Path
2026-10-08 20:04:35.284 [catalogWatchTaskScheduler-1] [39mDEBUG[0;39m [36mo.s.c.g.r.RouteDefinitionRouteLocator[0;39m - RouteDefinition payment-actuator-health applying filter {_genkey_0=1} to StripPrefix
2026-10-08 20:04:35.285 [catalogWatchTaskScheduler-1] [39mDEBUG[0;39m [36mo.s.c.g.r.RouteDefinitionRouteLocator[0;39m - RouteDefinition matched: payment-actuator-health
2026-10-08 20:04:35.285 [catalogWatchTaskScheduler-1] [39mDEBUG[0;39m [36mo.s.c.g.r.RouteDefinitionRouteLocator[0;39m - RouteDefinition platform-admin applying {_genkey_0=/api/platform/admin/**} to Path
2026-10-08 20:04:35.287 [catalogWatchTaskScheduler-1] [39mDEBUG[0;39m [36mo.s.c.g.r.RouteDefinitionRouteLocator[0;39m - RouteDefinition platform-admin applying filter {_genkey_0=1} to StripPrefix
2026-10-08 20:04:35.289 [catalogWatchTaskScheduler-1] [39mDEBUG[0;39m [36mo.s.c.g.r.RouteDefinitionRouteLocator[0;39m - RouteDefinition matched: platform-admin
2026-10-08 20:04:35.289 [catalogWatchTaskScheduler-1] [39mDEBUG[0;39m [36mo.s.c.g.r.RouteDefinitionRouteLocator[0;39m - RouteDefinition platform-user applying {_genkey_0=/api/platform/user/**} to Path
2026-10-08 20:04:35.291 [catalogWatchTaskScheduler-1] [39mDEBUG[0;39m [36mo.s.c.g.r.RouteDefinitionRouteLocator[0;39m - RouteDefinition platform-user applying filter {_genkey_0=1} to StripPrefix
2026-10-08 20:04:35.295 [catalogWatchTaskScheduler-1] [39mDEBUG[0;39m [36mo.s.c.g.r.RouteDefinitionRouteLocator[0;39m - RouteDefinition matched: platform-user
2026-10-08 20:04:35.295 [catalogWatchTaskScheduler-1] [39mDEBUG[0;39m [36mo.s.c.g.r.RouteDefinitionRouteLocator[0;39m - RouteDefinition platform-other applying {_genkey_0=/api/platform/**} to Path
2026-10-08 20:04:35.296 [catalogWatchTaskScheduler-1] [39mDEBUG[0;39m [36mo.s.c.g.r.RouteDefinitionRouteLocator[0;39m - RouteDefinition platform-other applying filter {_genkey_0=1} to StripPrefix
2026-10-08 20:04:35.298 [catalogWatchTaskScheduler-1] [39mDEBUG[0;39m [36mo.s.c.g.r.RouteDefinitionRouteLocator[0;39m - RouteDefinition matched: platform-other
2026-10-08 20:04:35.298 [catalogWatchTaskScheduler-1] [39mDEBUG[0;39m [36mo.s.c.g.r.RouteDefinitionRouteLocator[0;39m - RouteDefinition booking-service applying {_genkey_0=/api/booking/**} to Path
2026-10-08 20:04:35.301 [catalogWatchTaskScheduler-1] [39mDEBUG[0;39m [36mo.s.c.g.r.RouteDefinitionRouteLocator[0;39m - RouteDefinition booking-service applying filter {_genkey_0=1} to StripPrefix
2026-10-08 20:04:35.303 [catalogWatchTaskScheduler-1] [39mDEBUG[0;39m [36mo.s.c.g.r.RouteDefinitionRouteLocator[0;39m - RouteDefinition matched: booking-service
2026-10-08 20:04:35.303 [catalogWatchTaskScheduler-1] [39mDEBUG[0;39m [36mo.s.c.g.r.RouteDefinitionRouteLocator[0;39m - RouteDefinition payment-service applying {_genkey_0=/api/payment/**} to Path
2026-10-08 20:04:35.304 [catalogWatchTaskScheduler-1] [39mDEBUG[0;39m [36mo.s.c.g.r.RouteDefinitionRouteLocator[0;39m - RouteDefinition payment-service applying filter {_genkey_0=1} to StripPrefix
2026-10-08 20:04:35.305 [catalogWatchTaskScheduler-1] [39mDEBUG[0;39m [36mo.s.c.g.r.RouteDefinitionRouteLocator[0;39m - RouteDefinition matched: payment-service
2026-10-08 20:04:35.305 [catalogWatchTaskScheduler-1] [39mDEBUG[0;39m [36mo.s.c.g.r.RouteDefinitionRouteLocator[0;39m - RouteDefinition platform-actuator applying {_genkey_0=/api/platform/actuator/**} to Path
2026-10-08 20:04:35.308 [catalogWatchTaskScheduler-1] [39mDEBUG[0;39m [36mo.s.c.g.r.RouteDefinitionRouteLocator[0;39m - RouteDefinition platform-actuator applying filter {_genkey_0=1} to StripPrefix
2026-10-08 20:04:35.309 [catalogWatchTaskScheduler-1] [39mDEBUG[0;39m [36mo.s.c.g.r.RouteDefinitionRouteLocator[0;39m - RouteDefinition matched: platform-actuator
2026-10-08 20:04:35.309 [catalogWatchTaskScheduler-1] [39mDEBUG[0;39m [36mo.s.c.g.r.RouteDefinitionRouteLocator[0;39m - RouteDefinition booking-actuator applying {_genkey_0=/api/booking/actuator/**} to Path
2026-10-08 20:04:35.311 [catalogWatchTaskScheduler-1] [39mDEBUG[0;39m [36mo.s.c.g.r.RouteDefinitionRouteLocator[0;39m - RouteDefinition booking-actuator applying filter {_genkey_0=1} to StripPrefix
2026-10-08 20:04:35.312 [catalogWatchTaskScheduler-1] [39mDEBUG[0;39m [36mo.s.c.g.r.RouteDefinitionRouteLocator[0;39m - RouteDefinition matched: booking-actuator
2026-10-08 20:04:35.313 [catalogWatchTaskScheduler-1] [39mDEBUG[0;39m [36mo.s.c.g.r.RouteDefinitionRouteLocator[0;39m - RouteDefinition payment-actuator applying {_genkey_0=/api/payment/actuator/**} to Path
2026-10-08 20:04:35.315 [catalogWatchTaskScheduler-1] [39mDEBUG[0;39m [36mo.s.c.g.r.RouteDefinitionRouteLocator[0;39m - RouteDefinition payment-actuator applying filter {_genkey_0=1} to StripPrefix
2026-10-08 20:04:35.316 [catalogWatchTaskScheduler-1] [39mDEBUG[0;39m [36mo.s.c.g.r.RouteDefinitionRouteLocator[0;39m - RouteDefinition matched: payment-actuator
2026-10-08 20:04:35.319 [catalogWatchTaskScheduler-1] [39mDEBUG[0;39m [36mo.s.c.g.filter.GatewayMetricsFilter[0;39m - New routes count: 17
2026-10-08 20:05:26.207 [catalogWatchTaskScheduler-1] [39mDEBUG[0;39m [36mo.s.c.g.r.RouteDefinitionRouteLocator[0;39m - RouteDefinition platform-public applying {_genkey_0=/api/platform/public/**} to Path
2026-10-08 20:05:26.208 [catalogWatchTaskScheduler-1] [39mDEBUG[0;39m [36mo.s.c.g.r.RouteDefinitionRouteLocator[0;39m - RouteDefinition platform-public applying filter {_genkey_0=1} to StripPrefix
2026-10-08 20:05:26.208 [catalogWatchTaskScheduler-1] [39mDEBUG[0;39m [36mo.s.c.g.r.RouteDefinitionRouteLocator[0;39m - RouteDefinition matched: platform-public
2026-10-08 20:05:26.209 [catalogWatchTaskScheduler-1] [39mDEBUG[0;39m [36mo.s.c.g.r.RouteDefinitionRouteLocator[0;39m - RouteDefinition platform-auth applying {_genkey_0=/api/platform/auth/**} to Path
2026-10-08 20:05:26.210 [catalogWatchTaskScheduler-1] [39mDEBUG[0;39m [36mo.s.c.g.r.RouteDefinitionRouteLocator[0;39m - RouteDefinition platform-auth applying filter {_genkey_0=1} to StripPrefix
2026-10-08 20:05:26.210 [catalogWatchTaskScheduler-1] [39mDEBUG[0;39m [36mo.s.c.g.r.RouteDefinitionRouteLocator[0;39m - RouteDefinition matched: platform-auth
2026-10-08 20:05:26.210 [catalogWatchTaskScheduler-1] [39mDEBUG[0;39m [36mo.s.c.g.r.RouteDefinitionRouteLocator[0;39m - RouteDefinition platform-uploads applying {_genkey_0=/api/uploads/**} to Path
2026-10-08 20:05:26.211 [catalogWatchTaskScheduler-1] [39mDEBUG[0;39m [36mo.s.c.g.r.RouteDefinitionRouteLocator[0;39m - RouteDefinition platform-uploads applying filter {_genkey_0=1} to StripPrefix
2026-10-08 20:05:26.212 [catalogWatchTaskScheduler-1] [39mDEBUG[0;39m [36mo.s.c.g.r.RouteDefinitionRouteLocator[0;39m - RouteDefinition matched: platform-uploads
2026-10-08 20:05:26.212 [catalogWatchTaskScheduler-1] [39mDEBUG[0;39m [36mo.s.c.g.r.RouteDefinitionRouteLocator[0;39m - RouteDefinition platform-api-docs applying {_genkey_0=/api/platform/v3/api-docs/**} to Path
2026-10-08 20:05:26.213 [catalogWatchTaskScheduler-1] [39mDEBUG[0;39m [36mo.s.c.g.r.RouteDefinitionRouteLocator[0;39m - RouteDefinition platform-api-docs applying filter {_genkey_0=1} to StripPrefix
2026-10-08 20:05:26.214 [catalogWatchTaskScheduler-1] [39mDEBUG[0;39m [36mo.s.c.g.r.RouteDefinitionRouteLocator[0;39m - RouteDefinition matched: platform-api-docs
2026-10-08 20:05:26.214 [catalogWatchTaskScheduler-1] [39mDEBUG[0;39m [36mo.s.c.g.r.RouteDefinitionRouteLocator[0;39m - RouteDefinition booking-api-docs applying {_genkey_0=/api/booking/v3/api-docs/**} to Path
2026-10-08 20:05:26.216 [catalogWatchTaskScheduler-1] [39mDEBUG[0;39m [36mo.s.c.g.r.RouteDefinitionRouteLocator[0;39m - RouteDefinition booking-api-docs applying filter {_genkey_0=1} to StripPrefix
2026-10-08 20:05:26.216 [catalogWatchTaskScheduler-1] [39mDEBUG[0;39m [36mo.s.c.g.r.RouteDefinitionRouteLocator[0;39m - RouteDefinition matched: booking-api-docs
2026-10-08 20:05:26.216 [catalogWatchTaskScheduler-1] [39mDEBUG[0;39m [36mo.s.c.g.r.RouteDefinitionRouteLocator[0;39m - RouteDefinition payment-api-docs applying {_genkey_0=/api/payment/v3/api-docs/**} to Path
2026-10-08 20:05:26.217 [catalogWatchTaskScheduler-1] [39mDEBUG[0;39m [36mo.s.c.g.r.RouteDefinitionRouteLocator[0;39m - RouteDefinition payment-api-docs applying filter {_genkey_0=1} to StripPrefix
2026-10-08 20:05:26.218 [catalogWatchTaskScheduler-1] [39mDEBUG[0;39m [36mo.s.c.g.r.RouteDefinitionRouteLocator[0;39m - RouteDefinition matched: payment-api-docs
2026-10-08 20:05:26.218 [catalogWatchTaskScheduler-1] [39mDEBUG[0;39m [36mo.s.c.g.r.RouteDefinitionRouteLocator[0;39m - RouteDefinition platform-actuator-health applying {_genkey_0=/api/platform/actuator/health} to Path
2026-10-08 20:05:26.219 [catalogWatchTaskScheduler-1] [39mDEBUG[0;39m [36mo.s.c.g.r.RouteDefinitionRouteLocator[0;39m - RouteDefinition platform-actuator-health applying filter {_genkey_0=1} to StripPrefix
2026-10-08 20:05:26.220 [catalogWatchTaskScheduler-1] [39mDEBUG[0;39m [36mo.s.c.g.r.RouteDefinitionRouteLocator[0;39m - RouteDefinition matched: platform-actuator-health
2026-10-08 20:05:26.220 [catalogWatchTaskScheduler-1] [39mDEBUG[0;39m [36mo.s.c.g.r.RouteDefinitionRouteLocator[0;39m - RouteDefinition booking-actuator-health applying {_genkey_0=/api/booking/actuator/health} to Path
2026-10-08 20:05:26.222 [catalogWatchTaskScheduler-1] [39mDEBUG[0;39m [36mo.s.c.g.r.RouteDefinitionRouteLocator[0;39m - RouteDefinition booking-actuator-health applying filter {_genkey_0=1} to StripPrefix
2026-10-08 20:05:26.224 [catalogWatchTaskScheduler-1] [39mDEBUG[0;39m [36mo.s.c.g.r.RouteDefinitionRouteLocator[0;39m - RouteDefinition matched: booking-actuator-health
2026-10-08 20:05:26.224 [catalogWatchTaskScheduler-1] [39mDEBUG[0;39m [36mo.s.c.g.r.RouteDefinitionRouteLocator[0;39m - RouteDefinition payment-actuator-health applying {_genkey_0=/api/payment/actuator/health} to Path
2026-10-08 20:05:26.229 [catalogWatchTaskScheduler-1] [39mDEBUG[0;39m [36mo.s.c.g.r.RouteDefinitionRouteLocator[0;39m - RouteDefinition payment-actuator-health applying filter {_genkey_0=1} to StripPrefix
2026-10-08 20:05:26.230 [catalogWatchTaskScheduler-1] [39mDEBUG[0;39m [36mo.s.c.g.r.RouteDefinitionRouteLocator[0;39m - RouteDefinition matched: payment-actuator-health
2026-10-08 20:05:26.230 [catalogWatchTaskScheduler-1] [39mDEBUG[0;39m [36mo.s.c.g.r.RouteDefinitionRouteLocator[0;39m - RouteDefinition platform-admin applying {_genkey_0=/api/platform/admin/**} to Path
2026-10-08 20:05:26.232 [catalogWatchTaskScheduler-1] [39mDEBUG[0;39m [36mo.s.c.g.r.RouteDefinitionRouteLocator[0;39m - RouteDefinition platform-admin applying filter {_genkey_0=1} to StripPrefix
2026-10-08 20:05:26.234 [catalogWatchTaskScheduler-1] [39mDEBUG[0;39m [36mo.s.c.g.r.RouteDefinitionRouteLocator[0;39m - RouteDefinition matched: platform-admin
2026-10-08 20:05:26.235 [catalogWatchTaskScheduler-1] [39mDEBUG[0;39m [36mo.s.c.g.r.RouteDefinitionRouteLocator[0;39m - RouteDefinition platform-user applying {_genkey_0=/api/platform/user/**} to Path
2026-10-08 20:05:26.237 [catalogWatchTaskScheduler-1] [39mDEBUG[0;39m [36mo.s.c.g.r.RouteDefinitionRouteLocator[0;39m - RouteDefinition platform-user applying filter {_genkey_0=1} to StripPrefix
2026-10-08 20:05:26.238 [catalogWatchTaskScheduler-1] [39mDEBUG[0;39m [36mo.s.c.g.r.RouteDefinitionRouteLocator[0;39m - RouteDefinition matched: platform-user
2026-10-08 20:05:26.238 [catalogWatchTaskScheduler-1] [39mDEBUG[0;39m [36mo.s.c.g.r.RouteDefinitionRouteLocator[0;39m - RouteDefinition platform-other applying {_genkey_0=/api/platform/**} to Path
2026-10-08 20:05:26.239 [catalogWatchTaskScheduler-1] [39mDEBUG[0;39m [36mo.s.c.g.r.RouteDefinitionRouteLocator[0;39m - RouteDefinition platform-other applying filter {_genkey_0=1} to StripPrefix
2026-10-08 20:05:26.240 [catalogWatchTaskScheduler-1] [39mDEBUG[0;39m [36mo.s.c.g.r.RouteDefinitionRouteLocator[0;39m - RouteDefinition matched: platform-other
2026-10-08 20:05:26.241 [catalogWatchTaskScheduler-1] [39mDEBUG[0;39m [36mo.s.c.g.r.RouteDefinitionRouteLocator[0;39m - RouteDefinition booking-service applying {_genkey_0=/api/booking/**} to Path
2026-10-08 20:05:26.241 [catalogWatchTaskScheduler-1] [39mDEBUG[0;39m [36mo.s.c.g.r.RouteDefinitionRouteLocator[0;39m - RouteDefinition booking-service applying filter {_genkey_0=1} to StripPrefix
2026-10-08 20:05:26.242 [catalogWatchTaskScheduler-1] [39mDEBUG[0;39m [36mo.s.c.g.r.RouteDefinitionRouteLocator[0;39m - RouteDefinition matched: booking-service
2026-10-08 20:05:26.242 [catalogWatchTaskScheduler-1] [39mDEBUG[0;39m [36mo.s.c.g.r.RouteDefinitionRouteLocator[0;39m - RouteDefinition payment-service applying {_genkey_0=/api/payment/**} to Path
2026-10-08 20:05:26.243 [catalogWatchTaskScheduler-1] [39mDEBUG[0;39m [36mo.s.c.g.r.RouteDefinitionRouteLocator[0;39m - RouteDefinition payment-service applying filter {_genkey_0=1} to StripPrefix
2026-10-08 20:05:26.245 [catalogWatchTaskScheduler-1] [39mDEBUG[0;39m [36mo.s.c.g.r.RouteDefinitionRouteLocator[0;39m - RouteDefinition matched: payment-service
2026-10-08 20:05:26.245 [catalogWatchTaskScheduler-1] [39mDEBUG[0;39m [36mo.s.c.g.r.RouteDefinitionRouteLocator[0;39m - RouteDefinition platform-actuator applying {_genkey_0=/api/platform/actuator/**} to Path
2026-10-08 20:05:26.247 [catalogWatchTaskScheduler-1] [39mDEBUG[0;39m [36mo.s.c.g.r.RouteDefinitionRouteLocator[0;39m - RouteDefinition platform-actuator applying filter {_genkey_0=1} to StripPrefix
2026-10-08 20:05:26.248 [catalogWatchTaskScheduler-1] [39mDEBUG[0;39m [36mo.s.c.g.r.RouteDefinitionRouteLocator[0;39m - RouteDefinition matched: platform-actuator
2026-10-08 20:05:26.249 [catalogWatchTaskScheduler-1] [39mDEBUG[0;39m [36mo.s.c.g.r.RouteDefinitionRouteLocator[0;39m - RouteDefinition booking-actuator applying {_genkey_0=/api/booking/actuator/**} to Path
2026-10-08 20:05:26.249 [catalogWatchTaskScheduler-1] [39mDEBUG[0;39m [36mo.s.c.g.r.RouteDefinitionRouteLocator[0;39m - RouteDefinition booking-actuator applying filter {_genkey_0=1} to StripPrefix
2026-10-08 20:05:26.251 [catalogWatchTaskScheduler-1] [39mDEBUG[0;39m [36mo.s.c.g.r.RouteDefinitionRouteLocator[0;39m - RouteDefinition matched: booking-actuator
2026-10-08 20:05:26.251 [catalogWatchTaskScheduler-1] [39mDEBUG[0;39m [36mo.s.c.g.r.RouteDefinitionRouteLocator[0;39m - RouteDefinition payment-actuator applying {_genkey_0=/api/payment/actuator/**} to Path
2026-10-08 20:05:26.252 [catalogWatchTaskScheduler-1] [39mDEBUG[0;39m [36mo.s.c.g.r.RouteDefinitionRouteLocator[0;39m - RouteDefinition payment-actuator applying filter {_genkey_0=1} to StripPrefix
2026-10-08 20:05:26.253 [catalogWatchTaskScheduler-1] [39mDEBUG[0;39m [36mo.s.c.g.r.RouteDefinitionRouteLocator[0;39m - RouteDefinition matched: payment-actuator
2026-10-08 20:05:26.254 [catalogWatchTaskScheduler-1] [39mDEBUG[0;39m [36mo.s.c.g.filter.GatewayMetricsFilter[0;39m - New routes count: 17
2026-10-08 20:11:43.786 [reactor-http-nio-12] [39mDEBUG[0;39m [36mo.s.c.g.h.RoutePredicateHandlerMapping[0;39m - Route matched: platform-user
2026-10-08 20:11:43.786 [reactor-http-nio-11] [39mDEBUG[0;39m [36mo.s.c.g.h.RoutePredicateHandlerMapping[0;39m - Route matched: platform-admin
2026-10-08 20:11:43.786 [reactor-http-nio-11] [39mDEBUG[0;39m [36mo.s.c.g.h.RoutePredicateHandlerMapping[0;39m - Mapping [Exchange: GET http://localhost:8086/api/platform/admin/categories] to Route{id='platform-admin', uri=lb://MOMENT-FOREVER-PLATFORM, order=0, predicate=Paths: [/api/platform/admin/**], match trailing slash: true, gatewayFilters=[[[StripPrefix parts = 1], order = 1]], metadata={requires-auth=true}}
2026-10-08 20:11:43.786 [reactor-http-nio-12] [39mDEBUG[0;39m [36mo.s.c.g.h.RoutePredicateHandlerMapping[0;39m - Mapping [Exchange: GET http://localhost:8086/api/platform/user/profile] to Route{id='platform-user', uri=lb://MOMENT-FOREVER-PLATFORM, order=0, predicate=Paths: [/api/platform/user/**], match trailing slash: true, gatewayFilters=[[[StripPrefix parts = 1], order = 1]], metadata={requires-auth=true}}
2026-10-08 20:11:43.787 [reactor-http-nio-11] [39mDEBUG[0;39m [36mo.s.c.g.h.RoutePredicateHandlerMapping[0;39m - [4dd33e16-379] Mapped to org.springframework.cloud.gateway.handler.FilteringWebHandler@3f7c6365
2026-10-08 20:11:43.787 [reactor-http-nio-12] [39mDEBUG[0;39m [36mo.s.c.g.h.RoutePredicateHandlerMapping[0;39m - [3a517584-380] Mapped to org.springframework.cloud.gateway.handler.FilteringWebHandler@3f7c6365
2026-10-08 20:11:43.787 [reactor-http-nio-12] [39mDEBUG[0;39m [36mo.s.c.g.handler.FilteringWebHandler[0;39m - Sorted gatewayFilterFactories: [[GatewayFilterAdapter{delegate=org.springframework.cloud.gateway.filter.RemoveCachedBodyFilter@7227926b}, order = -2147483648], [GatewayFilterAdapter{delegate=org.springframework.cloud.gateway.filter.AdaptCachedBodyGlobalFilter@79617c3d}, order = -2147482648], [GatewayFilterAdapter{delegate=com.forvmom.MomentForeverAPIGateway.filter.JwtAuthenticationFilter@35a9e665}, order = -1], [GatewayFilterAdapter{delegate=org.springframework.cloud.gateway.filter.NettyWriteResponseFilter@1b632442}, order = -1], [GatewayFilterAdapter{delegate=org.springframework.cloud.gateway.filter.ForwardPathFilter@57a982f9}, order = 0], [GatewayFilterAdapter{delegate=org.springframework.cloud.gateway.filter.GatewayMetricsFilter@1b69fc07}, order = 0], [[StripPrefix parts = 1], order = 1], [GatewayFilterAdapter{delegate=org.springframework.cloud.gateway.filter.RouteToRequestUrlFilter@2f75a9b1}, order = 10000], [GatewayFilterAdapter{delegate=org.springframework.cloud.gateway.filter.ReactiveLoadBalancerClientFilter@362be0cd}, order = 10150], [GatewayFilterAdapter{delegate=org.springframework.cloud.gateway.filter.LoadBalancerServiceInstanceCookieFilter@2dde0a34}, order = 10151], [GatewayFilterAdapter{delegate=org.springframework.cloud.gateway.filter.WebsocketRoutingFilter@19d3f6ad}, order = 2147483646], [GatewayFilterAdapter{delegate=com.forvmom.MomentForeverAPIGateway.filter.GatewayRequestLoggingFilter@6a04d2a4}, order = 2147483647], [GatewayFilterAdapter{delegate=org.springframework.cloud.gateway.filter.NettyRoutingFilter@61836cd9}, order = 2147483647], [GatewayFilterAdapter{delegate=org.springframework.cloud.gateway.filter.ForwardRoutingFilter@556aed22}, order = 2147483647]]
2026-10-08 20:11:43.787 [reactor-http-nio-11] [39mDEBUG[0;39m [36mo.s.c.g.handler.FilteringWebHandler[0;39m - Sorted gatewayFilterFactories: [[GatewayFilterAdapter{delegate=org.springframework.cloud.gateway.filter.RemoveCachedBodyFilter@7227926b}, order = -2147483648], [GatewayFilterAdapter{delegate=org.springframework.cloud.gateway.filter.AdaptCachedBodyGlobalFilter@79617c3d}, order = -2147482648], [GatewayFilterAdapter{delegate=com.forvmom.MomentForeverAPIGateway.filter.JwtAuthenticationFilter@35a9e665}, order = -1], [GatewayFilterAdapter{delegate=org.springframework.cloud.gateway.filter.NettyWriteResponseFilter@1b632442}, order = -1], [GatewayFilterAdapter{delegate=org.springframework.cloud.gateway.filter.ForwardPathFilter@57a982f9}, order = 0], [GatewayFilterAdapter{delegate=org.springframework.cloud.gateway.filter.GatewayMetricsFilter@1b69fc07}, order = 0], [[StripPrefix parts = 1], order = 1], [GatewayFilterAdapter{delegate=org.springframework.cloud.gateway.filter.RouteToRequestUrlFilter@2f75a9b1}, order = 10000], [GatewayFilterAdapter{delegate=org.springframework.cloud.gateway.filter.ReactiveLoadBalancerClientFilter@362be0cd}, order = 10150], [GatewayFilterAdapter{delegate=org.springframework.cloud.gateway.filter.LoadBalancerServiceInstanceCookieFilter@2dde0a34}, order = 10151], [GatewayFilterAdapter{delegate=org.springframework.cloud.gateway.filter.WebsocketRoutingFilter@19d3f6ad}, order = 2147483646], [GatewayFilterAdapter{delegate=com.forvmom.MomentForeverAPIGateway.filter.GatewayRequestLoggingFilter@6a04d2a4}, order = 2147483647], [GatewayFilterAdapter{delegate=org.springframework.cloud.gateway.filter.NettyRoutingFilter@61836cd9}, order = 2147483647], [GatewayFilterAdapter{delegate=org.springframework.cloud.gateway.filter.ForwardRoutingFilter@556aed22}, order = 2147483647]]
2026-10-08 20:11:43.918 [boundedElastic-4] [39mDEBUG[0;39m [36mo.s.c.g.f.h.o.ObservedRequestHttpHeadersFilter[0;39m - Will instrument the HTTP request headers [host:"localhost:8086", sec-ch-ua-platform:""Windows"", authorization:"Bearer eyJhbGciOiJIUzI1NiJ9.eyJyb2xlcyI6IlNVUEVSX0FETUlOIiwidXNlcklkIjoxLCJlbmFibGVkIjp0cnVlLCJ1c2VybmFtZSI6InN1cGVyYWRtaW5AY2hlcmlzaHguY29tIiwiYWNjb3VudE5vbkxvY2tlZCI6dHJ1ZSwic3ViIjoic3VwZXJhZG1pbkBjaGVyaXNoeC5jb20iLCJpYXQiOjE3OTE0NjgzMjEsImV4cCI6MTc5MTU1NDcyMSwiaXNzIjoibW9tZW50LWZvcmV2ZXItYXBwIiwiYXVkIjoibW9tZW50LWZvcmV2ZXItY2xpZW50In0.MSh7MAgomTQN20GrkE0ylIFKJcho7PbSp53bCRBE2-Y", sec-ch-ua:""Chromium";v="154", "Microsoft Edge";v="154", "Not A(Brand";v="99"", accesstoken:"eyJhbGciOiJIUzI1NiJ9.eyJyb2xlcyI6IlNVUEVSX0FETUlOIiwidXNlcklkIjoxLCJlbmFibGVkIjp0cnVlLCJ1c2VybmFtZSI6InN1cGVyYWRtaW5AY2hlcmlzaHguY29tIiwiYWNjb3VudE5vbkxvY2tlZCI6dHJ1ZSwic3ViIjoic3VwZXJhZG1pbkBjaGVyaXNoeC5jb20iLCJpYXQiOjE3OTE0NjgzMjEsImV4cCI6MTc5MTU1NDcyMSwiaXNzIjoibW9tZW50LWZvcmV2ZXItYXBwIiwiYXVkIjoibW9tZW50LWZvcmV2ZXItY2xpZW50In0.MSh7MAgomTQN20GrkE0ylIFKJcho7PbSp53bCRBE2-Y", sec-ch-ua-mobile:"?0", x-requested-with:"XMLHttpRequest", x-pm-header:"[object Object]", accept:"application/json", user-agent:"Mozilla/5.0 (Windows NT 10.0; Win64; x64) AppleWebKit/537.36 (KHTML, like Gecko) Chrome/154.0.0.0 Safari/537.36 Edg/154.0.0.0", sec-fetch-site:"same-origin", sec-fetch-mode:"cors", sec-fetch-dest:"empty", referer:"http://localhost:5173/admin/category", accept-encoding:"gzip, deflate, br, zstd", accept-language:"en-GB,en;q=0.9,en-US;q=0.8,en-IN;q=0.7", X-User-Id:"1", X-User-Roles:"SUPER_ADMIN", Forwarded:"proto=http;host="localhost:8086";for="[0:0:0:0:0:0:0:1]:54427"", X-Forwarded-For:"0:0:0:0:0:0:0:1", X-Forwarded-Proto:"http", X-Forwarded-Prefix:"/api", X-Forwarded-Port:"8086", X-Forwarded-Host:"localhost:8086"]
2026-10-08 20:11:43.919 [boundedElastic-4] [39mDEBUG[0;39m [36mo.s.c.g.f.h.o.ObservedRequestHttpHeadersFilter[0;39m - Client observation  {name=http.client.requests(null), error=null, context=name='http.client.requests', contextualName='null', error='null', lowCardinalityKeyValues=[http.method='GET', http.status_code='UNKNOWN', spring.cloud.gateway.route.id='platform-admin', spring.cloud.gateway.route.uri='lb://MOMENT-FOREVER-PLATFORM'], highCardinalityKeyValues=[http.uri='http://localhost:8086/platform/admin/categories'], map=[class io.micrometer.core.instrument.Timer$Sample='io.micrometer.core.instrument.Timer$Sample@17a533cf', class io.micrometer.core.instrument.LongTaskTimer$Sample='SampleImpl{duration(seconds)=1.469E-4, duration(nanos)=146900.0, startTimeNanos=109509127272400}'], parentObservation={name=http.server.requests(null), error=null, context=name='http.server.requests', contextualName='null', error='null', lowCardinalityKeyValues=[exception='none', method='GET', outcome='SUCCESS', status='200', uri='UNKNOWN'], highCardinalityKeyValues=[http.url='/api/platform/admin/categories'], map=[class io.micrometer.core.instrument.Timer$Sample='io.micrometer.core.instrument.Timer$Sample@64fcc80c', class io.micrometer.core.instrument.LongTaskTimer$Sample='SampleImpl{duration(seconds)=0.1333286, duration(nanos)=1.333286E8, startTimeNanos=109508994314300}'], parentObservation=null}} created for the request. New headers are [host:"localhost:8086", sec-ch-ua-platform:""Windows"", authorization:"Bearer eyJhbGciOiJIUzI1NiJ9.eyJyb2xlcyI6IlNVUEVSX0FETUlOIiwidXNlcklkIjoxLCJlbmFibGVkIjp0cnVlLCJ1c2VybmFtZSI6InN1cGVyYWRtaW5AY2hlcmlzaHguY29tIiwiYWNjb3VudE5vbkxvY2tlZCI6dHJ1ZSwic3ViIjoic3VwZXJhZG1pbkBjaGVyaXNoeC5jb20iLCJpYXQiOjE3OTE0NjgzMjEsImV4cCI6MTc5MTU1NDcyMSwiaXNzIjoibW9tZW50LWZvcmV2ZXItYXBwIiwiYXVkIjoibW9tZW50LWZvcmV2ZXItY2xpZW50In0.MSh7MAgomTQN20GrkE0ylIFKJcho7PbSp53bCRBE2-Y", sec-ch-ua:""Chromium";v="154", "Microsoft Edge";v="154", "Not A(Brand";v="99"", accesstoken:"eyJhbGciOiJIUzI1NiJ9.eyJyb2xlcyI6IlNVUEVSX0FETUlOIiwidXNlcklkIjoxLCJlbmFibGVkIjp0cnVlLCJ1c2VybmFtZSI6InN1cGVyYWRtaW5AY2hlcmlzaHguY29tIiwiYWNjb3VudE5vbkxvY2tlZCI6dHJ1ZSwic3ViIjoic3VwZXJhZG1pbkBjaGVyaXNoeC5jb20iLCJpYXQiOjE3OTE0NjgzMjEsImV4cCI6MTc5MTU1NDcyMSwiaXNzIjoibW9tZW50LWZvcmV2ZXItYXBwIiwiYXVkIjoibW9tZW50LWZvcmV2ZXItY2xpZW50In0.MSh7MAgomTQN20GrkE0ylIFKJcho7PbSp53bCRBE2-Y", sec-ch-ua-mobile:"?0", x-requested-with:"XMLHttpRequest", x-pm-header:"[object Object]", accept:"application/json", user-agent:"Mozilla/5.0 (Windows NT 10.0; Win64; x64) AppleWebKit/537.36 (KHTML, like Gecko) Chrome/154.0.0.0 Safari/537.36 Edg/154.0.0.0", sec-fetch-site:"same-origin", sec-fetch-mode:"cors", sec-fetch-dest:"empty", referer:"http://localhost:5173/admin/category", accept-encoding:"gzip, deflate, br, zstd", accept-language:"en-GB,en;q=0.9,en-US;q=0.8,en-IN;q=0.7", X-User-Id:"1", X-User-Roles:"SUPER_ADMIN", Forwarded:"proto=http;host="localhost:8086";for="[0:0:0:0:0:0:0:1]:54427"", X-Forwarded-For:"0:0:0:0:0:0:0:1", X-Forwarded-Proto:"http", X-Forwarded-Prefix:"/api", X-Forwarded-Port:"8086", X-Forwarded-Host:"localhost:8086"]
2026-10-08 20:11:43.942 [boundedElastic-8] [39mDEBUG[0;39m [36mo.s.c.g.f.h.o.ObservedRequestHttpHeadersFilter[0;39m - Will instrument the HTTP request headers [host:"localhost:8086", sec-ch-ua-platform:""Windows"", authorization:"Bearer eyJhbGciOiJIUzI1NiJ9.eyJyb2xlcyI6IlNVUEVSX0FETUlOIiwidXNlcklkIjoxLCJlbmFibGVkIjp0cnVlLCJ1c2VybmFtZSI6InN1cGVyYWRtaW5AY2hlcmlzaHguY29tIiwiYWNjb3VudE5vbkxvY2tlZCI6dHJ1ZSwic3ViIjoic3VwZXJhZG1pbkBjaGVyaXNoeC5jb20iLCJpYXQiOjE3OTE0NjgzMjEsImV4cCI6MTc5MTU1NDcyMSwiaXNzIjoibW9tZW50LWZvcmV2ZXItYXBwIiwiYXVkIjoibW9tZW50LWZvcmV2ZXItY2xpZW50In0.MSh7MAgomTQN20GrkE0ylIFKJcho7PbSp53bCRBE2-Y", sec-ch-ua:""Chromium";v="154", "Microsoft Edge";v="154", "Not A(Brand";v="99"", accesstoken:"eyJhbGciOiJIUzI1NiJ9.eyJyb2xlcyI6IlNVUEVSX0FETUlOIiwidXNlcklkIjoxLCJlbmFibGVkIjp0cnVlLCJ1c2VybmFtZSI6InN1cGVyYWRtaW5AY2hlcmlzaHguY29tIiwiYWNjb3VudE5vbkxvY2tlZCI6dHJ1ZSwic3ViIjoic3VwZXJhZG1pbkBjaGVyaXNoeC5jb20iLCJpYXQiOjE3OTE0NjgzMjEsImV4cCI6MTc5MTU1NDcyMSwiaXNzIjoibW9tZW50LWZvcmV2ZXItYXBwIiwiYXVkIjoibW9tZW50LWZvcmV2ZXItY2xpZW50In0.MSh7MAgomTQN20GrkE0ylIFKJcho7PbSp53bCRBE2-Y", sec-ch-ua-mobile:"?0", x-requested-with:"XMLHttpRequest", x-pm-header:"[object Object]", accept:"application/json", user-agent:"Mozilla/5.0 (Windows NT 10.0; Win64; x64) AppleWebKit/537.36 (KHTML, like Gecko) Chrome/154.0.0.0 Safari/537.36 Edg/154.0.0.0", sec-fetch-site:"same-origin", sec-fetch-mode:"cors", sec-fetch-dest:"empty", referer:"http://localhost:5173/admin/category", accept-encoding:"gzip, deflate, br, zstd", accept-language:"en-GB,en;q=0.9,en-US;q=0.8,en-IN;q=0.7", X-User-Id:"1", X-User-Roles:"SUPER_ADMIN", Forwarded:"proto=http;host="localhost:8086";for="[0:0:0:0:0:0:0:1]:54428"", X-Forwarded-For:"0:0:0:0:0:0:0:1", X-Forwarded-Proto:"http", X-Forwarded-Prefix:"/api", X-Forwarded-Port:"8086", X-Forwarded-Host:"localhost:8086"]
2026-10-08 20:11:43.943 [boundedElastic-8] [39mDEBUG[0;39m [36mo.s.c.g.f.h.o.ObservedRequestHttpHeadersFilter[0;39m - Client observation  {name=http.client.requests(null), error=null, context=name='http.client.requests', contextualName='null', error='null', lowCardinalityKeyValues=[http.method='GET', http.status_code='UNKNOWN', spring.cloud.gateway.route.id='platform-user', spring.cloud.gateway.route.uri='lb://MOMENT-FOREVER-PLATFORM'], highCardinalityKeyValues=[http.uri='http://localhost:8086/platform/user/profile'], map=[class io.micrometer.core.instrument.Timer$Sample='io.micrometer.core.instrument.Timer$Sample@706b7330', class io.micrometer.core.instrument.LongTaskTimer$Sample='SampleImpl{duration(seconds)=8.12E-5, duration(nanos)=81200.0, startTimeNanos=109509150962600}'], parentObservation={name=http.server.requests(null), error=null, context=name='http.server.requests', contextualName='null', error='null', lowCardinalityKeyValues=[exception='none', method='GET', outcome='SUCCESS', status='200', uri='UNKNOWN'], highCardinalityKeyValues=[http.url='/api/platform/user/profile'], map=[class io.micrometer.core.instrument.Timer$Sample='io.micrometer.core.instrument.Timer$Sample@7fb15582', class io.micrometer.core.instrument.LongTaskTimer$Sample='SampleImpl{duration(seconds)=0.156657, duration(nanos)=1.56657E8, startTimeNanos=109508994480200}'], parentObservation=null}} created for the request. New headers are [host:"localhost:8086", sec-ch-ua-platform:""Windows"", authorization:"Bearer eyJhbGciOiJIUzI1NiJ9.eyJyb2xlcyI6IlNVUEVSX0FETUlOIiwidXNlcklkIjoxLCJlbmFibGVkIjp0cnVlLCJ1c2VybmFtZSI6InN1cGVyYWRtaW5AY2hlcmlzaHguY29tIiwiYWNjb3VudE5vbkxvY2tlZCI6dHJ1ZSwic3ViIjoic3VwZXJhZG1pbkBjaGVyaXNoeC5jb20iLCJpYXQiOjE3OTE0NjgzMjEsImV4cCI6MTc5MTU1NDcyMSwiaXNzIjoibW9tZW50LWZvcmV2ZXItYXBwIiwiYXVkIjoibW9tZW50LWZvcmV2ZXItY2xpZW50In0.MSh7MAgomTQN20GrkE0ylIFKJcho7PbSp53bCRBE2-Y", sec-ch-ua:""Chromium";v="154", "Microsoft Edge";v="154", "Not A(Brand";v="99"", accesstoken:"eyJhbGciOiJIUzI1NiJ9.eyJyb2xlcyI6IlNVUEVSX0FETUlOIiwidXNlcklkIjoxLCJlbmFibGVkIjp0cnVlLCJ1c2VybmFtZSI6InN1cGVyYWRtaW5AY2hlcmlzaHguY29tIiwiYWNjb3VudE5vbkxvY2tlZCI6dHJ1ZSwic3ViIjoic3VwZXJhZG1pbkBjaGVyaXNoeC5jb20iLCJpYXQiOjE3OTE0NjgzMjEsImV4cCI6MTc5MTU1NDcyMSwiaXNzIjoibW9tZW50LWZvcmV2ZXItYXBwIiwiYXVkIjoibW9tZW50LWZvcmV2ZXItY2xpZW50In0.MSh7MAgomTQN20GrkE0ylIFKJcho7PbSp53bCRBE2-Y", sec-ch-ua-mobile:"?0", x-requested-with:"XMLHttpRequest", x-pm-header:"[object Object]", accept:"application/json", user-agent:"Mozilla/5.0 (Windows NT 10.0; Win64; x64) AppleWebKit/537.36 (KHTML, like Gecko) Chrome/154.0.0.0 Safari/537.36 Edg/154.0.0.0", sec-fetch-site:"same-origin", sec-fetch-mode:"cors", sec-fetch-dest:"empty", referer:"http://localhost:5173/admin/category", accept-encoding:"gzip, deflate, br, zstd", accept-language:"en-GB,en;q=0.9,en-US;q=0.8,en-IN;q=0.7", X-User-Id:"1", X-User-Roles:"SUPER_ADMIN", Forwarded:"proto=http;host="localhost:8086";for="[0:0:0:0:0:0:0:1]:54428"", X-Forwarded-For:"0:0:0:0:0:0:0:1", X-Forwarded-Proto:"http", X-Forwarded-Prefix:"/api", X-Forwarded-Port:"8086", X-Forwarded-Host:"localhost:8086"]
2026-10-08 20:11:44.856 [reactor-http-nio-2] [39mDEBUG[0;39m [36mo.s.c.g.f.h.o.ObservedResponseHttpHeadersFilter[0;39m - Will instrument the response
2026-10-08 20:11:44.856 [reactor-http-nio-2] [39mDEBUG[0;39m [36mo.s.c.g.f.h.o.ObservedResponseHttpHeadersFilter[0;39m - The response was handled for observation {name=http.client.requests(null), error=null, context=name='http.client.requests', contextualName='null', error='null', lowCardinalityKeyValues=[http.method='GET', http.status_code='UNKNOWN', spring.cloud.gateway.route.id='platform-user', spring.cloud.gateway.route.uri='lb://MOMENT-FOREVER-PLATFORM'], highCardinalityKeyValues=[http.uri='http://localhost:8086/platform/user/profile'], map=[class io.micrometer.core.instrument.Timer$Sample='io.micrometer.core.instrument.Timer$Sample@706b7330', class io.micrometer.core.instrument.LongTaskTimer$Sample='SampleImpl{duration(seconds)=0.9157203, duration(nanos)=9.157203E8, startTimeNanos=109509150962600}'], parentObservation={name=http.server.requests(null), error=null, context=name='http.server.requests', contextualName='null', error='null', lowCardinalityKeyValues=[exception='none', method='GET', outcome='SUCCESS', status='200', uri='UNKNOWN'], highCardinalityKeyValues=[http.url='/api/platform/user/profile'], map=[class io.micrometer.core.instrument.Timer$Sample='io.micrometer.core.instrument.Timer$Sample@7fb15582', class io.micrometer.core.instrument.LongTaskTimer$Sample='SampleImpl{duration(seconds)=1.0723279, duration(nanos)=1.0723279E9, startTimeNanos=109508994480200}'], parentObservation=null}}
2026-10-08 20:11:44.856 [reactor-http-nio-2] [34mINFO [0;39m [36mc.f.M.f.GatewayRequestLoggingFilter[0;39m - GATEWAY_REQUEST method=GET path=/platform/user/profile routeId=platform-user target=lb://MOMENT-FOREVER-PLATFORM status=200 durationMs=916 signal=onComplete
2026-10-08 20:11:45.091 [reactor-http-nio-1] [39mDEBUG[0;39m [36mo.s.c.g.f.h.o.ObservedResponseHttpHeadersFilter[0;39m - Will instrument the response
2026-10-08 20:11:45.092 [reactor-http-nio-1] [39mDEBUG[0;39m [36mo.s.c.g.f.h.o.ObservedResponseHttpHeadersFilter[0;39m - The response was handled for observation {name=http.client.requests(null), error=null, context=name='http.client.requests', contextualName='null', error='null', lowCardinalityKeyValues=[http.method='GET', http.status_code='UNKNOWN', spring.cloud.gateway.route.id='platform-admin', spring.cloud.gateway.route.uri='lb://MOMENT-FOREVER-PLATFORM'], highCardinalityKeyValues=[http.uri='http://localhost:8086/platform/admin/categories'], map=[class io.micrometer.core.instrument.Timer$Sample='io.micrometer.core.instrument.Timer$Sample@17a533cf', class io.micrometer.core.instrument.LongTaskTimer$Sample='SampleImpl{duration(seconds)=1.1732797, duration(nanos)=1.1732797E9, startTimeNanos=109509127272400}'], parentObservation={name=http.server.requests(null), error=null, context=name='http.server.requests', contextualName='null', error='null', lowCardinalityKeyValues=[exception='none', method='GET', outcome='SUCCESS', status='200', uri='UNKNOWN'], highCardinalityKeyValues=[http.url='/api/platform/admin/categories'], map=[class io.micrometer.core.instrument.Timer$Sample='io.micrometer.core.instrument.Timer$Sample@64fcc80c', class io.micrometer.core.instrument.LongTaskTimer$Sample='SampleImpl{duration(seconds)=1.3063196, duration(nanos)=1.3063196E9, startTimeNanos=109508994314300}'], parentObservation=null}}
2026-10-08 20:11:45.092 [reactor-http-nio-1] [34mINFO [0;39m [36mc.f.M.f.GatewayRequestLoggingFilter[0;39m - GATEWAY_REQUEST method=GET path=/platform/admin/categories routeId=platform-admin target=lb://MOMENT-FOREVER-PLATFORM status=200 durationMs=1175 signal=onComplete
2026-10-08 20:11:48.296 [reactor-http-nio-4] [39mDEBUG[0;39m [36mo.s.c.g.h.RoutePredicateHandlerMapping[0;39m - Route matched: platform-admin
2026-10-08 20:11:48.296 [reactor-http-nio-5] [39mDEBUG[0;39m [36mo.s.c.g.h.RoutePredicateHandlerMapping[0;39m - Route matched: platform-admin
2026-10-08 20:11:48.296 [reactor-http-nio-3] [39mDEBUG[0;39m [36mo.s.c.g.h.RoutePredicateHandlerMapping[0;39m - Route matched: platform-admin
2026-10-08 20:11:48.296 [reactor-http-nio-4] [39mDEBUG[0;39m [36mo.s.c.g.h.RoutePredicateHandlerMapping[0;39m - Mapping [Exchange: GET http://localhost:8086/api/platform/admin/subcategories] to Route{id='platform-admin', uri=lb://MOMENT-FOREVER-PLATFORM, order=0, predicate=Paths: [/api/platform/admin/**], match trailing slash: true, gatewayFilters=[[[StripPrefix parts = 1], order = 1]], metadata={requires-auth=true}}
2026-10-08 20:11:48.296 [reactor-http-nio-5] [39mDEBUG[0;39m [36mo.s.c.g.h.RoutePredicateHandlerMapping[0;39m - Mapping [Exchange: GET http://localhost:8086/api/platform/admin/categories] to Route{id='platform-admin', uri=lb://MOMENT-FOREVER-PLATFORM, order=0, predicate=Paths: [/api/platform/admin/**], match trailing slash: true, gatewayFilters=[[[StripPrefix parts = 1], order = 1]], metadata={requires-auth=true}}
2026-10-08 20:11:48.296 [reactor-http-nio-3] [39mDEBUG[0;39m [36mo.s.c.g.h.RoutePredicateHandlerMapping[0;39m - Mapping [Exchange: GET http://localhost:8086/api/platform/admin/locations] to Route{id='platform-admin', uri=lb://MOMENT-FOREVER-PLATFORM, order=0, predicate=Paths: [/api/platform/admin/**], match trailing slash: true, gatewayFilters=[[[StripPrefix parts = 1], order = 1]], metadata={requires-auth=true}}
2026-10-08 20:11:48.296 [reactor-http-nio-4] [39mDEBUG[0;39m [36mo.s.c.g.h.RoutePredicateHandlerMapping[0;39m - [a57a18a2-382] Mapped to org.springframework.cloud.gateway.handler.FilteringWebHandler@3f7c6365
2026-10-08 20:11:48.296 [reactor-http-nio-5] [39mDEBUG[0;39m [36mo.s.c.g.h.RoutePredicateHandlerMapping[0;39m - [d9654372-383] Mapped to org.springframework.cloud.gateway.handler.FilteringWebHandler@3f7c6365
2026-10-08 20:11:48.296 [reactor-http-nio-3] [39mDEBUG[0;39m [36mo.s.c.g.h.RoutePredicateHandlerMapping[0;39m - [9c91803c-381] Mapped to org.springframework.cloud.gateway.handler.FilteringWebHandler@3f7c6365
2026-10-08 20:11:48.297 [reactor-http-nio-4] [39mDEBUG[0;39m [36mo.s.c.g.handler.FilteringWebHandler[0;39m - Sorted gatewayFilterFactories: [[GatewayFilterAdapter{delegate=org.springframework.cloud.gateway.filter.RemoveCachedBodyFilter@7227926b}, order = -2147483648], [GatewayFilterAdapter{delegate=org.springframework.cloud.gateway.filter.AdaptCachedBodyGlobalFilter@79617c3d}, order = -2147482648], [GatewayFilterAdapter{delegate=com.forvmom.MomentForeverAPIGateway.filter.JwtAuthenticationFilter@35a9e665}, order = -1], [GatewayFilterAdapter{delegate=org.springframework.cloud.gateway.filter.NettyWriteResponseFilter@1b632442}, order = -1], [GatewayFilterAdapter{delegate=org.springframework.cloud.gateway.filter.ForwardPathFilter@57a982f9}, order = 0], [GatewayFilterAdapter{delegate=org.springframework.cloud.gateway.filter.GatewayMetricsFilter@1b69fc07}, order = 0], [[StripPrefix parts = 1], order = 1], [GatewayFilterAdapter{delegate=org.springframework.cloud.gateway.filter.RouteToRequestUrlFilter@2f75a9b1}, order = 10000], [GatewayFilterAdapter{delegate=org.springframework.cloud.gateway.filter.ReactiveLoadBalancerClientFilter@362be0cd}, order = 10150], [GatewayFilterAdapter{delegate=org.springframework.cloud.gateway.filter.LoadBalancerServiceInstanceCookieFilter@2dde0a34}, order = 10151], [GatewayFilterAdapter{delegate=org.springframework.cloud.gateway.filter.WebsocketRoutingFilter@19d3f6ad}, order = 2147483646], [GatewayFilterAdapter{delegate=com.forvmom.MomentForeverAPIGateway.filter.GatewayRequestLoggingFilter@6a04d2a4}, order = 2147483647], [GatewayFilterAdapter{delegate=org.springframework.cloud.gateway.filter.NettyRoutingFilter@61836cd9}, order = 2147483647], [GatewayFilterAdapter{delegate=org.springframework.cloud.gateway.filter.ForwardRoutingFilter@556aed22}, order = 2147483647]]
2026-10-08 20:11:48.297 [reactor-http-nio-5] [39mDEBUG[0;39m [36mo.s.c.g.handler.FilteringWebHandler[0;39m - Sorted gatewayFilterFactories: [[GatewayFilterAdapter{delegate=org.springframework.cloud.gateway.filter.RemoveCachedBodyFilter@7227926b}, order = -2147483648], [GatewayFilterAdapter{delegate=org.springframework.cloud.gateway.filter.AdaptCachedBodyGlobalFilter@79617c3d}, order = -2147482648], [GatewayFilterAdapter{delegate=com.forvmom.MomentForeverAPIGateway.filter.JwtAuthenticationFilter@35a9e665}, order = -1], [GatewayFilterAdapter{delegate=org.springframework.cloud.gateway.filter.NettyWriteResponseFilter@1b632442}, order = -1], [GatewayFilterAdapter{delegate=org.springframework.cloud.gateway.filter.ForwardPathFilter@57a982f9}, order = 0], [GatewayFilterAdapter{delegate=org.springframework.cloud.gateway.filter.GatewayMetricsFilter@1b69fc07}, order = 0], [[StripPrefix parts = 1], order = 1], [GatewayFilterAdapter{delegate=org.springframework.cloud.gateway.filter.RouteToRequestUrlFilter@2f75a9b1}, order = 10000], [GatewayFilterAdapter{delegate=org.springframework.cloud.gateway.filter.ReactiveLoadBalancerClientFilter@362be0cd}, order = 10150], [GatewayFilterAdapter{delegate=org.springframework.cloud.gateway.filter.LoadBalancerServiceInstanceCookieFilter@2dde0a34}, order = 10151], [GatewayFilterAdapter{delegate=org.springframework.cloud.gateway.filter.WebsocketRoutingFilter@19d3f6ad}, order = 2147483646], [GatewayFilterAdapter{delegate=com.forvmom.MomentForeverAPIGateway.filter.GatewayRequestLoggingFilter@6a04d2a4}, order = 2147483647], [GatewayFilterAdapter{delegate=org.springframework.cloud.gateway.filter.NettyRoutingFilter@61836cd9}, order = 2147483647], [GatewayFilterAdapter{delegate=org.springframework.cloud.gateway.filter.ForwardRoutingFilter@556aed22}, order = 2147483647]]
2026-10-08 20:11:48.297 [reactor-http-nio-3] [39mDEBUG[0;39m [36mo.s.c.g.handler.FilteringWebHandler[0;39m - Sorted gatewayFilterFactories: [[GatewayFilterAdapter{delegate=org.springframework.cloud.gateway.filter.RemoveCachedBodyFilter@7227926b}, order = -2147483648], [GatewayFilterAdapter{delegate=org.springframework.cloud.gateway.filter.AdaptCachedBodyGlobalFilter@79617c3d}, order = -2147482648], [GatewayFilterAdapter{delegate=com.forvmom.MomentForeverAPIGateway.filter.JwtAuthenticationFilter@35a9e665}, order = -1], [GatewayFilterAdapter{delegate=org.springframework.cloud.gateway.filter.NettyWriteResponseFilter@1b632442}, order = -1], [GatewayFilterAdapter{delegate=org.springframework.cloud.gateway.filter.ForwardPathFilter@57a982f9}, order = 0], [GatewayFilterAdapter{delegate=org.springframework.cloud.gateway.filter.GatewayMetricsFilter@1b69fc07}, order = 0], [[StripPrefix parts = 1], order = 1], [GatewayFilterAdapter{delegate=org.springframework.cloud.gateway.filter.RouteToRequestUrlFilter@2f75a9b1}, order = 10000], [GatewayFilterAdapter{delegate=org.springframework.cloud.gateway.filter.ReactiveLoadBalancerClientFilter@362be0cd}, order = 10150], [GatewayFilterAdapter{delegate=org.springframework.cloud.gateway.filter.LoadBalancerServiceInstanceCookieFilter@2dde0a34}, order = 10151], [GatewayFilterAdapter{delegate=org.springframework.cloud.gateway.filter.WebsocketRoutingFilter@19d3f6ad}, order = 2147483646], [GatewayFilterAdapter{delegate=com.forvmom.MomentForeverAPIGateway.filter.GatewayRequestLoggingFilter@6a04d2a4}, order = 2147483647], [GatewayFilterAdapter{delegate=org.springframework.cloud.gateway.filter.NettyRoutingFilter@61836cd9}, order = 2147483647], [GatewayFilterAdapter{delegate=org.springframework.cloud.gateway.filter.ForwardRoutingFilter@556aed22}, order = 2147483647]]
2026-10-08 20:11:48.348 [reactor-http-nio-5] [39mDEBUG[0;39m [36mo.s.c.g.f.h.o.ObservedRequestHttpHeadersFilter[0;39m - Will instrument the HTTP request headers [host:"localhost:8086", sec-ch-ua-platform:""Windows"", authorization:"Bearer eyJhbGciOiJIUzI1NiJ9.eyJyb2xlcyI6IlNVUEVSX0FETUlOIiwidXNlcklkIjoxLCJlbmFibGVkIjp0cnVlLCJ1c2VybmFtZSI6InN1cGVyYWRtaW5AY2hlcmlzaHguY29tIiwiYWNjb3VudE5vbkxvY2tlZCI6dHJ1ZSwic3ViIjoic3VwZXJhZG1pbkBjaGVyaXNoeC5jb20iLCJpYXQiOjE3OTE0NjgzMjEsImV4cCI6MTc5MTU1NDcyMSwiaXNzIjoibW9tZW50LWZvcmV2ZXItYXBwIiwiYXVkIjoibW9tZW50LWZvcmV2ZXItY2xpZW50In0.MSh7MAgomTQN20GrkE0ylIFKJcho7PbSp53bCRBE2-Y", sec-ch-ua:""Chromium";v="154", "Microsoft Edge";v="154", "Not A(Brand";v="99"", accesstoken:"eyJhbGciOiJIUzI1NiJ9.eyJyb2xlcyI6IlNVUEVSX0FETUlOIiwidXNlcklkIjoxLCJlbmFibGVkIjp0cnVlLCJ1c2VybmFtZSI6InN1cGVyYWRtaW5AY2hlcmlzaHguY29tIiwiYWNjb3VudE5vbkxvY2tlZCI6dHJ1ZSwic3ViIjoic3VwZXJhZG1pbkBjaGVyaXNoeC5jb20iLCJpYXQiOjE3OTE0NjgzMjEsImV4cCI6MTc5MTU1NDcyMSwiaXNzIjoibW9tZW50LWZvcmV2ZXItYXBwIiwiYXVkIjoibW9tZW50LWZvcmV2ZXItY2xpZW50In0.MSh7MAgomTQN20GrkE0ylIFKJcho7PbSp53bCRBE2-Y", sec-ch-ua-mobile:"?0", x-requested-with:"XMLHttpRequest", x-pm-header:"[object Object]", accept:"application/json", user-agent:"Mozilla/5.0 (Windows NT 10.0; Win64; x64) AppleWebKit/537.36 (KHTML, like Gecko) Chrome/154.0.0.0 Safari/537.36 Edg/154.0.0.0", sec-fetch-site:"same-origin", sec-fetch-mode:"cors", sec-fetch-dest:"empty", referer:"http://localhost:5173/admin/locations", accept-encoding:"gzip, deflate, br, zstd", accept-language:"en-GB,en;q=0.9,en-US;q=0.8,en-IN;q=0.7", X-User-Id:"1", X-User-Roles:"SUPER_ADMIN", Forwarded:"proto=http;host="localhost:8086";for="[0:0:0:0:0:0:0:1]:61337"", X-Forwarded-For:"0:0:0:0:0:0:0:1", X-Forwarded-Proto:"http", X-Forwarded-Prefix:"/api", X-Forwarded-Port:"8086", X-Forwarded-Host:"localhost:8086"]
2026-10-08 20:11:48.348 [reactor-http-nio-3] [39mDEBUG[0;39m [36mo.s.c.g.f.h.o.ObservedRequestHttpHeadersFilter[0;39m - Will instrument the HTTP request headers [host:"localhost:8086", sec-ch-ua-platform:""Windows"", authorization:"Bearer eyJhbGciOiJIUzI1NiJ9.eyJyb2xlcyI6IlNVUEVSX0FETUlOIiwidXNlcklkIjoxLCJlbmFibGVkIjp0cnVlLCJ1c2VybmFtZSI6InN1cGVyYWRtaW5AY2hlcmlzaHguY29tIiwiYWNjb3VudE5vbkxvY2tlZCI6dHJ1ZSwic3ViIjoic3VwZXJhZG1pbkBjaGVyaXNoeC5jb20iLCJpYXQiOjE3OTE0NjgzMjEsImV4cCI6MTc5MTU1NDcyMSwiaXNzIjoibW9tZW50LWZvcmV2ZXItYXBwIiwiYXVkIjoibW9tZW50LWZvcmV2ZXItY2xpZW50In0.MSh7MAgomTQN20GrkE0ylIFKJcho7PbSp53bCRBE2-Y", sec-ch-ua:""Chromium";v="154", "Microsoft Edge";v="154", "Not A(Brand";v="99"", accesstoken:"eyJhbGciOiJIUzI1NiJ9.eyJyb2xlcyI6IlNVUEVSX0FETUlOIiwidXNlcklkIjoxLCJlbmFibGVkIjp0cnVlLCJ1c2VybmFtZSI6InN1cGVyYWRtaW5AY2hlcmlzaHguY29tIiwiYWNjb3VudE5vbkxvY2tlZCI6dHJ1ZSwic3ViIjoic3VwZXJhZG1pbkBjaGVyaXNoeC5jb20iLCJpYXQiOjE3OTE0NjgzMjEsImV4cCI6MTc5MTU1NDcyMSwiaXNzIjoibW9tZW50LWZvcmV2ZXItYXBwIiwiYXVkIjoibW9tZW50LWZvcmV2ZXItY2xpZW50In0.MSh7MAgomTQN20GrkE0ylIFKJcho7PbSp53bCRBE2-Y", sec-ch-ua-mobile:"?0", x-requested-with:"XMLHttpRequest", x-pm-header:"[object Object]", accept:"application/json", user-agent:"Mozilla/5.0 (Windows NT 10.0; Win64; x64) AppleWebKit/537.36 (KHTML, like Gecko) Chrome/154.0.0.0 Safari/537.36 Edg/154.0.0.0", sec-fetch-site:"same-origin", sec-fetch-mode:"cors", sec-fetch-dest:"empty", referer:"http://localhost:5173/admin/locations", accept-encoding:"gzip, deflate, br, zstd", accept-language:"en-GB,en;q=0.9,en-US;q=0.8,en-IN;q=0.7", X-User-Id:"1", X-User-Roles:"SUPER_ADMIN", Forwarded:"proto=http;host="localhost:8086";for="[0:0:0:0:0:0:0:1]:61335"", X-Forwarded-For:"0:0:0:0:0:0:0:1", X-Forwarded-Proto:"http", X-Forwarded-Prefix:"/api", X-Forwarded-Port:"8086", X-Forwarded-Host:"localhost:8086"]
2026-10-08 20:11:48.353 [reactor-http-nio-3] [39mDEBUG[0;39m [36mo.s.c.g.f.h.o.ObservedRequestHttpHeadersFilter[0;39m - Client observation  {name=http.client.requests(null), error=null, context=name='http.client.requests', contextualName='null', error='null', lowCardinalityKeyValues=[http.method='GET', http.status_code='UNKNOWN', spring.cloud.gateway.route.id='platform-admin', spring.cloud.gateway.route.uri='lb://MOMENT-FOREVER-PLATFORM'], highCardinalityKeyValues=[http.uri='http://localhost:8086/platform/admin/locations'], map=[class io.micrometer.core.instrument.Timer$Sample='io.micrometer.core.instrument.Timer$Sample@27d4c8bd', class io.micrometer.core.instrument.LongTaskTimer$Sample='SampleImpl{duration(seconds)=1.084E-4, duration(nanos)=108400.0, startTimeNanos=109513560487300}'], parentObservation={name=http.server.requests(null), error=null, context=name='http.server.requests', contextualName='null', error='null', lowCardinalityKeyValues=[exception='none', method='GET', outcome='SUCCESS', status='200', uri='UNKNOWN'], highCardinalityKeyValues=[http.url='/api/platform/admin/locations'], map=[class io.micrometer.core.instrument.Timer$Sample='io.micrometer.core.instrument.Timer$Sample@76685088', class io.micrometer.core.instrument.LongTaskTimer$Sample='SampleImpl{duration(seconds)=0.0572581, duration(nanos)=5.72581E7, startTimeNanos=109513503442500}'], parentObservation=null}} created for the request. New headers are [host:"localhost:8086", sec-ch-ua-platform:""Windows"", authorization:"Bearer eyJhbGciOiJIUzI1NiJ9.eyJyb2xlcyI6IlNVUEVSX0FETUlOIiwidXNlcklkIjoxLCJlbmFibGVkIjp0cnVlLCJ1c2VybmFtZSI6InN1cGVyYWRtaW5AY2hlcmlzaHguY29tIiwiYWNjb3VudE5vbkxvY2tlZCI6dHJ1ZSwic3ViIjoic3VwZXJhZG1pbkBjaGVyaXNoeC5jb20iLCJpYXQiOjE3OTE0NjgzMjEsImV4cCI6MTc5MTU1NDcyMSwiaXNzIjoibW9tZW50LWZvcmV2ZXItYXBwIiwiYXVkIjoibW9tZW50LWZvcmV2ZXItY2xpZW50In0.MSh7MAgomTQN20GrkE0ylIFKJcho7PbSp53bCRBE2-Y", sec-ch-ua:""Chromium";v="154", "Microsoft Edge";v="154", "Not A(Brand";v="99"", accesstoken:"eyJhbGciOiJIUzI1NiJ9.eyJyb2xlcyI6IlNVUEVSX0FETUlOIiwidXNlcklkIjoxLCJlbmFibGVkIjp0cnVlLCJ1c2VybmFtZSI6InN1cGVyYWRtaW5AY2hlcmlzaHguY29tIiwiYWNjb3VudE5vbkxvY2tlZCI6dHJ1ZSwic3ViIjoic3VwZXJhZG1pbkBjaGVyaXNoeC5jb20iLCJpYXQiOjE3OTE0NjgzMjEsImV4cCI6MTc5MTU1NDcyMSwiaXNzIjoibW9tZW50LWZvcmV2ZXItYXBwIiwiYXVkIjoibW9tZW50LWZvcmV2ZXItY2xpZW50In0.MSh7MAgomTQN20GrkE0ylIFKJcho7PbSp53bCRBE2-Y", sec-ch-ua-mobile:"?0", x-requested-with:"XMLHttpRequest", x-pm-header:"[object Object]", accept:"application/json", user-agent:"Mozilla/5.0 (Windows NT 10.0; Win64; x64) AppleWebKit/537.36 (KHTML, like Gecko) Chrome/154.0.0.0 Safari/537.36 Edg/154.0.0.0", sec-fetch-site:"same-origin", sec-fetch-mode:"cors", sec-fetch-dest:"empty", referer:"http://localhost:5173/admin/locations", accept-encoding:"gzip, deflate, br, zstd", accept-language:"en-GB,en;q=0.9,en-US;q=0.8,en-IN;q=0.7", X-User-Id:"1", X-User-Roles:"SUPER_ADMIN", Forwarded:"proto=http;host="localhost:8086";for="[0:0:0:0:0:0:0:1]:61335"", X-Forwarded-For:"0:0:0:0:0:0:0:1", X-Forwarded-Proto:"http", X-Forwarded-Prefix:"/api", X-Forwarded-Port:"8086", X-Forwarded-Host:"localhost:8086"]
2026-10-08 20:11:48.353 [reactor-http-nio-5] [39mDEBUG[0;39m [36mo.s.c.g.f.h.o.ObservedRequestHttpHeadersFilter[0;39m - Client observation  {name=http.client.requests(null), error=null, context=name='http.client.requests', contextualName='null', error='null', lowCardinalityKeyValues=[http.method='GET', http.status_code='UNKNOWN', spring.cloud.gateway.route.id='platform-admin', spring.cloud.gateway.route.uri='lb://MOMENT-FOREVER-PLATFORM'], highCardinalityKeyValues=[http.uri='http://localhost:8086/platform/admin/categories'], map=[class io.micrometer.core.instrument.Timer$Sample='io.micrometer.core.instrument.Timer$Sample@26b3c126', class io.micrometer.core.instrument.LongTaskTimer$Sample='SampleImpl{duration(seconds)=1.984E-4, duration(nanos)=198400.0, startTimeNanos=109513560563700}'], parentObservation={name=http.server.requests(null), error=null, context=name='http.server.requests', contextualName='null', error='null', lowCardinalityKeyValues=[exception='none', method='GET', outcome='SUCCESS', status='200', uri='UNKNOWN'], highCardinalityKeyValues=[http.url='/api/platform/admin/categories'], map=[class io.micrometer.core.instrument.Timer$Sample='io.micrometer.core.instrument.Timer$Sample@710f2a7f', class io.micrometer.core.instrument.LongTaskTimer$Sample='SampleImpl{duration(seconds)=0.0572021, duration(nanos)=5.72021E7, startTimeNanos=109513503717300}'], parentObservation=null}} created for the request. New headers are [host:"localhost:8086", sec-ch-ua-platform:""Windows"", authorization:"Bearer eyJhbGciOiJIUzI1NiJ9.eyJyb2xlcyI6IlNVUEVSX0FETUlOIiwidXNlcklkIjoxLCJlbmFibGVkIjp0cnVlLCJ1c2VybmFtZSI6InN1cGVyYWRtaW5AY2hlcmlzaHguY29tIiwiYWNjb3VudE5vbkxvY2tlZCI6dHJ1ZSwic3ViIjoic3VwZXJhZG1pbkBjaGVyaXNoeC5jb20iLCJpYXQiOjE3OTE0NjgzMjEsImV4cCI6MTc5MTU1NDcyMSwiaXNzIjoibW9tZW50LWZvcmV2ZXItYXBwIiwiYXVkIjoibW9tZW50LWZvcmV2ZXItY2xpZW50In0.MSh7MAgomTQN20GrkE0ylIFKJcho7PbSp53bCRBE2-Y", sec-ch-ua:""Chromium";v="154", "Microsoft Edge";v="154", "Not A(Brand";v="99"", accesstoken:"eyJhbGciOiJIUzI1NiJ9.eyJyb2xlcyI6IlNVUEVSX0FETUlOIiwidXNlcklkIjoxLCJlbmFibGVkIjp0cnVlLCJ1c2VybmFtZSI6InN1cGVyYWRtaW5AY2hlcmlzaHguY29tIiwiYWNjb3VudE5vbkxvY2tlZCI6dHJ1ZSwic3ViIjoic3VwZXJhZG1pbkBjaGVyaXNoeC5jb20iLCJpYXQiOjE3OTE0NjgzMjEsImV4cCI6MTc5MTU1NDcyMSwiaXNzIjoibW9tZW50LWZvcmV2ZXItYXBwIiwiYXVkIjoibW9tZW50LWZvcmV2ZXItY2xpZW50In0.MSh7MAgomTQN20GrkE0ylIFKJcho7PbSp53bCRBE2-Y", sec-ch-ua-mobile:"?0", x-requested-with:"XMLHttpRequest", x-pm-header:"[object Object]", accept:"application/json", user-agent:"Mozilla/5.0 (Windows NT 10.0; Win64; x64) AppleWebKit/537.36 (KHTML, like Gecko) Chrome/154.0.0.0 Safari/537.36 Edg/154.0.0.0", sec-fetch-site:"same-origin", sec-fetch-mode:"cors", sec-fetch-dest:"empty", referer:"http://localhost:5173/admin/locations", accept-encoding:"gzip, deflate, br, zstd", accept-language:"en-GB,en;q=0.9,en-US;q=0.8,en-IN;q=0.7", X-User-Id:"1", X-User-Roles:"SUPER_ADMIN", Forwarded:"proto=http;host="localhost:8086";for="[0:0:0:0:0:0:0:1]:61337"", X-Forwarded-For:"0:0:0:0:0:0:0:1", X-Forwarded-Proto:"http", X-Forwarded-Prefix:"/api", X-Forwarded-Port:"8086", X-Forwarded-Host:"localhost:8086"]
2026-10-08 20:11:48.362 [reactor-http-nio-4] [39mDEBUG[0;39m [36mo.s.c.g.f.h.o.ObservedRequestHttpHeadersFilter[0;39m - Will instrument the HTTP request headers [host:"localhost:8086", sec-ch-ua-platform:""Windows"", authorization:"Bearer eyJhbGciOiJIUzI1NiJ9.eyJyb2xlcyI6IlNVUEVSX0FETUlOIiwidXNlcklkIjoxLCJlbmFibGVkIjp0cnVlLCJ1c2VybmFtZSI6InN1cGVyYWRtaW5AY2hlcmlzaHguY29tIiwiYWNjb3VudE5vbkxvY2tlZCI6dHJ1ZSwic3ViIjoic3VwZXJhZG1pbkBjaGVyaXNoeC5jb20iLCJpYXQiOjE3OTE0NjgzMjEsImV4cCI6MTc5MTU1NDcyMSwiaXNzIjoibW9tZW50LWZvcmV2ZXItYXBwIiwiYXVkIjoibW9tZW50LWZvcmV2ZXItY2xpZW50In0.MSh7MAgomTQN20GrkE0ylIFKJcho7PbSp53bCRBE2-Y", sec-ch-ua:""Chromium";v="154", "Microsoft Edge";v="154", "Not A(Brand";v="99"", accesstoken:"eyJhbGciOiJIUzI1NiJ9.eyJyb2xlcyI6IlNVUEVSX0FETUlOIiwidXNlcklkIjoxLCJlbmFibGVkIjp0cnVlLCJ1c2VybmFtZSI6InN1cGVyYWRtaW5AY2hlcmlzaHguY29tIiwiYWNjb3VudE5vbkxvY2tlZCI6dHJ1ZSwic3ViIjoic3VwZXJhZG1pbkBjaGVyaXNoeC5jb20iLCJpYXQiOjE3OTE0NjgzMjEsImV4cCI6MTc5MTU1NDcyMSwiaXNzIjoibW9tZW50LWZvcmV2ZXItYXBwIiwiYXVkIjoibW9tZW50LWZvcmV2ZXItY2xpZW50In0.MSh7MAgomTQN20GrkE0ylIFKJcho7PbSp53bCRBE2-Y", sec-ch-ua-mobile:"?0", x-requested-with:"XMLHttpRequest", x-pm-header:"[object Object]", accept:"application/json", user-agent:"Mozilla/5.0 (Windows NT 10.0; Win64; x64) AppleWebKit/537.36 (KHTML, like Gecko) Chrome/154.0.0.0 Safari/537.36 Edg/154.0.0.0", sec-fetch-site:"same-origin", sec-fetch-mode:"cors", sec-fetch-dest:"empty", referer:"http://localhost:5173/admin/locations", accept-encoding:"gzip, deflate, br, zstd", accept-language:"en-GB,en;q=0.9,en-US;q=0.8,en-IN;q=0.7", X-User-Id:"1", X-User-Roles:"SUPER_ADMIN", Forwarded:"proto=http;host="localhost:8086";for="[0:0:0:0:0:0:0:1]:61336"", X-Forwarded-For:"0:0:0:0:0:0:0:1", X-Forwarded-Proto:"http", X-Forwarded-Prefix:"/api", X-Forwarded-Port:"8086", X-Forwarded-Host:"localhost:8086"]
2026-10-08 20:11:48.363 [reactor-http-nio-4] [39mDEBUG[0;39m [36mo.s.c.g.f.h.o.ObservedRequestHttpHeadersFilter[0;39m - Client observation  {name=http.client.requests(null), error=null, context=name='http.client.requests', contextualName='null', error='null', lowCardinalityKeyValues=[http.method='GET', http.status_code='UNKNOWN', spring.cloud.gateway.route.id='platform-admin', spring.cloud.gateway.route.uri='lb://MOMENT-FOREVER-PLATFORM'], highCardinalityKeyValues=[http.uri='http://localhost:8086/platform/admin/subcategories'], map=[class io.micrometer.core.instrument.Timer$Sample='io.micrometer.core.instrument.Timer$Sample@61ef9a86', class io.micrometer.core.instrument.LongTaskTimer$Sample='SampleImpl{duration(seconds)=2.34E-4, duration(nanos)=234000.0, startTimeNanos=109513570948400}'], parentObservation={name=http.server.requests(null), error=null, context=name='http.server.requests', contextualName='null', error='null', lowCardinalityKeyValues=[exception='none', method='GET', outcome='SUCCESS', status='200', uri='UNKNOWN'], highCardinalityKeyValues=[http.url='/api/platform/admin/subcategories'], map=[class io.micrometer.core.instrument.Timer$Sample='io.micrometer.core.instrument.Timer$Sample@5aadbcb5', class io.micrometer.core.instrument.LongTaskTimer$Sample='SampleImpl{duration(seconds)=0.0678103, duration(nanos)=6.78103E7, startTimeNanos=109513503495000}'], parentObservation=null}} created for the request. New headers are [host:"localhost:8086", sec-ch-ua-platform:""Windows"", authorization:"Bearer eyJhbGciOiJIUzI1NiJ9.eyJyb2xlcyI6IlNVUEVSX0FETUlOIiwidXNlcklkIjoxLCJlbmFibGVkIjp0cnVlLCJ1c2VybmFtZSI6InN1cGVyYWRtaW5AY2hlcmlzaHguY29tIiwiYWNjb3VudE5vbkxvY2tlZCI6dHJ1ZSwic3ViIjoic3VwZXJhZG1pbkBjaGVyaXNoeC5jb20iLCJpYXQiOjE3OTE0NjgzMjEsImV4cCI6MTc5MTU1NDcyMSwiaXNzIjoibW9tZW50LWZvcmV2ZXItYXBwIiwiYXVkIjoibW9tZW50LWZvcmV2ZXItY2xpZW50In0.MSh7MAgomTQN20GrkE0ylIFKJcho7PbSp53bCRBE2-Y", sec-ch-ua:""Chromium";v="154", "Microsoft Edge";v="154", "Not A(Brand";v="99"", accesstoken:"eyJhbGciOiJIUzI1NiJ9.eyJyb2xlcyI6IlNVUEVSX0FETUlOIiwidXNlcklkIjoxLCJlbmFibGVkIjp0cnVlLCJ1c2VybmFtZSI6InN1cGVyYWRtaW5AY2hlcmlzaHguY29tIiwiYWNjb3VudE5vbkxvY2tlZCI6dHJ1ZSwic3ViIjoic3VwZXJhZG1pbkBjaGVyaXNoeC5jb20iLCJpYXQiOjE3OTE0NjgzMjEsImV4cCI6MTc5MTU1NDcyMSwiaXNzIjoibW9tZW50LWZvcmV2ZXItYXBwIiwiYXVkIjoibW9tZW50LWZvcmV2ZXItY2xpZW50In0.MSh7MAgomTQN20GrkE0ylIFKJcho7PbSp53bCRBE2-Y", sec-ch-ua-mobile:"?0", x-requested-with:"XMLHttpRequest", x-pm-header:"[object Object]", accept:"application/json", user-agent:"Mozilla/5.0 (Windows NT 10.0; Win64; x64) AppleWebKit/537.36 (KHTML, like Gecko) Chrome/154.0.0.0 Safari/537.36 Edg/154.0.0.0", sec-fetch-site:"same-origin", sec-fetch-mode:"cors", sec-fetch-dest:"empty", referer:"http://localhost:5173/admin/locations", accept-encoding:"gzip, deflate, br, zstd", accept-language:"en-GB,en;q=0.9,en-US;q=0.8,en-IN;q=0.7", X-User-Id:"1", X-User-Roles:"SUPER_ADMIN", Forwarded:"proto=http;host="localhost:8086";for="[0:0:0:0:0:0:0:1]:61336"", X-Forwarded-For:"0:0:0:0:0:0:0:1", X-Forwarded-Proto:"http", X-Forwarded-Prefix:"/api", X-Forwarded-Port:"8086", X-Forwarded-Host:"localhost:8086"]
2026-10-08 20:11:48.467 [reactor-http-nio-4] [39mDEBUG[0;39m [36mo.s.c.g.f.h.o.ObservedResponseHttpHeadersFilter[0;39m - Will instrument the response
2026-10-08 20:11:48.468 [reactor-http-nio-4] [39mDEBUG[0;39m [36mo.s.c.g.f.h.o.ObservedResponseHttpHeadersFilter[0;39m - The response was handled for observation {name=http.client.requests(null), error=null, context=name='http.client.requests', contextualName='null', error='null', lowCardinalityKeyValues=[http.method='GET', http.status_code='UNKNOWN', spring.cloud.gateway.route.id='platform-admin', spring.cloud.gateway.route.uri='lb://MOMENT-FOREVER-PLATFORM'], highCardinalityKeyValues=[http.uri='http://localhost:8086/platform/admin/subcategories'], map=[class io.micrometer.core.instrument.Timer$Sample='io.micrometer.core.instrument.Timer$Sample@61ef9a86', class io.micrometer.core.instrument.LongTaskTimer$Sample='SampleImpl{duration(seconds)=0.1048088, duration(nanos)=1.048088E8, startTimeNanos=109513570948400}'], parentObservation={name=http.server.requests(null), error=null, context=name='http.server.requests', contextualName='null', error='null', lowCardinalityKeyValues=[exception='none', method='GET', outcome='SUCCESS', status='200', uri='UNKNOWN'], highCardinalityKeyValues=[http.url='/api/platform/admin/subcategories'], map=[class io.micrometer.core.instrument.Timer$Sample='io.micrometer.core.instrument.Timer$Sample@5aadbcb5', class io.micrometer.core.instrument.LongTaskTimer$Sample='SampleImpl{duration(seconds)=0.1723804, duration(nanos)=1.723804E8, startTimeNanos=109513503495000}'], parentObservation=null}}
2026-10-08 20:11:48.468 [reactor-http-nio-4] [34mINFO [0;39m [36mc.f.M.f.GatewayRequestLoggingFilter[0;39m - GATEWAY_REQUEST method=GET path=/platform/admin/subcategories routeId=platform-admin target=lb://MOMENT-FOREVER-PLATFORM status=200 durationMs=112 signal=onComplete
2026-10-08 20:11:48.477 [reactor-http-nio-2] [39mDEBUG[0;39m [36mo.s.c.g.f.h.o.ObservedResponseHttpHeadersFilter[0;39m - Will instrument the response
2026-10-08 20:11:48.478 [reactor-http-nio-2] [39mDEBUG[0;39m [36mo.s.c.g.f.h.o.ObservedResponseHttpHeadersFilter[0;39m - The response was handled for observation {name=http.client.requests(null), error=null, context=name='http.client.requests', contextualName='null', error='null', lowCardinalityKeyValues=[http.method='GET', http.status_code='UNKNOWN', spring.cloud.gateway.route.id='platform-admin', spring.cloud.gateway.route.uri='lb://MOMENT-FOREVER-PLATFORM'], highCardinalityKeyValues=[http.uri='http://localhost:8086/platform/admin/locations'], map=[class io.micrometer.core.instrument.Timer$Sample='io.micrometer.core.instrument.Timer$Sample@27d4c8bd', class io.micrometer.core.instrument.LongTaskTimer$Sample='SampleImpl{duration(seconds)=0.1253644, duration(nanos)=1.253644E8, startTimeNanos=109513560487300}'], parentObservation={name=http.server.requests(null), error=null, context=name='http.server.requests', contextualName='null', error='null', lowCardinalityKeyValues=[exception='none', method='GET', outcome='SUCCESS', status='200', uri='UNKNOWN'], highCardinalityKeyValues=[http.url='/api/platform/admin/locations'], map=[class io.micrometer.core.instrument.Timer$Sample='io.micrometer.core.instrument.Timer$Sample@76685088', class io.micrometer.core.instrument.LongTaskTimer$Sample='SampleImpl{duration(seconds)=0.1824923, duration(nanos)=1.824923E8, startTimeNanos=109513503442500}'], parentObservation=null}}
2026-10-08 20:11:48.478 [reactor-http-nio-2] [34mINFO [0;39m [36mc.f.M.f.GatewayRequestLoggingFilter[0;39m - GATEWAY_REQUEST method=GET path=/platform/admin/locations routeId=platform-admin target=lb://MOMENT-FOREVER-PLATFORM status=200 durationMs=131 signal=onComplete
2026-10-08 20:11:48.480 [reactor-http-nio-1] [39mDEBUG[0;39m [36mo.s.c.g.f.h.o.ObservedResponseHttpHeadersFilter[0;39m - Will instrument the response
2026-10-08 20:11:48.481 [reactor-http-nio-1] [39mDEBUG[0;39m [36mo.s.c.g.f.h.o.ObservedResponseHttpHeadersFilter[0;39m - The response was handled for observation {name=http.client.requests(null), error=null, context=name='http.client.requests', contextualName='null', error='null', lowCardinalityKeyValues=[http.method='GET', http.status_code='UNKNOWN', spring.cloud.gateway.route.id='platform-admin', spring.cloud.gateway.route.uri='lb://MOMENT-FOREVER-PLATFORM'], highCardinalityKeyValues=[http.uri='http://localhost:8086/platform/admin/categories'], map=[class io.micrometer.core.instrument.Timer$Sample='io.micrometer.core.instrument.Timer$Sample@26b3c126', class io.micrometer.core.instrument.LongTaskTimer$Sample='SampleImpl{duration(seconds)=0.1283186, duration(nanos)=1.283186E8, startTimeNanos=109513560563700}'], parentObservation={name=http.server.requests(null), error=null, context=name='http.server.requests', contextualName='null', error='null', lowCardinalityKeyValues=[exception='none', method='GET', outcome='SUCCESS', status='200', uri='UNKNOWN'], highCardinalityKeyValues=[http.url='/api/platform/admin/categories'], map=[class io.micrometer.core.instrument.Timer$Sample='io.micrometer.core.instrument.Timer$Sample@710f2a7f', class io.micrometer.core.instrument.LongTaskTimer$Sample='SampleImpl{duration(seconds)=0.1852488, duration(nanos)=1.852488E8, startTimeNanos=109513503717300}'], parentObservation=null}}
2026-10-08 20:11:48.482 [reactor-http-nio-1] [34mINFO [0;39m [36mc.f.M.f.GatewayRequestLoggingFilter[0;39m - GATEWAY_REQUEST method=GET path=/platform/admin/categories routeId=platform-admin target=lb://MOMENT-FOREVER-PLATFORM status=200 durationMs=135 signal=onComplete
2026-10-08 20:12:17.357 [reactor-http-nio-9] [39mDEBUG[0;39m [36mo.s.c.g.h.RoutePredicateHandlerMapping[0;39m - Route matched: platform-admin
2026-10-08 20:12:17.358 [reactor-http-nio-10] [39mDEBUG[0;39m [36mo.s.c.g.h.RoutePredicateHandlerMapping[0;39m - Route matched: platform-admin
2026-10-08 20:12:17.358 [reactor-http-nio-9] [39mDEBUG[0;39m [36mo.s.c.g.h.RoutePredicateHandlerMapping[0;39m - Mapping [Exchange: GET http://localhost:8086/api/platform/admin/locations/1/subcategories] to Route{id='platform-admin', uri=lb://MOMENT-FOREVER-PLATFORM, order=0, predicate=Paths: [/api/platform/admin/**], match trailing slash: true, gatewayFilters=[[[StripPrefix parts = 1], order = 1]], metadata={requires-auth=true}}
2026-10-08 20:12:17.358 [reactor-http-nio-10] [39mDEBUG[0;39m [36mo.s.c.g.h.RoutePredicateHandlerMapping[0;39m - Mapping [Exchange: GET http://localhost:8086/api/platform/admin/locations/1/categories] to Route{id='platform-admin', uri=lb://MOMENT-FOREVER-PLATFORM, order=0, predicate=Paths: [/api/platform/admin/**], match trailing slash: true, gatewayFilters=[[[StripPrefix parts = 1], order = 1]], metadata={requires-auth=true}}
2026-10-08 20:12:17.358 [reactor-http-nio-9] [39mDEBUG[0;39m [36mo.s.c.g.h.RoutePredicateHandlerMapping[0;39m - [d06c7c63-387] Mapped to org.springframework.cloud.gateway.handler.FilteringWebHandler@3f7c6365
2026-10-08 20:12:17.358 [reactor-http-nio-10] [39mDEBUG[0;39m [36mo.s.c.g.h.RoutePredicateHandlerMapping[0;39m - [a61b3b86-388] Mapped to org.springframework.cloud.gateway.handler.FilteringWebHandler@3f7c6365
2026-10-08 20:12:17.359 [reactor-http-nio-10] [39mDEBUG[0;39m [36mo.s.c.g.handler.FilteringWebHandler[0;39m - Sorted gatewayFilterFactories: [[GatewayFilterAdapter{delegate=org.springframework.cloud.gateway.filter.RemoveCachedBodyFilter@7227926b}, order = -2147483648], [GatewayFilterAdapter{delegate=org.springframework.cloud.gateway.filter.AdaptCachedBodyGlobalFilter@79617c3d}, order = -2147482648], [GatewayFilterAdapter{delegate=com.forvmom.MomentForeverAPIGateway.filter.JwtAuthenticationFilter@35a9e665}, order = -1], [GatewayFilterAdapter{delegate=org.springframework.cloud.gateway.filter.NettyWriteResponseFilter@1b632442}, order = -1], [GatewayFilterAdapter{delegate=org.springframework.cloud.gateway.filter.ForwardPathFilter@57a982f9}, order = 0], [GatewayFilterAdapter{delegate=org.springframework.cloud.gateway.filter.GatewayMetricsFilter@1b69fc07}, order = 0], [[StripPrefix parts = 1], order = 1], [GatewayFilterAdapter{delegate=org.springframework.cloud.gateway.filter.RouteToRequestUrlFilter@2f75a9b1}, order = 10000], [GatewayFilterAdapter{delegate=org.springframework.cloud.gateway.filter.ReactiveLoadBalancerClientFilter@362be0cd}, order = 10150], [GatewayFilterAdapter{delegate=org.springframework.cloud.gateway.filter.LoadBalancerServiceInstanceCookieFilter@2dde0a34}, order = 10151], [GatewayFilterAdapter{delegate=org.springframework.cloud.gateway.filter.WebsocketRoutingFilter@19d3f6ad}, order = 2147483646], [GatewayFilterAdapter{delegate=com.forvmom.MomentForeverAPIGateway.filter.GatewayRequestLoggingFilter@6a04d2a4}, order = 2147483647], [GatewayFilterAdapter{delegate=org.springframework.cloud.gateway.filter.NettyRoutingFilter@61836cd9}, order = 2147483647], [GatewayFilterAdapter{delegate=org.springframework.cloud.gateway.filter.ForwardRoutingFilter@556aed22}, order = 2147483647]]
2026-10-08 20:12:17.359 [reactor-http-nio-9] [39mDEBUG[0;39m [36mo.s.c.g.handler.FilteringWebHandler[0;39m - Sorted gatewayFilterFactories: [[GatewayFilterAdapter{delegate=org.springframework.cloud.gateway.filter.RemoveCachedBodyFilter@7227926b}, order = -2147483648], [GatewayFilterAdapter{delegate=org.springframework.cloud.gateway.filter.AdaptCachedBodyGlobalFilter@79617c3d}, order = -2147482648], [GatewayFilterAdapter{delegate=com.forvmom.MomentForeverAPIGateway.filter.JwtAuthenticationFilter@35a9e665}, order = -1], [GatewayFilterAdapter{delegate=org.springframework.cloud.gateway.filter.NettyWriteResponseFilter@1b632442}, order = -1], [GatewayFilterAdapter{delegate=org.springframework.cloud.gateway.filter.ForwardPathFilter@57a982f9}, order = 0], [GatewayFilterAdapter{delegate=org.springframework.cloud.gateway.filter.GatewayMetricsFilter@1b69fc07}, order = 0], [[StripPrefix parts = 1], order = 1], [GatewayFilterAdapter{delegate=org.springframework.cloud.gateway.filter.RouteToRequestUrlFilter@2f75a9b1}, order = 10000], [GatewayFilterAdapter{delegate=org.springframework.cloud.gateway.filter.ReactiveLoadBalancerClientFilter@362be0cd}, order = 10150], [GatewayFilterAdapter{delegate=org.springframework.cloud.gateway.filter.LoadBalancerServiceInstanceCookieFilter@2dde0a34}, order = 10151], [GatewayFilterAdapter{delegate=org.springframework.cloud.gateway.filter.WebsocketRoutingFilter@19d3f6ad}, order = 2147483646], [GatewayFilterAdapter{delegate=com.forvmom.MomentForeverAPIGateway.filter.GatewayRequestLoggingFilter@6a04d2a4}, order = 2147483647], [GatewayFilterAdapter{delegate=org.springframework.cloud.gateway.filter.NettyRoutingFilter@61836cd9}, order = 2147483647], [GatewayFilterAdapter{delegate=org.springframework.cloud.gateway.filter.ForwardRoutingFilter@556aed22}, order = 2147483647]]
2026-10-08 20:12:17.383 [boundedElastic-4] [39mDEBUG[0;39m [36mo.s.c.g.f.h.o.ObservedRequestHttpHeadersFilter[0;39m - Will instrument the HTTP request headers [host:"localhost:8086", sec-ch-ua-platform:""Windows"", authorization:"Bearer eyJhbGciOiJIUzI1NiJ9.eyJyb2xlcyI6IlNVUEVSX0FETUlOIiwidXNlcklkIjoxLCJlbmFibGVkIjp0cnVlLCJ1c2VybmFtZSI6InN1cGVyYWRtaW5AY2hlcmlzaHguY29tIiwiYWNjb3VudE5vbkxvY2tlZCI6dHJ1ZSwic3ViIjoic3VwZXJhZG1pbkBjaGVyaXNoeC5jb20iLCJpYXQiOjE3OTE0NjgzMjEsImV4cCI6MTc5MTU1NDcyMSwiaXNzIjoibW9tZW50LWZvcmV2ZXItYXBwIiwiYXVkIjoibW9tZW50LWZvcmV2ZXItY2xpZW50In0.MSh7MAgomTQN20GrkE0ylIFKJcho7PbSp53bCRBE2-Y", sec-ch-ua:""Chromium";v="154", "Microsoft Edge";v="154", "Not A(Brand";v="99"", accesstoken:"eyJhbGciOiJIUzI1NiJ9.eyJyb2xlcyI6IlNVUEVSX0FETUlOIiwidXNlcklkIjoxLCJlbmFibGVkIjp0cnVlLCJ1c2VybmFtZSI6InN1cGVyYWRtaW5AY2hlcmlzaHguY29tIiwiYWNjb3VudE5vbkxvY2tlZCI6dHJ1ZSwic3ViIjoic3VwZXJhZG1pbkBjaGVyaXNoeC5jb20iLCJpYXQiOjE3OTE0NjgzMjEsImV4cCI6MTc5MTU1NDcyMSwiaXNzIjoibW9tZW50LWZvcmV2ZXItYXBwIiwiYXVkIjoibW9tZW50LWZvcmV2ZXItY2xpZW50In0.MSh7MAgomTQN20GrkE0ylIFKJcho7PbSp53bCRBE2-Y", sec-ch-ua-mobile:"?0", x-requested-with:"XMLHttpRequest", x-pm-header:"[object Object]", accept:"application/json", user-agent:"Mozilla/5.0 (Windows NT 10.0; Win64; x64) AppleWebKit/537.36 (KHTML, like Gecko) Chrome/154.0.0.0 Safari/537.36 Edg/154.0.0.0", sec-fetch-site:"same-origin", sec-fetch-mode:"cors", sec-fetch-dest:"empty", referer:"http://localhost:5173/admin/locations", accept-encoding:"gzip, deflate, br, zstd", accept-language:"en-GB,en;q=0.9,en-US;q=0.8,en-IN;q=0.7", X-User-Id:"1", X-User-Roles:"SUPER_ADMIN", Forwarded:"proto=http;host="localhost:8086";for="[0:0:0:0:0:0:0:1]:61669"", X-Forwarded-For:"0:0:0:0:0:0:0:1", X-Forwarded-Proto:"http", X-Forwarded-Prefix:"/api", X-Forwarded-Port:"8086", X-Forwarded-Host:"localhost:8086"]
2026-10-08 20:12:17.384 [boundedElastic-9] [39mDEBUG[0;39m [36mo.s.c.g.f.h.o.ObservedRequestHttpHeadersFilter[0;39m - Will instrument the HTTP request headers [host:"localhost:8086", sec-ch-ua-platform:""Windows"", authorization:"Bearer eyJhbGciOiJIUzI1NiJ9.eyJyb2xlcyI6IlNVUEVSX0FETUlOIiwidXNlcklkIjoxLCJlbmFibGVkIjp0cnVlLCJ1c2VybmFtZSI6InN1cGVyYWRtaW5AY2hlcmlzaHguY29tIiwiYWNjb3VudE5vbkxvY2tlZCI6dHJ1ZSwic3ViIjoic3VwZXJhZG1pbkBjaGVyaXNoeC5jb20iLCJpYXQiOjE3OTE0NjgzMjEsImV4cCI6MTc5MTU1NDcyMSwiaXNzIjoibW9tZW50LWZvcmV2ZXItYXBwIiwiYXVkIjoibW9tZW50LWZvcmV2ZXItY2xpZW50In0.MSh7MAgomTQN20GrkE0ylIFKJcho7PbSp53bCRBE2-Y", sec-ch-ua:""Chromium";v="154", "Microsoft Edge";v="154", "Not A(Brand";v="99"", accesstoken:"eyJhbGciOiJIUzI1NiJ9.eyJyb2xlcyI6IlNVUEVSX0FETUlOIiwidXNlcklkIjoxLCJlbmFibGVkIjp0cnVlLCJ1c2VybmFtZSI6InN1cGVyYWRtaW5AY2hlcmlzaHguY29tIiwiYWNjb3VudE5vbkxvY2tlZCI6dHJ1ZSwic3ViIjoic3VwZXJhZG1pbkBjaGVyaXNoeC5jb20iLCJpYXQiOjE3OTE0NjgzMjEsImV4cCI6MTc5MTU1NDcyMSwiaXNzIjoibW9tZW50LWZvcmV2ZXItYXBwIiwiYXVkIjoibW9tZW50LWZvcmV2ZXItY2xpZW50In0.MSh7MAgomTQN20GrkE0ylIFKJcho7PbSp53bCRBE2-Y", sec-ch-ua-mobile:"?0", x-requested-with:"XMLHttpRequest", x-pm-header:"[object Object]", accept:"application/json", user-agent:"Mozilla/5.0 (Windows NT 10.0; Win64; x64) AppleWebKit/537.36 (KHTML, like Gecko) Chrome/154.0.0.0 Safari/537.36 Edg/154.0.0.0", sec-fetch-site:"same-origin", sec-fetch-mode:"cors", sec-fetch-dest:"empty", referer:"http://localhost:5173/admin/locations", accept-encoding:"gzip, deflate, br, zstd", accept-language:"en-GB,en;q=0.9,en-US;q=0.8,en-IN;q=0.7", X-User-Id:"1", X-User-Roles:"SUPER_ADMIN", Forwarded:"proto=http;host="localhost:8086";for="[0:0:0:0:0:0:0:1]:61668"", X-Forwarded-For:"0:0:0:0:0:0:0:1", X-Forwarded-Proto:"http", X-Forwarded-Prefix:"/api", X-Forwarded-Port:"8086", X-Forwarded-Host:"localhost:8086"]
2026-10-08 20:12:17.384 [boundedElastic-4] [39mDEBUG[0;39m [36mo.s.c.g.f.h.o.ObservedRequestHttpHeadersFilter[0;39m - Client observation  {name=http.client.requests(null), error=null, context=name='http.client.requests', contextualName='null', error='null', lowCardinalityKeyValues=[http.method='GET', http.status_code='UNKNOWN', spring.cloud.gateway.route.id='platform-admin', spring.cloud.gateway.route.uri='lb://MOMENT-FOREVER-PLATFORM'], highCardinalityKeyValues=[http.uri='http://localhost:8086/platform/admin/locations/1/categories'], map=[class io.micrometer.core.instrument.Timer$Sample='io.micrometer.core.instrument.Timer$Sample@276bdf66', class io.micrometer.core.instrument.LongTaskTimer$Sample='SampleImpl{duration(seconds)=6.31E-5, duration(nanos)=63100.0, startTimeNanos=109542591911000}'], parentObservation={name=http.server.requests(null), error=null, context=name='http.server.requests', contextualName='null', error='null', lowCardinalityKeyValues=[exception='none', method='GET', outcome='SUCCESS', status='200', uri='UNKNOWN'], highCardinalityKeyValues=[http.url='/api/platform/admin/locations/1/categories'], map=[class io.micrometer.core.instrument.Timer$Sample='io.micrometer.core.instrument.Timer$Sample@5166cf0e', class io.micrometer.core.instrument.LongTaskTimer$Sample='SampleImpl{duration(seconds)=0.0258443, duration(nanos)=2.58443E7, startTimeNanos=109542566192700}'], parentObservation=null}} created for the request. New headers are [host:"localhost:8086", sec-ch-ua-platform:""Windows"", authorization:"Bearer eyJhbGciOiJIUzI1NiJ9.eyJyb2xlcyI6IlNVUEVSX0FETUlOIiwidXNlcklkIjoxLCJlbmFibGVkIjp0cnVlLCJ1c2VybmFtZSI6InN1cGVyYWRtaW5AY2hlcmlzaHguY29tIiwiYWNjb3VudE5vbkxvY2tlZCI6dHJ1ZSwic3ViIjoic3VwZXJhZG1pbkBjaGVyaXNoeC5jb20iLCJpYXQiOjE3OTE0NjgzMjEsImV4cCI6MTc5MTU1NDcyMSwiaXNzIjoibW9tZW50LWZvcmV2ZXItYXBwIiwiYXVkIjoibW9tZW50LWZvcmV2ZXItY2xpZW50In0.MSh7MAgomTQN20GrkE0ylIFKJcho7PbSp53bCRBE2-Y", sec-ch-ua:""Chromium";v="154", "Microsoft Edge";v="154", "Not A(Brand";v="99"", accesstoken:"eyJhbGciOiJIUzI1NiJ9.eyJyb2xlcyI6IlNVUEVSX0FETUlOIiwidXNlcklkIjoxLCJlbmFibGVkIjp0cnVlLCJ1c2VybmFtZSI6InN1cGVyYWRtaW5AY2hlcmlzaHguY29tIiwiYWNjb3VudE5vbkxvY2tlZCI6dHJ1ZSwic3ViIjoic3VwZXJhZG1pbkBjaGVyaXNoeC5jb20iLCJpYXQiOjE3OTE0NjgzMjEsImV4cCI6MTc5MTU1NDcyMSwiaXNzIjoibW9tZW50LWZvcmV2ZXItYXBwIiwiYXVkIjoibW9tZW50LWZvcmV2ZXItY2xpZW50In0.MSh7MAgomTQN20GrkE0ylIFKJcho7PbSp53bCRBE2-Y", sec-ch-ua-mobile:"?0", x-requested-with:"XMLHttpRequest", x-pm-header:"[object Object]", accept:"application/json", user-agent:"Mozilla/5.0 (Windows NT 10.0; Win64; x64) AppleWebKit/537.36 (KHTML, like Gecko) Chrome/154.0.0.0 Safari/537.36 Edg/154.0.0.0", sec-fetch-site:"same-origin", sec-fetch-mode:"cors", sec-fetch-dest:"empty", referer:"http://localhost:5173/admin/locations", accept-encoding:"gzip, deflate, br, zstd", accept-language:"en-GB,en;q=0.9,en-US;q=0.8,en-IN;q=0.7", X-User-Id:"1", X-User-Roles:"SUPER_ADMIN", Forwarded:"proto=http;host="localhost:8086";for="[0:0:0:0:0:0:0:1]:61669"", X-Forwarded-For:"0:0:0:0:0:0:0:1", X-Forwarded-Proto:"http", X-Forwarded-Prefix:"/api", X-Forwarded-Port:"8086", X-Forwarded-Host:"localhost:8086"]
2026-10-08 20:12:17.384 [boundedElastic-9] [39mDEBUG[0;39m [36mo.s.c.g.f.h.o.ObservedRequestHttpHeadersFilter[0;39m - Client observation  {name=http.client.requests(null), error=null, context=name='http.client.requests', contextualName='null', error='null', lowCardinalityKeyValues=[http.method='GET', http.status_code='UNKNOWN', spring.cloud.gateway.route.id='platform-admin', spring.cloud.gateway.route.uri='lb://MOMENT-FOREVER-PLATFORM'], highCardinalityKeyValues=[http.uri='http://localhost:8086/platform/admin/locations/1/subcategories'], map=[class io.micrometer.core.instrument.Timer$Sample='io.micrometer.core.instrument.Timer$Sample@394a9b7c', class io.micrometer.core.instrument.LongTaskTimer$Sample='SampleImpl{duration(seconds)=4.5E-5, duration(nanos)=45000.0, startTimeNanos=109542592141000}'], parentObservation={name=http.server.requests(null), error=null, context=name='http.server.requests', contextualName='null', error='null', lowCardinalityKeyValues=[exception='none', method='GET', outcome='SUCCESS', status='200', uri='UNKNOWN'], highCardinalityKeyValues=[http.url='/api/platform/admin/locations/1/subcategories'], map=[class io.micrometer.core.instrument.Timer$Sample='io.micrometer.core.instrument.Timer$Sample@50c91a5a', class io.micrometer.core.instrument.LongTaskTimer$Sample='SampleImpl{duration(seconds)=0.026531, duration(nanos)=2.6531E7, startTimeNanos=109542565709600}'], parentObservation=null}} created for the request. New headers are [host:"localhost:8086", sec-ch-ua-platform:""Windows"", authorization:"Bearer eyJhbGciOiJIUzI1NiJ9.eyJyb2xlcyI6IlNVUEVSX0FETUlOIiwidXNlcklkIjoxLCJlbmFibGVkIjp0cnVlLCJ1c2VybmFtZSI6InN1cGVyYWRtaW5AY2hlcmlzaHguY29tIiwiYWNjb3VudE5vbkxvY2tlZCI6dHJ1ZSwic3ViIjoic3VwZXJhZG1pbkBjaGVyaXNoeC5jb20iLCJpYXQiOjE3OTE0NjgzMjEsImV4cCI6MTc5MTU1NDcyMSwiaXNzIjoibW9tZW50LWZvcmV2ZXItYXBwIiwiYXVkIjoibW9tZW50LWZvcmV2ZXItY2xpZW50In0.MSh7MAgomTQN20GrkE0ylIFKJcho7PbSp53bCRBE2-Y", sec-ch-ua:""Chromium";v="154", "Microsoft Edge";v="154", "Not A(Brand";v="99"", accesstoken:"eyJhbGciOiJIUzI1NiJ9.eyJyb2xlcyI6IlNVUEVSX0FETUlOIiwidXNlcklkIjoxLCJlbmFibGVkIjp0cnVlLCJ1c2VybmFtZSI6InN1cGVyYWRtaW5AY2hlcmlzaHguY29tIiwiYWNjb3VudE5vbkxvY2tlZCI6dHJ1ZSwic3ViIjoic3VwZXJhZG1pbkBjaGVyaXNoeC5jb20iLCJpYXQiOjE3OTE0NjgzMjEsImV4cCI6MTc5MTU1NDcyMSwiaXNzIjoibW9tZW50LWZvcmV2ZXItYXBwIiwiYXVkIjoibW9tZW50LWZvcmV2ZXItY2xpZW50In0.MSh7MAgomTQN20GrkE0ylIFKJcho7PbSp53bCRBE2-Y", sec-ch-ua-mobile:"?0", x-requested-with:"XMLHttpRequest", x-pm-header:"[object Object]", accept:"application/json", user-agent:"Mozilla/5.0 (Windows NT 10.0; Win64; x64) AppleWebKit/537.36 (KHTML, like Gecko) Chrome/154.0.0.0 Safari/537.36 Edg/154.0.0.0", sec-fetch-site:"same-origin", sec-fetch-mode:"cors", sec-fetch-dest:"empty", referer:"http://localhost:5173/admin/locations", accept-encoding:"gzip, deflate, br, zstd", accept-language:"en-GB,en;q=0.9,en-US;q=0.8,en-IN;q=0.7", X-User-Id:"1", X-User-Roles:"SUPER_ADMIN", Forwarded:"proto=http;host="localhost:8086";for="[0:0:0:0:0:0:0:1]:61668"", X-Forwarded-For:"0:0:0:0:0:0:0:1", X-Forwarded-Proto:"http", X-Forwarded-Prefix:"/api", X-Forwarded-Port:"8086", X-Forwarded-Host:"localhost:8086"]
2026-10-08 20:12:17.454 [reactor-http-nio-2] [39mDEBUG[0;39m [36mo.s.c.g.f.h.o.ObservedResponseHttpHeadersFilter[0;39m - Will instrument the response
2026-10-08 20:12:17.455 [reactor-http-nio-2] [39mDEBUG[0;39m [36mo.s.c.g.f.h.o.ObservedResponseHttpHeadersFilter[0;39m - The response was handled for observation {name=http.client.requests(null), error=null, context=name='http.client.requests', contextualName='null', error='null', lowCardinalityKeyValues=[http.method='GET', http.status_code='UNKNOWN', spring.cloud.gateway.route.id='platform-admin', spring.cloud.gateway.route.uri='lb://MOMENT-FOREVER-PLATFORM'], highCardinalityKeyValues=[http.uri='http://localhost:8086/platform/admin/locations/1/subcategories'], map=[class io.micrometer.core.instrument.Timer$Sample='io.micrometer.core.instrument.Timer$Sample@394a9b7c', class io.micrometer.core.instrument.LongTaskTimer$Sample='SampleImpl{duration(seconds)=0.07088, duration(nanos)=7.088E7, startTimeNanos=109542592141000}'], parentObservation={name=http.server.requests(null), error=null, context=name='http.server.requests', contextualName='null', error='null', lowCardinalityKeyValues=[exception='none', method='GET', outcome='SUCCESS', status='200', uri='UNKNOWN'], highCardinalityKeyValues=[http.url='/api/platform/admin/locations/1/subcategories'], map=[class io.micrometer.core.instrument.Timer$Sample='io.micrometer.core.instrument.Timer$Sample@50c91a5a', class io.micrometer.core.instrument.LongTaskTimer$Sample='SampleImpl{duration(seconds)=0.0974426, duration(nanos)=9.74426E7, startTimeNanos=109542565709600}'], parentObservation=null}}
2026-10-08 20:12:17.456 [reactor-http-nio-2] [34mINFO [0;39m [36mc.f.M.f.GatewayRequestLoggingFilter[0;39m - GATEWAY_REQUEST method=GET path=/platform/admin/locations/1/subcategories routeId=platform-admin target=lb://MOMENT-FOREVER-PLATFORM status=200 durationMs=73 signal=onComplete
2026-10-08 20:12:17.457 [reactor-http-nio-4] [39mDEBUG[0;39m [36mo.s.c.g.f.h.o.ObservedResponseHttpHeadersFilter[0;39m - Will instrument the response
2026-10-08 20:12:17.458 [reactor-http-nio-4] [39mDEBUG[0;39m [36mo.s.c.g.f.h.o.ObservedResponseHttpHeadersFilter[0;39m - The response was handled for observation {name=http.client.requests(null), error=null, context=name='http.client.requests', contextualName='null', error='null', lowCardinalityKeyValues=[http.method='GET', http.status_code='UNKNOWN', spring.cloud.gateway.route.id='platform-admin', spring.cloud.gateway.route.uri='lb://MOMENT-FOREVER-PLATFORM'], highCardinalityKeyValues=[http.uri='http://localhost:8086/platform/admin/locations/1/categories'], map=[class io.micrometer.core.instrument.Timer$Sample='io.micrometer.core.instrument.Timer$Sample@276bdf66', class io.micrometer.core.instrument.LongTaskTimer$Sample='SampleImpl{duration(seconds)=0.0740497, duration(nanos)=7.40497E7, startTimeNanos=109542591911000}'], parentObservation={name=http.server.requests(null), error=null, context=name='http.server.requests', contextualName='null', error='null', lowCardinalityKeyValues=[exception='none', method='GET', outcome='SUCCESS', status='200', uri='UNKNOWN'], highCardinalityKeyValues=[http.url='/api/platform/admin/locations/1/categories'], map=[class io.micrometer.core.instrument.Timer$Sample='io.micrometer.core.instrument.Timer$Sample@5166cf0e', class io.micrometer.core.instrument.LongTaskTimer$Sample='SampleImpl{duration(seconds)=0.0998811, duration(nanos)=9.98811E7, startTimeNanos=109542566192700}'], parentObservation=null}}
2026-10-08 20:12:17.459 [reactor-http-nio-4] [34mINFO [0;39m [36mc.f.M.f.GatewayRequestLoggingFilter[0;39m - GATEWAY_REQUEST method=GET path=/platform/admin/locations/1/categories routeId=platform-admin target=lb://MOMENT-FOREVER-PLATFORM status=200 durationMs=76 signal=onComplete
2026-10-08 20:12:25.873 [reactor-http-nio-1] [39mDEBUG[0;39m [36mo.s.c.g.h.RoutePredicateHandlerMapping[0;39m - Route matched: platform-admin
2026-10-08 20:12:25.873 [reactor-http-nio-12] [39mDEBUG[0;39m [36mo.s.c.g.h.RoutePredicateHandlerMapping[0;39m - Route matched: platform-admin
2026-10-08 20:12:25.873 [reactor-http-nio-1] [39mDEBUG[0;39m [36mo.s.c.g.h.RoutePredicateHandlerMapping[0;39m - Mapping [Exchange: GET http://localhost:8086/api/platform/admin/locations/2/categories] to Route{id='platform-admin', uri=lb://MOMENT-FOREVER-PLATFORM, order=0, predicate=Paths: [/api/platform/admin/**], match trailing slash: true, gatewayFilters=[[[StripPrefix parts = 1], order = 1]], metadata={requires-auth=true}}
2026-10-08 20:12:25.873 [reactor-http-nio-12] [39mDEBUG[0;39m [36mo.s.c.g.h.RoutePredicateHandlerMapping[0;39m - Mapping [Exchange: GET http://localhost:8086/api/platform/admin/locations/2/subcategories] to Route{id='platform-admin', uri=lb://MOMENT-FOREVER-PLATFORM, order=0, predicate=Paths: [/api/platform/admin/**], match trailing slash: true, gatewayFilters=[[[StripPrefix parts = 1], order = 1]], metadata={requires-auth=true}}
2026-10-08 20:12:25.874 [reactor-http-nio-1] [39mDEBUG[0;39m [36mo.s.c.g.h.RoutePredicateHandlerMapping[0;39m - [e124f374-391] Mapped to org.springframework.cloud.gateway.handler.FilteringWebHandler@3f7c6365
2026-10-08 20:12:25.874 [reactor-http-nio-12] [39mDEBUG[0;39m [36mo.s.c.g.h.RoutePredicateHandlerMapping[0;39m - [d9db1a15-390] Mapped to org.springframework.cloud.gateway.handler.FilteringWebHandler@3f7c6365
2026-10-08 20:12:25.874 [reactor-http-nio-12] [39mDEBUG[0;39m [36mo.s.c.g.handler.FilteringWebHandler[0;39m - Sorted gatewayFilterFactories: [[GatewayFilterAdapter{delegate=org.springframework.cloud.gateway.filter.RemoveCachedBodyFilter@7227926b}, order = -2147483648], [GatewayFilterAdapter{delegate=org.springframework.cloud.gateway.filter.AdaptCachedBodyGlobalFilter@79617c3d}, order = -2147482648], [GatewayFilterAdapter{delegate=com.forvmom.MomentForeverAPIGateway.filter.JwtAuthenticationFilter@35a9e665}, order = -1], [GatewayFilterAdapter{delegate=org.springframework.cloud.gateway.filter.NettyWriteResponseFilter@1b632442}, order = -1], [GatewayFilterAdapter{delegate=org.springframework.cloud.gateway.filter.ForwardPathFilter@57a982f9}, order = 0], [GatewayFilterAdapter{delegate=org.springframework.cloud.gateway.filter.GatewayMetricsFilter@1b69fc07}, order = 0], [[StripPrefix parts = 1], order = 1], [GatewayFilterAdapter{delegate=org.springframework.cloud.gateway.filter.RouteToRequestUrlFilter@2f75a9b1}, order = 10000], [GatewayFilterAdapter{delegate=org.springframework.cloud.gateway.filter.ReactiveLoadBalancerClientFilter@362be0cd}, order = 10150], [GatewayFilterAdapter{delegate=org.springframework.cloud.gateway.filter.LoadBalancerServiceInstanceCookieFilter@2dde0a34}, order = 10151], [GatewayFilterAdapter{delegate=org.springframework.cloud.gateway.filter.WebsocketRoutingFilter@19d3f6ad}, order = 2147483646], [GatewayFilterAdapter{delegate=com.forvmom.MomentForeverAPIGateway.filter.GatewayRequestLoggingFilter@6a04d2a4}, order = 2147483647], [GatewayFilterAdapter{delegate=org.springframework.cloud.gateway.filter.NettyRoutingFilter@61836cd9}, order = 2147483647], [GatewayFilterAdapter{delegate=org.springframework.cloud.gateway.filter.ForwardRoutingFilter@556aed22}, order = 2147483647]]
2026-10-08 20:12:25.874 [reactor-http-nio-1] [39mDEBUG[0;39m [36mo.s.c.g.handler.FilteringWebHandler[0;39m - Sorted gatewayFilterFactories: [[GatewayFilterAdapter{delegate=org.springframework.cloud.gateway.filter.RemoveCachedBodyFilter@7227926b}, order = -2147483648], [GatewayFilterAdapter{delegate=org.springframework.cloud.gateway.filter.AdaptCachedBodyGlobalFilter@79617c3d}, order = -2147482648], [GatewayFilterAdapter{delegate=com.forvmom.MomentForeverAPIGateway.filter.JwtAuthenticationFilter@35a9e665}, order = -1], [GatewayFilterAdapter{delegate=org.springframework.cloud.gateway.filter.NettyWriteResponseFilter@1b632442}, order = -1], [GatewayFilterAdapter{delegate=org.springframework.cloud.gateway.filter.ForwardPathFilter@57a982f9}, order = 0], [GatewayFilterAdapter{delegate=org.springframework.cloud.gateway.filter.GatewayMetricsFilter@1b69fc07}, order = 0], [[StripPrefix parts = 1], order = 1], [GatewayFilterAdapter{delegate=org.springframework.cloud.gateway.filter.RouteToRequestUrlFilter@2f75a9b1}, order = 10000], [GatewayFilterAdapter{delegate=org.springframework.cloud.gateway.filter.ReactiveLoadBalancerClientFilter@362be0cd}, order = 10150], [GatewayFilterAdapter{delegate=org.springframework.cloud.gateway.filter.LoadBalancerServiceInstanceCookieFilter@2dde0a34}, order = 10151], [GatewayFilterAdapter{delegate=org.springframework.cloud.gateway.filter.WebsocketRoutingFilter@19d3f6ad}, order = 2147483646], [GatewayFilterAdapter{delegate=com.forvmom.MomentForeverAPIGateway.filter.GatewayRequestLoggingFilter@6a04d2a4}, order = 2147483647], [GatewayFilterAdapter{delegate=org.springframework.cloud.gateway.filter.NettyRoutingFilter@61836cd9}, order = 2147483647], [GatewayFilterAdapter{delegate=org.springframework.cloud.gateway.filter.ForwardRoutingFilter@556aed22}, order = 2147483647]]
2026-10-08 20:12:25.901 [boundedElastic-8] [39mDEBUG[0;39m [36mo.s.c.g.f.h.o.ObservedRequestHttpHeadersFilter[0;39m - Will instrument the HTTP request headers [host:"localhost:8086", sec-ch-ua-platform:""Windows"", authorization:"Bearer eyJhbGciOiJIUzI1NiJ9.eyJyb2xlcyI6IlNVUEVSX0FETUlOIiwidXNlcklkIjoxLCJlbmFibGVkIjp0cnVlLCJ1c2VybmFtZSI6InN1cGVyYWRtaW5AY2hlcmlzaHguY29tIiwiYWNjb3VudE5vbkxvY2tlZCI6dHJ1ZSwic3ViIjoic3VwZXJhZG1pbkBjaGVyaXNoeC5jb20iLCJpYXQiOjE3OTE0NjgzMjEsImV4cCI6MTc5MTU1NDcyMSwiaXNzIjoibW9tZW50LWZvcmV2ZXItYXBwIiwiYXVkIjoibW9tZW50LWZvcmV2ZXItY2xpZW50In0.MSh7MAgomTQN20GrkE0ylIFKJcho7PbSp53bCRBE2-Y", sec-ch-ua:""Chromium";v="154", "Microsoft Edge";v="154", "Not A(Brand";v="99"", accesstoken:"eyJhbGciOiJIUzI1NiJ9.eyJyb2xlcyI6IlNVUEVSX0FETUlOIiwidXNlcklkIjoxLCJlbmFibGVkIjp0cnVlLCJ1c2VybmFtZSI6InN1cGVyYWRtaW5AY2hlcmlzaHguY29tIiwiYWNjb3VudE5vbkxvY2tlZCI6dHJ1ZSwic3ViIjoic3VwZXJhZG1pbkBjaGVyaXNoeC5jb20iLCJpYXQiOjE3OTE0NjgzMjEsImV4cCI6MTc5MTU1NDcyMSwiaXNzIjoibW9tZW50LWZvcmV2ZXItYXBwIiwiYXVkIjoibW9tZW50LWZvcmV2ZXItY2xpZW50In0.MSh7MAgomTQN20GrkE0ylIFKJcho7PbSp53bCRBE2-Y", sec-ch-ua-mobile:"?0", x-requested-with:"XMLHttpRequest", x-pm-header:"[object Object]", accept:"application/json", user-agent:"Mozilla/5.0 (Windows NT 10.0; Win64; x64) AppleWebKit/537.36 (KHTML, like Gecko) Chrome/154.0.0.0 Safari/537.36 Edg/154.0.0.0", sec-fetch-site:"same-origin", sec-fetch-mode:"cors", sec-fetch-dest:"empty", referer:"http://localhost:5173/admin/locations", accept-encoding:"gzip, deflate, br, zstd", accept-language:"en-GB,en;q=0.9,en-US;q=0.8,en-IN;q=0.7", X-User-Id:"1", X-User-Roles:"SUPER_ADMIN", Forwarded:"proto=http;host="localhost:8086";for="[0:0:0:0:0:0:0:1]:54173"", X-Forwarded-For:"0:0:0:0:0:0:0:1", X-Forwarded-Proto:"http", X-Forwarded-Prefix:"/api", X-Forwarded-Port:"8086", X-Forwarded-Host:"localhost:8086"]
2026-10-08 20:12:25.901 [boundedElastic-2] [39mDEBUG[0;39m [36mo.s.c.g.f.h.o.ObservedRequestHttpHeadersFilter[0;39m - Will instrument the HTTP request headers [host:"localhost:8086", sec-ch-ua-platform:""Windows"", authorization:"Bearer eyJhbGciOiJIUzI1NiJ9.eyJyb2xlcyI6IlNVUEVSX0FETUlOIiwidXNlcklkIjoxLCJlbmFibGVkIjp0cnVlLCJ1c2VybmFtZSI6InN1cGVyYWRtaW5AY2hlcmlzaHguY29tIiwiYWNjb3VudE5vbkxvY2tlZCI6dHJ1ZSwic3ViIjoic3VwZXJhZG1pbkBjaGVyaXNoeC5jb20iLCJpYXQiOjE3OTE0NjgzMjEsImV4cCI6MTc5MTU1NDcyMSwiaXNzIjoibW9tZW50LWZvcmV2ZXItYXBwIiwiYXVkIjoibW9tZW50LWZvcmV2ZXItY2xpZW50In0.MSh7MAgomTQN20GrkE0ylIFKJcho7PbSp53bCRBE2-Y", sec-ch-ua:""Chromium";v="154", "Microsoft Edge";v="154", "Not A(Brand";v="99"", accesstoken:"eyJhbGciOiJIUzI1NiJ9.eyJyb2xlcyI6IlNVUEVSX0FETUlOIiwidXNlcklkIjoxLCJlbmFibGVkIjp0cnVlLCJ1c2VybmFtZSI6InN1cGVyYWRtaW5AY2hlcmlzaHguY29tIiwiYWNjb3VudE5vbkxvY2tlZCI6dHJ1ZSwic3ViIjoic3VwZXJhZG1pbkBjaGVyaXNoeC5jb20iLCJpYXQiOjE3OTE0NjgzMjEsImV4cCI6MTc5MTU1NDcyMSwiaXNzIjoibW9tZW50LWZvcmV2ZXItYXBwIiwiYXVkIjoibW9tZW50LWZvcmV2ZXItY2xpZW50In0.MSh7MAgomTQN20GrkE0ylIFKJcho7PbSp53bCRBE2-Y", sec-ch-ua-mobile:"?0", x-requested-with:"XMLHttpRequest", x-pm-header:"[object Object]", accept:"application/json", user-agent:"Mozilla/5.0 (Windows NT 10.0; Win64; x64) AppleWebKit/537.36 (KHTML, like Gecko) Chrome/154.0.0.0 Safari/537.36 Edg/154.0.0.0", sec-fetch-site:"same-origin", sec-fetch-mode:"cors", sec-fetch-dest:"empty", referer:"http://localhost:5173/admin/locations", accept-encoding:"gzip, deflate, br, zstd", accept-language:"en-GB,en;q=0.9,en-US;q=0.8,en-IN;q=0.7", X-User-Id:"1", X-User-Roles:"SUPER_ADMIN", Forwarded:"proto=http;host="localhost:8086";for="[0:0:0:0:0:0:0:1]:54174"", X-Forwarded-For:"0:0:0:0:0:0:0:1", X-Forwarded-Proto:"http", X-Forwarded-Prefix:"/api", X-Forwarded-Port:"8086", X-Forwarded-Host:"localhost:8086"]
2026-10-08 20:12:25.902 [boundedElastic-8] [39mDEBUG[0;39m [36mo.s.c.g.f.h.o.ObservedRequestHttpHeadersFilter[0;39m - Client observation  {name=http.client.requests(null), error=null, context=name='http.client.requests', contextualName='null', error='null', lowCardinalityKeyValues=[http.method='GET', http.status_code='UNKNOWN', spring.cloud.gateway.route.id='platform-admin', spring.cloud.gateway.route.uri='lb://MOMENT-FOREVER-PLATFORM'], highCardinalityKeyValues=[http.uri='http://localhost:8086/platform/admin/locations/2/subcategories'], map=[class io.micrometer.core.instrument.Timer$Sample='io.micrometer.core.instrument.Timer$Sample@3ff3769d', class io.micrometer.core.instrument.LongTaskTimer$Sample='SampleImpl{duration(seconds)=6.18E-5, duration(nanos)=61800.0, startTimeNanos=109551109725000}'], parentObservation={name=http.server.requests(null), error=null, context=name='http.server.requests', contextualName='null', error='null', lowCardinalityKeyValues=[exception='none', method='GET', outcome='SUCCESS', status='200', uri='UNKNOWN'], highCardinalityKeyValues=[http.url='/api/platform/admin/locations/2/subcategories'], map=[class io.micrometer.core.instrument.Timer$Sample='io.micrometer.core.instrument.Timer$Sample@340dfb2a', class io.micrometer.core.instrument.LongTaskTimer$Sample='SampleImpl{duration(seconds)=0.0287872, duration(nanos)=2.87872E7, startTimeNanos=109551081066400}'], parentObservation=null}} created for the request. New headers are [host:"localhost:8086", sec-ch-ua-platform:""Windows"", authorization:"Bearer eyJhbGciOiJIUzI1NiJ9.eyJyb2xlcyI6IlNVUEVSX0FETUlOIiwidXNlcklkIjoxLCJlbmFibGVkIjp0cnVlLCJ1c2VybmFtZSI6InN1cGVyYWRtaW5AY2hlcmlzaHguY29tIiwiYWNjb3VudE5vbkxvY2tlZCI6dHJ1ZSwic3ViIjoic3VwZXJhZG1pbkBjaGVyaXNoeC5jb20iLCJpYXQiOjE3OTE0NjgzMjEsImV4cCI6MTc5MTU1NDcyMSwiaXNzIjoibW9tZW50LWZvcmV2ZXItYXBwIiwiYXVkIjoibW9tZW50LWZvcmV2ZXItY2xpZW50In0.MSh7MAgomTQN20GrkE0ylIFKJcho7PbSp53bCRBE2-Y", sec-ch-ua:""Chromium";v="154", "Microsoft Edge";v="154", "Not A(Brand";v="99"", accesstoken:"eyJhbGciOiJIUzI1NiJ9.eyJyb2xlcyI6IlNVUEVSX0FETUlOIiwidXNlcklkIjoxLCJlbmFibGVkIjp0cnVlLCJ1c2VybmFtZSI6InN1cGVyYWRtaW5AY2hlcmlzaHguY29tIiwiYWNjb3VudE5vbkxvY2tlZCI6dHJ1ZSwic3ViIjoic3VwZXJhZG1pbkBjaGVyaXNoeC5jb20iLCJpYXQiOjE3OTE0NjgzMjEsImV4cCI6MTc5MTU1NDcyMSwiaXNzIjoibW9tZW50LWZvcmV2ZXItYXBwIiwiYXVkIjoibW9tZW50LWZvcmV2ZXItY2xpZW50In0.MSh7MAgomTQN20GrkE0ylIFKJcho7PbSp53bCRBE2-Y", sec-ch-ua-mobile:"?0", x-requested-with:"XMLHttpRequest", x-pm-header:"[object Object]", accept:"application/json", user-agent:"Mozilla/5.0 (Windows NT 10.0; Win64; x64) AppleWebKit/537.36 (KHTML, like Gecko) Chrome/154.0.0.0 Safari/537.36 Edg/154.0.0.0", sec-fetch-site:"same-origin", sec-fetch-mode:"cors", sec-fetch-dest:"empty", referer:"http://localhost:5173/admin/locations", accept-encoding:"gzip, deflate, br, zstd", accept-language:"en-GB,en;q=0.9,en-US;q=0.8,en-IN;q=0.7", X-User-Id:"1", X-User-Roles:"SUPER_ADMIN", Forwarded:"proto=http;host="localhost:8086";for="[0:0:0:0:0:0:0:1]:54173"", X-Forwarded-For:"0:0:0:0:0:0:0:1", X-Forwarded-Proto:"http", X-Forwarded-Prefix:"/api", X-Forwarded-Port:"8086", X-Forwarded-Host:"localhost:8086"]
2026-10-08 20:12:25.902 [boundedElastic-2] [39mDEBUG[0;39m [36mo.s.c.g.f.h.o.ObservedRequestHttpHeadersFilter[0;39m - Client observation  {name=http.client.requests(null), error=null, context=name='http.client.requests', contextualName='null', error='null', lowCardinalityKeyValues=[http.method='GET', http.status_code='UNKNOWN', spring.cloud.gateway.route.id='platform-admin', spring.cloud.gateway.route.uri='lb://MOMENT-FOREVER-PLATFORM'], highCardinalityKeyValues=[http.uri='http://localhost:8086/platform/admin/locations/2/categories'], map=[class io.micrometer.core.instrument.Timer$Sample='io.micrometer.core.instrument.Timer$Sample@6f335d35', class io.micrometer.core.instrument.LongTaskTimer$Sample='SampleImpl{duration(seconds)=5.23E-5, duration(nanos)=52300.0, startTimeNanos=109551109734500}'], parentObservation={name=http.server.requests(null), error=null, context=name='http.server.requests', contextualName='null', error='null', lowCardinalityKeyValues=[exception='none', method='GET', outcome='SUCCESS', status='200', uri='UNKNOWN'], highCardinalityKeyValues=[http.url='/api/platform/admin/locations/2/categories'], map=[class io.micrometer.core.instrument.Timer$Sample='io.micrometer.core.instrument.Timer$Sample@3a1f5ae4', class io.micrometer.core.instrument.LongTaskTimer$Sample='SampleImpl{duration(seconds)=0.0287875, duration(nanos)=2.87875E7, startTimeNanos=109551081066500}'], parentObservation=null}} created for the request. New headers are [host:"localhost:8086", sec-ch-ua-platform:""Windows"", authorization:"Bearer eyJhbGciOiJIUzI1NiJ9.eyJyb2xlcyI6IlNVUEVSX0FETUlOIiwidXNlcklkIjoxLCJlbmFibGVkIjp0cnVlLCJ1c2VybmFtZSI6InN1cGVyYWRtaW5AY2hlcmlzaHguY29tIiwiYWNjb3VudE5vbkxvY2tlZCI6dHJ1ZSwic3ViIjoic3VwZXJhZG1pbkBjaGVyaXNoeC5jb20iLCJpYXQiOjE3OTE0NjgzMjEsImV4cCI6MTc5MTU1NDcyMSwiaXNzIjoibW9tZW50LWZvcmV2ZXItYXBwIiwiYXVkIjoibW9tZW50LWZvcmV2ZXItY2xpZW50In0.MSh7MAgomTQN20GrkE0ylIFKJcho7PbSp53bCRBE2-Y", sec-ch-ua:""Chromium";v="154", "Microsoft Edge";v="154", "Not A(Brand";v="99"", accesstoken:"eyJhbGciOiJIUzI1NiJ9.eyJyb2xlcyI6IlNVUEVSX0FETUlOIiwidXNlcklkIjoxLCJlbmFibGVkIjp0cnVlLCJ1c2VybmFtZSI6InN1cGVyYWRtaW5AY2hlcmlzaHguY29tIiwiYWNjb3VudE5vbkxvY2tlZCI6dHJ1ZSwic3ViIjoic3VwZXJhZG1pbkBjaGVyaXNoeC5jb20iLCJpYXQiOjE3OTE0NjgzMjEsImV4cCI6MTc5MTU1NDcyMSwiaXNzIjoibW9tZW50LWZvcmV2ZXItYXBwIiwiYXVkIjoibW9tZW50LWZvcmV2ZXItY2xpZW50In0.MSh7MAgomTQN20GrkE0ylIFKJcho7PbSp53bCRBE2-Y", sec-ch-ua-mobile:"?0", x-requested-with:"XMLHttpRequest", x-pm-header:"[object Object]", accept:"application/json", user-agent:"Mozilla/5.0 (Windows NT 10.0; Win64; x64) AppleWebKit/537.36 (KHTML, like Gecko) Chrome/154.0.0.0 Safari/537.36 Edg/154.0.0.0", sec-fetch-site:"same-origin", sec-fetch-mode:"cors", sec-fetch-dest:"empty", referer:"http://localhost:5173/admin/locations", accept-encoding:"gzip, deflate, br, zstd", accept-language:"en-GB,en;q=0.9,en-US;q=0.8,en-IN;q=0.7", X-User-Id:"1", X-User-Roles:"SUPER_ADMIN", Forwarded:"proto=http;host="localhost:8086";for="[0:0:0:0:0:0:0:1]:54174"", X-Forwarded-For:"0:0:0:0:0:0:0:1", X-Forwarded-Proto:"http", X-Forwarded-Prefix:"/api", X-Forwarded-Port:"8086", X-Forwarded-Host:"localhost:8086"]
2026-10-08 20:12:25.942 [reactor-http-nio-2] [39mDEBUG[0;39m [36mo.s.c.g.f.h.o.ObservedResponseHttpHeadersFilter[0;39m - Will instrument the response
2026-10-08 20:12:25.942 [reactor-http-nio-2] [39mDEBUG[0;39m [36mo.s.c.g.f.h.o.ObservedResponseHttpHeadersFilter[0;39m - The response was handled for observation {name=http.client.requests(null), error=null, context=name='http.client.requests', contextualName='null', error='null', lowCardinalityKeyValues=[http.method='GET', http.status_code='UNKNOWN', spring.cloud.gateway.route.id='platform-admin', spring.cloud.gateway.route.uri='lb://MOMENT-FOREVER-PLATFORM'], highCardinalityKeyValues=[http.uri='http://localhost:8086/platform/admin/locations/2/subcategories'], map=[class io.micrometer.core.instrument.Timer$Sample='io.micrometer.core.instrument.Timer$Sample@3ff3769d', class io.micrometer.core.instrument.LongTaskTimer$Sample='SampleImpl{duration(seconds)=0.0405901, duration(nanos)=4.05901E7, startTimeNanos=109551109725000}'], parentObservation={name=http.server.requests(null), error=null, context=name='http.server.requests', contextualName='null', error='null', lowCardinalityKeyValues=[exception='none', method='GET', outcome='SUCCESS', status='200', uri='UNKNOWN'], highCardinalityKeyValues=[http.url='/api/platform/admin/locations/2/subcategories'], map=[class io.micrometer.core.instrument.Timer$Sample='io.micrometer.core.instrument.Timer$Sample@340dfb2a', class io.micrometer.core.instrument.LongTaskTimer$Sample='SampleImpl{duration(seconds)=0.0693501, duration(nanos)=6.93501E7, startTimeNanos=109551081066400}'], parentObservation=null}}
2026-10-08 20:12:25.943 [reactor-http-nio-2] [34mINFO [0;39m [36mc.f.M.f.GatewayRequestLoggingFilter[0;39m - GATEWAY_REQUEST method=GET path=/platform/admin/locations/2/subcategories routeId=platform-admin target=lb://MOMENT-FOREVER-PLATFORM status=200 durationMs=42 signal=onComplete
2026-10-08 20:12:25.946 [reactor-http-nio-4] [39mDEBUG[0;39m [36mo.s.c.g.f.h.o.ObservedResponseHttpHeadersFilter[0;39m - Will instrument the response
2026-10-08 20:12:25.947 [reactor-http-nio-4] [39mDEBUG[0;39m [36mo.s.c.g.f.h.o.ObservedResponseHttpHeadersFilter[0;39m - The response was handled for observation {name=http.client.requests(null), error=null, context=name='http.client.requests', contextualName='null', error='null', lowCardinalityKeyValues=[http.method='GET', http.status_code='UNKNOWN', spring.cloud.gateway.route.id='platform-admin', spring.cloud.gateway.route.uri='lb://MOMENT-FOREVER-PLATFORM'], highCardinalityKeyValues=[http.uri='http://localhost:8086/platform/admin/locations/2/categories'], map=[class io.micrometer.core.instrument.Timer$Sample='io.micrometer.core.instrument.Timer$Sample@6f335d35', class io.micrometer.core.instrument.LongTaskTimer$Sample='SampleImpl{duration(seconds)=0.0449299, duration(nanos)=4.49299E7, startTimeNanos=109551109734500}'], parentObservation={name=http.server.requests(null), error=null, context=name='http.server.requests', contextualName='null', error='null', lowCardinalityKeyValues=[exception='none', method='GET', outcome='SUCCESS', status='200', uri='UNKNOWN'], highCardinalityKeyValues=[http.url='/api/platform/admin/locations/2/categories'], map=[class io.micrometer.core.instrument.Timer$Sample='io.micrometer.core.instrument.Timer$Sample@3a1f5ae4', class io.micrometer.core.instrument.LongTaskTimer$Sample='SampleImpl{duration(seconds)=0.0736455, duration(nanos)=7.36455E7, startTimeNanos=109551081066500}'], parentObservation=null}}
2026-10-08 20:12:25.947 [reactor-http-nio-4] [34mINFO [0;39m [36mc.f.M.f.GatewayRequestLoggingFilter[0;39m - GATEWAY_REQUEST method=GET path=/platform/admin/locations/2/categories routeId=platform-admin target=lb://MOMENT-FOREVER-PLATFORM status=200 durationMs=46 signal=onComplete
2026-10-08 20:12:30.982 [reactor-http-nio-3] [39mDEBUG[0;39m [36mo.s.c.g.h.RoutePredicateHandlerMapping[0;39m - Route matched: platform-admin
2026-10-08 20:12:30.982 [reactor-http-nio-4] [39mDEBUG[0;39m [36mo.s.c.g.h.RoutePredicateHandlerMapping[0;39m - Route matched: platform-admin
2026-10-08 20:12:30.982 [reactor-http-nio-3] [39mDEBUG[0;39m [36mo.s.c.g.h.RoutePredicateHandlerMapping[0;39m - Mapping [Exchange: GET http://localhost:8086/api/platform/admin/locations/3/subcategories] to Route{id='platform-admin', uri=lb://MOMENT-FOREVER-PLATFORM, order=0, predicate=Paths: [/api/platform/admin/**], match trailing slash: true, gatewayFilters=[[[StripPrefix parts = 1], order = 1]], metadata={requires-auth=true}}
2026-10-08 20:12:30.982 [reactor-http-nio-3] [39mDEBUG[0;39m [36mo.s.c.g.h.RoutePredicateHandlerMapping[0;39m - [83aeb33d-393] Mapped to org.springframework.cloud.gateway.handler.FilteringWebHandler@3f7c6365
2026-10-08 20:12:30.982 [reactor-http-nio-4] [39mDEBUG[0;39m [36mo.s.c.g.h.RoutePredicateHandlerMapping[0;39m - Mapping [Exchange: GET http://localhost:8086/api/platform/admin/locations/3/categories] to Route{id='platform-admin', uri=lb://MOMENT-FOREVER-PLATFORM, order=0, predicate=Paths: [/api/platform/admin/**], match trailing slash: true, gatewayFilters=[[[StripPrefix parts = 1], order = 1]], metadata={requires-auth=true}}
2026-10-08 20:12:30.982 [reactor-http-nio-4] [39mDEBUG[0;39m [36mo.s.c.g.h.RoutePredicateHandlerMapping[0;39m - [a05cfa00-394] Mapped to org.springframework.cloud.gateway.handler.FilteringWebHandler@3f7c6365
2026-10-08 20:12:30.982 [reactor-http-nio-3] [39mDEBUG[0;39m [36mo.s.c.g.handler.FilteringWebHandler[0;39m - Sorted gatewayFilterFactories: [[GatewayFilterAdapter{delegate=org.springframework.cloud.gateway.filter.RemoveCachedBodyFilter@7227926b}, order = -2147483648], [GatewayFilterAdapter{delegate=org.springframework.cloud.gateway.filter.AdaptCachedBodyGlobalFilter@79617c3d}, order = -2147482648], [GatewayFilterAdapter{delegate=com.forvmom.MomentForeverAPIGateway.filter.JwtAuthenticationFilter@35a9e665}, order = -1], [GatewayFilterAdapter{delegate=org.springframework.cloud.gateway.filter.NettyWriteResponseFilter@1b632442}, order = -1], [GatewayFilterAdapter{delegate=org.springframework.cloud.gateway.filter.ForwardPathFilter@57a982f9}, order = 0], [GatewayFilterAdapter{delegate=org.springframework.cloud.gateway.filter.GatewayMetricsFilter@1b69fc07}, order = 0], [[StripPrefix parts = 1], order = 1], [GatewayFilterAdapter{delegate=org.springframework.cloud.gateway.filter.RouteToRequestUrlFilter@2f75a9b1}, order = 10000], [GatewayFilterAdapter{delegate=org.springframework.cloud.gateway.filter.ReactiveLoadBalancerClientFilter@362be0cd}, order = 10150], [GatewayFilterAdapter{delegate=org.springframework.cloud.gateway.filter.LoadBalancerServiceInstanceCookieFilter@2dde0a34}, order = 10151], [GatewayFilterAdapter{delegate=org.springframework.cloud.gateway.filter.WebsocketRoutingFilter@19d3f6ad}, order = 2147483646], [GatewayFilterAdapter{delegate=com.forvmom.MomentForeverAPIGateway.filter.GatewayRequestLoggingFilter@6a04d2a4}, order = 2147483647], [GatewayFilterAdapter{delegate=org.springframework.cloud.gateway.filter.NettyRoutingFilter@61836cd9}, order = 2147483647], [GatewayFilterAdapter{delegate=org.springframework.cloud.gateway.filter.ForwardRoutingFilter@556aed22}, order = 2147483647]]
2026-10-08 20:12:30.983 [reactor-http-nio-4] [39mDEBUG[0;39m [36mo.s.c.g.handler.FilteringWebHandler[0;39m - Sorted gatewayFilterFactories: [[GatewayFilterAdapter{delegate=org.springframework.cloud.gateway.filter.RemoveCachedBodyFilter@7227926b}, order = -2147483648], [GatewayFilterAdapter{delegate=org.springframework.cloud.gateway.filter.AdaptCachedBodyGlobalFilter@79617c3d}, order = -2147482648], [GatewayFilterAdapter{delegate=com.forvmom.MomentForeverAPIGateway.filter.JwtAuthenticationFilter@35a9e665}, order = -1], [GatewayFilterAdapter{delegate=org.springframework.cloud.gateway.filter.NettyWriteResponseFilter@1b632442}, order = -1], [GatewayFilterAdapter{delegate=org.springframework.cloud.gateway.filter.ForwardPathFilter@57a982f9}, order = 0], [GatewayFilterAdapter{delegate=org.springframework.cloud.gateway.filter.GatewayMetricsFilter@1b69fc07}, order = 0], [[StripPrefix parts = 1], order = 1], [GatewayFilterAdapter{delegate=org.springframework.cloud.gateway.filter.RouteToRequestUrlFilter@2f75a9b1}, order = 10000], [GatewayFilterAdapter{delegate=org.springframework.cloud.gateway.filter.ReactiveLoadBalancerClientFilter@362be0cd}, order = 10150], [GatewayFilterAdapter{delegate=org.springframework.cloud.gateway.filter.LoadBalancerServiceInstanceCookieFilter@2dde0a34}, order = 10151], [GatewayFilterAdapter{delegate=org.springframework.cloud.gateway.filter.WebsocketRoutingFilter@19d3f6ad}, order = 2147483646], [GatewayFilterAdapter{delegate=com.forvmom.MomentForeverAPIGateway.filter.GatewayRequestLoggingFilter@6a04d2a4}, order = 2147483647], [GatewayFilterAdapter{delegate=org.springframework.cloud.gateway.filter.NettyRoutingFilter@61836cd9}, order = 2147483647], [GatewayFilterAdapter{delegate=org.springframework.cloud.gateway.filter.ForwardRoutingFilter@556aed22}, order = 2147483647]]
2026-10-08 20:12:31.019 [boundedElastic-2] [39mDEBUG[0;39m [36mo.s.c.g.f.h.o.ObservedRequestHttpHeadersFilter[0;39m - Will instrument the HTTP request headers [host:"localhost:8086", sec-ch-ua-platform:""Windows"", authorization:"Bearer eyJhbGciOiJIUzI1NiJ9.eyJyb2xlcyI6IlNVUEVSX0FETUlOIiwidXNlcklkIjoxLCJlbmFibGVkIjp0cnVlLCJ1c2VybmFtZSI6InN1cGVyYWRtaW5AY2hlcmlzaHguY29tIiwiYWNjb3VudE5vbkxvY2tlZCI6dHJ1ZSwic3ViIjoic3VwZXJhZG1pbkBjaGVyaXNoeC5jb20iLCJpYXQiOjE3OTE0NjgzMjEsImV4cCI6MTc5MTU1NDcyMSwiaXNzIjoibW9tZW50LWZvcmV2ZXItYXBwIiwiYXVkIjoibW9tZW50LWZvcmV2ZXItY2xpZW50In0.MSh7MAgomTQN20GrkE0ylIFKJcho7PbSp53bCRBE2-Y", sec-ch-ua:""Chromium";v="154", "Microsoft Edge";v="154", "Not A(Brand";v="99"", accesstoken:"eyJhbGciOiJIUzI1NiJ9.eyJyb2xlcyI6IlNVUEVSX0FETUlOIiwidXNlcklkIjoxLCJlbmFibGVkIjp0cnVlLCJ1c2VybmFtZSI6InN1cGVyYWRtaW5AY2hlcmlzaHguY29tIiwiYWNjb3VudE5vbkxvY2tlZCI6dHJ1ZSwic3ViIjoic3VwZXJhZG1pbkBjaGVyaXNoeC5jb20iLCJpYXQiOjE3OTE0NjgzMjEsImV4cCI6MTc5MTU1NDcyMSwiaXNzIjoibW9tZW50LWZvcmV2ZXItYXBwIiwiYXVkIjoibW9tZW50LWZvcmV2ZXItY2xpZW50In0.MSh7MAgomTQN20GrkE0ylIFKJcho7PbSp53bCRBE2-Y", sec-ch-ua-mobile:"?0", x-requested-with:"XMLHttpRequest", x-pm-header:"[object Object]", accept:"application/json", user-agent:"Mozilla/5.0 (Windows NT 10.0; Win64; x64) AppleWebKit/537.36 (KHTML, like Gecko) Chrome/154.0.0.0 Safari/537.36 Edg/154.0.0.0", sec-fetch-site:"same-origin", sec-fetch-mode:"cors", sec-fetch-dest:"empty", referer:"http://localhost:5173/admin/locations", accept-encoding:"gzip, deflate, br, zstd", accept-language:"en-GB,en;q=0.9,en-US;q=0.8,en-IN;q=0.7", X-User-Id:"1", X-User-Roles:"SUPER_ADMIN", Forwarded:"proto=http;host="localhost:8086";for="[0:0:0:0:0:0:0:1]:59957"", X-Forwarded-For:"0:0:0:0:0:0:0:1", X-Forwarded-Proto:"http", X-Forwarded-Prefix:"/api", X-Forwarded-Port:"8086", X-Forwarded-Host:"localhost:8086"]
2026-10-08 20:12:31.019 [boundedElastic-2] [39mDEBUG[0;39m [36mo.s.c.g.f.h.o.ObservedRequestHttpHeadersFilter[0;39m - Client observation  {name=http.client.requests(null), error=null, context=name='http.client.requests', contextualName='null', error='null', lowCardinalityKeyValues=[http.method='GET', http.status_code='UNKNOWN', spring.cloud.gateway.route.id='platform-admin', spring.cloud.gateway.route.uri='lb://MOMENT-FOREVER-PLATFORM'], highCardinalityKeyValues=[http.uri='http://localhost:8086/platform/admin/locations/3/subcategories'], map=[class io.micrometer.core.instrument.Timer$Sample='io.micrometer.core.instrument.Timer$Sample@3ffaafec', class io.micrometer.core.instrument.LongTaskTimer$Sample='SampleImpl{duration(seconds)=6.65E-5, duration(nanos)=66500.0, startTimeNanos=109556227646600}'], parentObservation={name=http.server.requests(null), error=null, context=name='http.server.requests', contextualName='null', error='null', lowCardinalityKeyValues=[exception='none', method='GET', outcome='SUCCESS', status='200', uri='UNKNOWN'], highCardinalityKeyValues=[http.url='/api/platform/admin/locations/3/subcategories'], map=[class io.micrometer.core.instrument.Timer$Sample='io.micrometer.core.instrument.Timer$Sample@72d3a764', class io.micrometer.core.instrument.LongTaskTimer$Sample='SampleImpl{duration(seconds)=0.0381299, duration(nanos)=3.81299E7, startTimeNanos=109556189694200}'], parentObservation=null}} created for the request. New headers are [host:"localhost:8086", sec-ch-ua-platform:""Windows"", authorization:"Bearer eyJhbGciOiJIUzI1NiJ9.eyJyb2xlcyI6IlNVUEVSX0FETUlOIiwidXNlcklkIjoxLCJlbmFibGVkIjp0cnVlLCJ1c2VybmFtZSI6InN1cGVyYWRtaW5AY2hlcmlzaHguY29tIiwiYWNjb3VudE5vbkxvY2tlZCI6dHJ1ZSwic3ViIjoic3VwZXJhZG1pbkBjaGVyaXNoeC5jb20iLCJpYXQiOjE3OTE0NjgzMjEsImV4cCI6MTc5MTU1NDcyMSwiaXNzIjoibW9tZW50LWZvcmV2ZXItYXBwIiwiYXVkIjoibW9tZW50LWZvcmV2ZXItY2xpZW50In0.MSh7MAgomTQN20GrkE0ylIFKJcho7PbSp53bCRBE2-Y", sec-ch-ua:""Chromium";v="154", "Microsoft Edge";v="154", "Not A(Brand";v="99"", accesstoken:"eyJhbGciOiJIUzI1NiJ9.eyJyb2xlcyI6IlNVUEVSX0FETUlOIiwidXNlcklkIjoxLCJlbmFibGVkIjp0cnVlLCJ1c2VybmFtZSI6InN1cGVyYWRtaW5AY2hlcmlzaHguY29tIiwiYWNjb3VudE5vbkxvY2tlZCI6dHJ1ZSwic3ViIjoic3VwZXJhZG1pbkBjaGVyaXNoeC5jb20iLCJpYXQiOjE3OTE0NjgzMjEsImV4cCI6MTc5MTU1NDcyMSwiaXNzIjoibW9tZW50LWZvcmV2ZXItYXBwIiwiYXVkIjoibW9tZW50LWZvcmV2ZXItY2xpZW50In0.MSh7MAgomTQN20GrkE0ylIFKJcho7PbSp53bCRBE2-Y", sec-ch-ua-mobile:"?0", x-requested-with:"XMLHttpRequest", x-pm-header:"[object Object]", accept:"application/json", user-agent:"Mozilla/5.0 (Windows NT 10.0; Win64; x64) AppleWebKit/537.36 (KHTML, like Gecko) Chrome/154.0.0.0 Safari/537.36 Edg/154.0.0.0", sec-fetch-site:"same-origin", sec-fetch-mode:"cors", sec-fetch-dest:"empty", referer:"http://localhost:5173/admin/locations", accept-encoding:"gzip, deflate, br, zstd", accept-language:"en-GB,en;q=0.9,en-US;q=0.8,en-IN;q=0.7", X-User-Id:"1", X-User-Roles:"SUPER_ADMIN", Forwarded:"proto=http;host="localhost:8086";for="[0:0:0:0:0:0:0:1]:59957"", X-Forwarded-For:"0:0:0:0:0:0:0:1", X-Forwarded-Proto:"http", X-Forwarded-Prefix:"/api", X-Forwarded-Port:"8086", X-Forwarded-Host:"localhost:8086"]
2026-10-08 20:12:31.019 [boundedElastic-7] [39mDEBUG[0;39m [36mo.s.c.g.f.h.o.ObservedRequestHttpHeadersFilter[0;39m - Will instrument the HTTP request headers [host:"localhost:8086", sec-ch-ua-platform:""Windows"", authorization:"Bearer eyJhbGciOiJIUzI1NiJ9.eyJyb2xlcyI6IlNVUEVSX0FETUlOIiwidXNlcklkIjoxLCJlbmFibGVkIjp0cnVlLCJ1c2VybmFtZSI6InN1cGVyYWRtaW5AY2hlcmlzaHguY29tIiwiYWNjb3VudE5vbkxvY2tlZCI6dHJ1ZSwic3ViIjoic3VwZXJhZG1pbkBjaGVyaXNoeC5jb20iLCJpYXQiOjE3OTE0NjgzMjEsImV4cCI6MTc5MTU1NDcyMSwiaXNzIjoibW9tZW50LWZvcmV2ZXItYXBwIiwiYXVkIjoibW9tZW50LWZvcmV2ZXItY2xpZW50In0.MSh7MAgomTQN20GrkE0ylIFKJcho7PbSp53bCRBE2-Y", sec-ch-ua:""Chromium";v="154", "Microsoft Edge";v="154", "Not A(Brand";v="99"", accesstoken:"eyJhbGciOiJIUzI1NiJ9.eyJyb2xlcyI6IlNVUEVSX0FETUlOIiwidXNlcklkIjoxLCJlbmFibGVkIjp0cnVlLCJ1c2VybmFtZSI6InN1cGVyYWRtaW5AY2hlcmlzaHguY29tIiwiYWNjb3VudE5vbkxvY2tlZCI6dHJ1ZSwic3ViIjoic3VwZXJhZG1pbkBjaGVyaXNoeC5jb20iLCJpYXQiOjE3OTE0NjgzMjEsImV4cCI6MTc5MTU1NDcyMSwiaXNzIjoibW9tZW50LWZvcmV2ZXItYXBwIiwiYXVkIjoibW9tZW50LWZvcmV2ZXItY2xpZW50In0.MSh7MAgomTQN20GrkE0ylIFKJcho7PbSp53bCRBE2-Y", sec-ch-ua-mobile:"?0", x-requested-with:"XMLHttpRequest", x-pm-header:"[object Object]", accept:"application/json", user-agent:"Mozilla/5.0 (Windows NT 10.0; Win64; x64) AppleWebKit/537.36 (KHTML, like Gecko) Chrome/154.0.0.0 Safari/537.36 Edg/154.0.0.0", sec-fetch-site:"same-origin", sec-fetch-mode:"cors", sec-fetch-dest:"empty", referer:"http://localhost:5173/admin/locations", accept-encoding:"gzip, deflate, br, zstd", accept-language:"en-GB,en;q=0.9,en-US;q=0.8,en-IN;q=0.7", X-User-Id:"1", X-User-Roles:"SUPER_ADMIN", Forwarded:"proto=http;host="localhost:8086";for="[0:0:0:0:0:0:0:1]:59958"", X-Forwarded-For:"0:0:0:0:0:0:0:1", X-Forwarded-Proto:"http", X-Forwarded-Prefix:"/api", X-Forwarded-Port:"8086", X-Forwarded-Host:"localhost:8086"]
2026-10-08 20:12:31.020 [boundedElastic-7] [39mDEBUG[0;39m [36mo.s.c.g.f.h.o.ObservedRequestHttpHeadersFilter[0;39m - Client observation  {name=http.client.requests(null), error=null, context=name='http.client.requests', contextualName='null', error='null', lowCardinalityKeyValues=[http.method='GET', http.status_code='UNKNOWN', spring.cloud.gateway.route.id='platform-admin', spring.cloud.gateway.route.uri='lb://MOMENT-FOREVER-PLATFORM'], highCardinalityKeyValues=[http.uri='http://localhost:8086/platform/admin/locations/3/categories'], map=[class io.micrometer.core.instrument.Timer$Sample='io.micrometer.core.instrument.Timer$Sample@63ab33dc', class io.micrometer.core.instrument.LongTaskTimer$Sample='SampleImpl{duration(seconds)=4.92E-5, duration(nanos)=49200.0, startTimeNanos=109556228301700}'], parentObservation={name=http.server.requests(null), error=null, context=name='http.server.requests', contextualName='null', error='null', lowCardinalityKeyValues=[exception='none', method='GET', outcome='SUCCESS', status='200', uri='UNKNOWN'], highCardinalityKeyValues=[http.url='/api/platform/admin/locations/3/categories'], map=[class io.micrometer.core.instrument.Timer$Sample='io.micrometer.core.instrument.Timer$Sample@41cc0907', class io.micrometer.core.instrument.LongTaskTimer$Sample='SampleImpl{duration(seconds)=0.0383951, duration(nanos)=3.83951E7, startTimeNanos=109556190013300}'], parentObservation=null}} created for the request. New headers are [host:"localhost:8086", sec-ch-ua-platform:""Windows"", authorization:"Bearer eyJhbGciOiJIUzI1NiJ9.eyJyb2xlcyI6IlNVUEVSX0FETUlOIiwidXNlcklkIjoxLCJlbmFibGVkIjp0cnVlLCJ1c2VybmFtZSI6InN1cGVyYWRtaW5AY2hlcmlzaHguY29tIiwiYWNjb3VudE5vbkxvY2tlZCI6dHJ1ZSwic3ViIjoic3VwZXJhZG1pbkBjaGVyaXNoeC5jb20iLCJpYXQiOjE3OTE0NjgzMjEsImV4cCI6MTc5MTU1NDcyMSwiaXNzIjoibW9tZW50LWZvcmV2ZXItYXBwIiwiYXVkIjoibW9tZW50LWZvcmV2ZXItY2xpZW50In0.MSh7MAgomTQN20GrkE0ylIFKJcho7PbSp53bCRBE2-Y", sec-ch-ua:""Chromium";v="154", "Microsoft Edge";v="154", "Not A(Brand";v="99"", accesstoken:"eyJhbGciOiJIUzI1NiJ9.eyJyb2xlcyI6IlNVUEVSX0FETUlOIiwidXNlcklkIjoxLCJlbmFibGVkIjp0cnVlLCJ1c2VybmFtZSI6InN1cGVyYWRtaW5AY2hlcmlzaHguY29tIiwiYWNjb3VudE5vbkxvY2tlZCI6dHJ1ZSwic3ViIjoic3VwZXJhZG1pbkBjaGVyaXNoeC5jb20iLCJpYXQiOjE3OTE0NjgzMjEsImV4cCI6MTc5MTU1NDcyMSwiaXNzIjoibW9tZW50LWZvcmV2ZXItYXBwIiwiYXVkIjoibW9tZW50LWZvcmV2ZXItY2xpZW50In0.MSh7MAgomTQN20GrkE0ylIFKJcho7PbSp53bCRBE2-Y", sec-ch-ua-mobile:"?0", x-requested-with:"XMLHttpRequest", x-pm-header:"[object Object]", accept:"application/json", user-agent:"Mozilla/5.0 (Windows NT 10.0; Win64; x64) AppleWebKit/537.36 (KHTML, like Gecko) Chrome/154.0.0.0 Safari/537.36 Edg/154.0.0.0", sec-fetch-site:"same-origin", sec-fetch-mode:"cors", sec-fetch-dest:"empty", referer:"http://localhost:5173/admin/locations", accept-encoding:"gzip, deflate, br, zstd", accept-language:"en-GB,en;q=0.9,en-US;q=0.8,en-IN;q=0.7", X-User-Id:"1", X-User-Roles:"SUPER_ADMIN", Forwarded:"proto=http;host="localhost:8086";for="[0:0:0:0:0:0:0:1]:59958"", X-Forwarded-For:"0:0:0:0:0:0:0:1", X-Forwarded-Proto:"http", X-Forwarded-Prefix:"/api", X-Forwarded-Port:"8086", X-Forwarded-Host:"localhost:8086"]
2026-10-08 20:12:31.094 [reactor-http-nio-4] [39mDEBUG[0;39m [36mo.s.c.g.f.h.o.ObservedResponseHttpHeadersFilter[0;39m - Will instrument the response
2026-10-08 20:12:31.094 [reactor-http-nio-4] [39mDEBUG[0;39m [36mo.s.c.g.f.h.o.ObservedResponseHttpHeadersFilter[0;39m - The response was handled for observation {name=http.client.requests(null), error=null, context=name='http.client.requests', contextualName='null', error='null', lowCardinalityKeyValues=[http.method='GET', http.status_code='UNKNOWN', spring.cloud.gateway.route.id='platform-admin', spring.cloud.gateway.route.uri='lb://MOMENT-FOREVER-PLATFORM'], highCardinalityKeyValues=[http.uri='http://localhost:8086/platform/admin/locations/3/categories'], map=[class io.micrometer.core.instrument.Timer$Sample='io.micrometer.core.instrument.Timer$Sample@63ab33dc', class io.micrometer.core.instrument.LongTaskTimer$Sample='SampleImpl{duration(seconds)=0.074157, duration(nanos)=7.4157E7, startTimeNanos=109556228301700}'], parentObservation={name=http.server.requests(null), error=null, context=name='http.server.requests', contextualName='null', error='null', lowCardinalityKeyValues=[exception='none', method='GET', outcome='SUCCESS', status='200', uri='UNKNOWN'], highCardinalityKeyValues=[http.url='/api/platform/admin/locations/3/categories'], map=[class io.micrometer.core.instrument.Timer$Sample='io.micrometer.core.instrument.Timer$Sample@41cc0907', class io.micrometer.core.instrument.LongTaskTimer$Sample='SampleImpl{duration(seconds)=0.1125328, duration(nanos)=1.125328E8, startTimeNanos=109556190013300}'], parentObservation=null}}
2026-10-08 20:12:31.094 [reactor-http-nio-2] [39mDEBUG[0;39m [36mo.s.c.g.f.h.o.ObservedResponseHttpHeadersFilter[0;39m - Will instrument the response
2026-10-08 20:12:31.094 [reactor-http-nio-4] [34mINFO [0;39m [36mc.f.M.f.GatewayRequestLoggingFilter[0;39m - GATEWAY_REQUEST method=GET path=/platform/admin/locations/3/categories routeId=platform-admin target=lb://MOMENT-FOREVER-PLATFORM status=200 durationMs=75 signal=onComplete
2026-10-08 20:12:31.095 [reactor-http-nio-2] [39mDEBUG[0;39m [36mo.s.c.g.f.h.o.ObservedResponseHttpHeadersFilter[0;39m - The response was handled for observation {name=http.client.requests(null), error=null, context=name='http.client.requests', contextualName='null', error='null', lowCardinalityKeyValues=[http.method='GET', http.status_code='UNKNOWN', spring.cloud.gateway.route.id='platform-admin', spring.cloud.gateway.route.uri='lb://MOMENT-FOREVER-PLATFORM'], highCardinalityKeyValues=[http.uri='http://localhost:8086/platform/admin/locations/3/subcategories'], map=[class io.micrometer.core.instrument.Timer$Sample='io.micrometer.core.instrument.Timer$Sample@3ffaafec', class io.micrometer.core.instrument.LongTaskTimer$Sample='SampleImpl{duration(seconds)=0.075694, duration(nanos)=7.5694E7, startTimeNanos=109556227646600}'], parentObservation={name=http.server.requests(null), error=null, context=name='http.server.requests', contextualName='null', error='null', lowCardinalityKeyValues=[exception='none', method='GET', outcome='SUCCESS', status='200', uri='UNKNOWN'], highCardinalityKeyValues=[http.url='/api/platform/admin/locations/3/subcategories'], map=[class io.micrometer.core.instrument.Timer$Sample='io.micrometer.core.instrument.Timer$Sample@72d3a764', class io.micrometer.core.instrument.LongTaskTimer$Sample='SampleImpl{duration(seconds)=0.1137304, duration(nanos)=1.137304E8, startTimeNanos=109556189694200}'], parentObservation=null}}
2026-10-08 20:12:31.095 [reactor-http-nio-2] [34mINFO [0;39m [36mc.f.M.f.GatewayRequestLoggingFilter[0;39m - GATEWAY_REQUEST method=GET path=/platform/admin/locations/3/subcategories routeId=platform-admin target=lb://MOMENT-FOREVER-PLATFORM status=200 durationMs=77 signal=onComplete
2026-10-08 20:12:34.303 [reactor-http-nio-5] [39mDEBUG[0;39m [36mo.s.c.g.h.RoutePredicateHandlerMapping[0;39m - Route matched: platform-admin
2026-10-08 20:12:34.303 [reactor-http-nio-5] [39mDEBUG[0;39m [36mo.s.c.g.h.RoutePredicateHandlerMapping[0;39m - Mapping [Exchange: GET http://localhost:8086/api/platform/admin/locations/4/subcategories] to Route{id='platform-admin', uri=lb://MOMENT-FOREVER-PLATFORM, order=0, predicate=Paths: [/api/platform/admin/**], match trailing slash: true, gatewayFilters=[[[StripPrefix parts = 1], order = 1]], metadata={requires-auth=true}}
2026-10-08 20:12:34.303 [reactor-http-nio-5] [39mDEBUG[0;39m [36mo.s.c.g.h.RoutePredicateHandlerMapping[0;39m - [7d790548-395] Mapped to org.springframework.cloud.gateway.handler.FilteringWebHandler@3f7c6365
2026-10-08 20:12:34.303 [reactor-http-nio-5] [39mDEBUG[0;39m [36mo.s.c.g.handler.FilteringWebHandler[0;39m - Sorted gatewayFilterFactories: [[GatewayFilterAdapter{delegate=org.springframework.cloud.gateway.filter.RemoveCachedBodyFilter@7227926b}, order = -2147483648], [GatewayFilterAdapter{delegate=org.springframework.cloud.gateway.filter.AdaptCachedBodyGlobalFilter@79617c3d}, order = -2147482648], [GatewayFilterAdapter{delegate=com.forvmom.MomentForeverAPIGateway.filter.JwtAuthenticationFilter@35a9e665}, order = -1], [GatewayFilterAdapter{delegate=org.springframework.cloud.gateway.filter.NettyWriteResponseFilter@1b632442}, order = -1], [GatewayFilterAdapter{delegate=org.springframework.cloud.gateway.filter.ForwardPathFilter@57a982f9}, order = 0], [GatewayFilterAdapter{delegate=org.springframework.cloud.gateway.filter.GatewayMetricsFilter@1b69fc07}, order = 0], [[StripPrefix parts = 1], order = 1], [GatewayFilterAdapter{delegate=org.springframework.cloud.gateway.filter.RouteToRequestUrlFilter@2f75a9b1}, order = 10000], [GatewayFilterAdapter{delegate=org.springframework.cloud.gateway.filter.ReactiveLoadBalancerClientFilter@362be0cd}, order = 10150], [GatewayFilterAdapter{delegate=org.springframework.cloud.gateway.filter.LoadBalancerServiceInstanceCookieFilter@2dde0a34}, order = 10151], [GatewayFilterAdapter{delegate=org.springframework.cloud.gateway.filter.WebsocketRoutingFilter@19d3f6ad}, order = 2147483646], [GatewayFilterAdapter{delegate=com.forvmom.MomentForeverAPIGateway.filter.GatewayRequestLoggingFilter@6a04d2a4}, order = 2147483647], [GatewayFilterAdapter{delegate=org.springframework.cloud.gateway.filter.NettyRoutingFilter@61836cd9}, order = 2147483647], [GatewayFilterAdapter{delegate=org.springframework.cloud.gateway.filter.ForwardRoutingFilter@556aed22}, order = 2147483647]]
2026-10-08 20:12:34.304 [reactor-http-nio-6] [39mDEBUG[0;39m [36mo.s.c.g.h.RoutePredicateHandlerMapping[0;39m - Route matched: platform-admin
2026-10-08 20:12:34.304 [reactor-http-nio-6] [39mDEBUG[0;39m [36mo.s.c.g.h.RoutePredicateHandlerMapping[0;39m - Mapping [Exchange: GET http://localhost:8086/api/platform/admin/locations/4/categories] to Route{id='platform-admin', uri=lb://MOMENT-FOREVER-PLATFORM, order=0, predicate=Paths: [/api/platform/admin/**], match trailing slash: true, gatewayFilters=[[[StripPrefix parts = 1], order = 1]], metadata={requires-auth=true}}
2026-10-08 20:12:34.304 [reactor-http-nio-6] [39mDEBUG[0;39m [36mo.s.c.g.h.RoutePredicateHandlerMapping[0;39m - [0904a383-396] Mapped to org.springframework.cloud.gateway.handler.FilteringWebHandler@3f7c6365
2026-10-08 20:12:34.304 [reactor-http-nio-6] [39mDEBUG[0;39m [36mo.s.c.g.handler.FilteringWebHandler[0;39m - Sorted gatewayFilterFactories: [[GatewayFilterAdapter{delegate=org.springframework.cloud.gateway.filter.RemoveCachedBodyFilter@7227926b}, order = -2147483648], [GatewayFilterAdapter{delegate=org.springframework.cloud.gateway.filter.AdaptCachedBodyGlobalFilter@79617c3d}, order = -2147482648], [GatewayFilterAdapter{delegate=com.forvmom.MomentForeverAPIGateway.filter.JwtAuthenticationFilter@35a9e665}, order = -1], [GatewayFilterAdapter{delegate=org.springframework.cloud.gateway.filter.NettyWriteResponseFilter@1b632442}, order = -1], [GatewayFilterAdapter{delegate=org.springframework.cloud.gateway.filter.ForwardPathFilter@57a982f9}, order = 0], [GatewayFilterAdapter{delegate=org.springframework.cloud.gateway.filter.GatewayMetricsFilter@1b69fc07}, order = 0], [[StripPrefix parts = 1], order = 1], [GatewayFilterAdapter{delegate=org.springframework.cloud.gateway.filter.RouteToRequestUrlFilter@2f75a9b1}, order = 10000], [GatewayFilterAdapter{delegate=org.springframework.cloud.gateway.filter.ReactiveLoadBalancerClientFilter@362be0cd}, order = 10150], [GatewayFilterAdapter{delegate=org.springframework.cloud.gateway.filter.LoadBalancerServiceInstanceCookieFilter@2dde0a34}, order = 10151], [GatewayFilterAdapter{delegate=org.springframework.cloud.gateway.filter.WebsocketRoutingFilter@19d3f6ad}, order = 2147483646], [GatewayFilterAdapter{delegate=com.forvmom.MomentForeverAPIGateway.filter.GatewayRequestLoggingFilter@6a04d2a4}, order = 2147483647], [GatewayFilterAdapter{delegate=org.springframework.cloud.gateway.filter.NettyRoutingFilter@61836cd9}, order = 2147483647], [GatewayFilterAdapter{delegate=org.springframework.cloud.gateway.filter.ForwardRoutingFilter@556aed22}, order = 2147483647]]
2026-10-08 20:12:34.312 [reactor-http-nio-5] [39mDEBUG[0;39m [36mo.s.c.g.f.h.o.ObservedRequestHttpHeadersFilter[0;39m - Will instrument the HTTP request headers [host:"localhost:8086", sec-ch-ua-platform:""Windows"", authorization:"Bearer eyJhbGciOiJIUzI1NiJ9.eyJyb2xlcyI6IlNVUEVSX0FETUlOIiwidXNlcklkIjoxLCJlbmFibGVkIjp0cnVlLCJ1c2VybmFtZSI6InN1cGVyYWRtaW5AY2hlcmlzaHguY29tIiwiYWNjb3VudE5vbkxvY2tlZCI6dHJ1ZSwic3ViIjoic3VwZXJhZG1pbkBjaGVyaXNoeC5jb20iLCJpYXQiOjE3OTE0NjgzMjEsImV4cCI6MTc5MTU1NDcyMSwiaXNzIjoibW9tZW50LWZvcmV2ZXItYXBwIiwiYXVkIjoibW9tZW50LWZvcmV2ZXItY2xpZW50In0.MSh7MAgomTQN20GrkE0ylIFKJcho7PbSp53bCRBE2-Y", sec-ch-ua:""Chromium";v="154", "Microsoft Edge";v="154", "Not A(Brand";v="99"", accesstoken:"eyJhbGciOiJIUzI1NiJ9.eyJyb2xlcyI6IlNVUEVSX0FETUlOIiwidXNlcklkIjoxLCJlbmFibGVkIjp0cnVlLCJ1c2VybmFtZSI6InN1cGVyYWRtaW5AY2hlcmlzaHguY29tIiwiYWNjb3VudE5vbkxvY2tlZCI6dHJ1ZSwic3ViIjoic3VwZXJhZG1pbkBjaGVyaXNoeC5jb20iLCJpYXQiOjE3OTE0NjgzMjEsImV4cCI6MTc5MTU1NDcyMSwiaXNzIjoibW9tZW50LWZvcmV2ZXItYXBwIiwiYXVkIjoibW9tZW50LWZvcmV2ZXItY2xpZW50In0.MSh7MAgomTQN20GrkE0ylIFKJcho7PbSp53bCRBE2-Y", sec-ch-ua-mobile:"?0", x-requested-with:"XMLHttpRequest", x-pm-header:"[object Object]", accept:"application/json", user-agent:"Mozilla/5.0 (Windows NT 10.0; Win64; x64) AppleWebKit/537.36 (KHTML, like Gecko) Chrome/154.0.0.0 Safari/537.36 Edg/154.0.0.0", sec-fetch-site:"same-origin", sec-fetch-mode:"cors", sec-fetch-dest:"empty", referer:"http://localhost:5173/admin/locations", accept-encoding:"gzip, deflate, br, zstd", accept-language:"en-GB,en;q=0.9,en-US;q=0.8,en-IN;q=0.7", X-User-Id:"1", X-User-Roles:"SUPER_ADMIN", Forwarded:"proto=http;host="localhost:8086";for="[0:0:0:0:0:0:0:1]:63483"", X-Forwarded-For:"0:0:0:0:0:0:0:1", X-Forwarded-Proto:"http", X-Forwarded-Prefix:"/api", X-Forwarded-Port:"8086", X-Forwarded-Host:"localhost:8086"]
2026-10-08 20:12:34.312 [reactor-http-nio-5] [39mDEBUG[0;39m [36mo.s.c.g.f.h.o.ObservedRequestHttpHeadersFilter[0;39m - Client observation  {name=http.client.requests(null), error=null, context=name='http.client.requests', contextualName='null', error='null', lowCardinalityKeyValues=[http.method='GET', http.status_code='UNKNOWN', spring.cloud.gateway.route.id='platform-admin', spring.cloud.gateway.route.uri='lb://MOMENT-FOREVER-PLATFORM'], highCardinalityKeyValues=[http.uri='http://localhost:8086/platform/admin/locations/4/subcategories'], map=[class io.micrometer.core.instrument.Timer$Sample='io.micrometer.core.instrument.Timer$Sample@4a2d634c', class io.micrometer.core.instrument.LongTaskTimer$Sample='SampleImpl{duration(seconds)=7.52E-5, duration(nanos)=75200.0, startTimeNanos=109559520611700}'], parentObservation={name=http.server.requests(null), error=null, context=name='http.server.requests', contextualName='null', error='null', lowCardinalityKeyValues=[exception='none', method='GET', outcome='SUCCESS', status='200', uri='UNKNOWN'], highCardinalityKeyValues=[http.url='/api/platform/admin/locations/4/subcategories'], map=[class io.micrometer.core.instrument.Timer$Sample='io.micrometer.core.instrument.Timer$Sample@1a652a32', class io.micrometer.core.instrument.LongTaskTimer$Sample='SampleImpl{duration(seconds)=0.0105405, duration(nanos)=1.05405E7, startTimeNanos=109559510226800}'], parentObservation=null}} created for the request. New headers are [host:"localhost:8086", sec-ch-ua-platform:""Windows"", authorization:"Bearer eyJhbGciOiJIUzI1NiJ9.eyJyb2xlcyI6IlNVUEVSX0FETUlOIiwidXNlcklkIjoxLCJlbmFibGVkIjp0cnVlLCJ1c2VybmFtZSI6InN1cGVyYWRtaW5AY2hlcmlzaHguY29tIiwiYWNjb3VudE5vbkxvY2tlZCI6dHJ1ZSwic3ViIjoic3VwZXJhZG1pbkBjaGVyaXNoeC5jb20iLCJpYXQiOjE3OTE0NjgzMjEsImV4cCI6MTc5MTU1NDcyMSwiaXNzIjoibW9tZW50LWZvcmV2ZXItYXBwIiwiYXVkIjoibW9tZW50LWZvcmV2ZXItY2xpZW50In0.MSh7MAgomTQN20GrkE0ylIFKJcho7PbSp53bCRBE2-Y", sec-ch-ua:""Chromium";v="154", "Microsoft Edge";v="154", "Not A(Brand";v="99"", accesstoken:"eyJhbGciOiJIUzI1NiJ9.eyJyb2xlcyI6IlNVUEVSX0FETUlOIiwidXNlcklkIjoxLCJlbmFibGVkIjp0cnVlLCJ1c2VybmFtZSI6InN1cGVyYWRtaW5AY2hlcmlzaHguY29tIiwiYWNjb3VudE5vbkxvY2tlZCI6dHJ1ZSwic3ViIjoic3VwZXJhZG1pbkBjaGVyaXNoeC5jb20iLCJpYXQiOjE3OTE0NjgzMjEsImV4cCI6MTc5MTU1NDcyMSwiaXNzIjoibW9tZW50LWZvcmV2ZXItYXBwIiwiYXVkIjoibW9tZW50LWZvcmV2ZXItY2xpZW50In0.MSh7MAgomTQN20GrkE0ylIFKJcho7PbSp53bCRBE2-Y", sec-ch-ua-mobile:"?0", x-requested-with:"XMLHttpRequest", x-pm-header:"[object Object]", accept:"application/json", user-agent:"Mozilla/5.0 (Windows NT 10.0; Win64; x64) AppleWebKit/537.36 (KHTML, like Gecko) Chrome/154.0.0.0 Safari/537.36 Edg/154.0.0.0", sec-fetch-site:"same-origin", sec-fetch-mode:"cors", sec-fetch-dest:"empty", referer:"http://localhost:5173/admin/locations", accept-encoding:"gzip, deflate, br, zstd", accept-language:"en-GB,en;q=0.9,en-US;q=0.8,en-IN;q=0.7", X-User-Id:"1", X-User-Roles:"SUPER_ADMIN", Forwarded:"proto=http;host="localhost:8086";for="[0:0:0:0:0:0:0:1]:63483"", X-Forwarded-For:"0:0:0:0:0:0:0:1", X-Forwarded-Proto:"http", X-Forwarded-Prefix:"/api", X-Forwarded-Port:"8086", X-Forwarded-Host:"localhost:8086"]
2026-10-08 20:12:34.313 [reactor-http-nio-6] [39mDEBUG[0;39m [36mo.s.c.g.f.h.o.ObservedRequestHttpHeadersFilter[0;39m - Will instrument the HTTP request headers [host:"localhost:8086", sec-ch-ua-platform:""Windows"", authorization:"Bearer eyJhbGciOiJIUzI1NiJ9.eyJyb2xlcyI6IlNVUEVSX0FETUlOIiwidXNlcklkIjoxLCJlbmFibGVkIjp0cnVlLCJ1c2VybmFtZSI6InN1cGVyYWRtaW5AY2hlcmlzaHguY29tIiwiYWNjb3VudE5vbkxvY2tlZCI6dHJ1ZSwic3ViIjoic3VwZXJhZG1pbkBjaGVyaXNoeC5jb20iLCJpYXQiOjE3OTE0NjgzMjEsImV4cCI6MTc5MTU1NDcyMSwiaXNzIjoibW9tZW50LWZvcmV2ZXItYXBwIiwiYXVkIjoibW9tZW50LWZvcmV2ZXItY2xpZW50In0.MSh7MAgomTQN20GrkE0ylIFKJcho7PbSp53bCRBE2-Y", sec-ch-ua:""Chromium";v="154", "Microsoft Edge";v="154", "Not A(Brand";v="99"", accesstoken:"eyJhbGciOiJIUzI1NiJ9.eyJyb2xlcyI6IlNVUEVSX0FETUlOIiwidXNlcklkIjoxLCJlbmFibGVkIjp0cnVlLCJ1c2VybmFtZSI6InN1cGVyYWRtaW5AY2hlcmlzaHguY29tIiwiYWNjb3VudE5vbkxvY2tlZCI6dHJ1ZSwic3ViIjoic3VwZXJhZG1pbkBjaGVyaXNoeC5jb20iLCJpYXQiOjE3OTE0NjgzMjEsImV4cCI6MTc5MTU1NDcyMSwiaXNzIjoibW9tZW50LWZvcmV2ZXItYXBwIiwiYXVkIjoibW9tZW50LWZvcmV2ZXItY2xpZW50In0.MSh7MAgomTQN20GrkE0ylIFKJcho7PbSp53bCRBE2-Y", sec-ch-ua-mobile:"?0", x-requested-with:"XMLHttpRequest", x-pm-header:"[object Object]", accept:"application/json", user-agent:"Mozilla/5.0 (Windows NT 10.0; Win64; x64) AppleWebKit/537.36 (KHTML, like Gecko) Chrome/154.0.0.0 Safari/537.36 Edg/154.0.0.0", sec-fetch-site:"same-origin", sec-fetch-mode:"cors", sec-fetch-dest:"empty", referer:"http://localhost:5173/admin/locations", accept-encoding:"gzip, deflate, br, zstd", accept-language:"en-GB,en;q=0.9,en-US;q=0.8,en-IN;q=0.7", X-User-Id:"1", X-User-Roles:"SUPER_ADMIN", Forwarded:"proto=http;host="localhost:8086";for="[0:0:0:0:0:0:0:1]:63484"", X-Forwarded-For:"0:0:0:0:0:0:0:1", X-Forwarded-Proto:"http", X-Forwarded-Prefix:"/api", X-Forwarded-Port:"8086", X-Forwarded-Host:"localhost:8086"]
2026-10-08 20:12:34.313 [reactor-http-nio-6] [39mDEBUG[0;39m [36mo.s.c.g.f.h.o.ObservedRequestHttpHeadersFilter[0;39m - Client observation  {name=http.client.requests(null), error=null, context=name='http.client.requests', contextualName='null', error='null', lowCardinalityKeyValues=[http.method='GET', http.status_code='UNKNOWN', spring.cloud.gateway.route.id='platform-admin', spring.cloud.gateway.route.uri='lb://MOMENT-FOREVER-PLATFORM'], highCardinalityKeyValues=[http.uri='http://localhost:8086/platform/admin/locations/4/categories'], map=[class io.micrometer.core.instrument.Timer$Sample='io.micrometer.core.instrument.Timer$Sample@33ec5f62', class io.micrometer.core.instrument.LongTaskTimer$Sample='SampleImpl{duration(seconds)=6.75E-5, duration(nanos)=67500.0, startTimeNanos=109559521418000}'], parentObservation={name=http.server.requests(null), error=null, context=name='http.server.requests', contextualName='null', error='null', lowCardinalityKeyValues=[exception='none', method='GET', outcome='SUCCESS', status='200', uri='UNKNOWN'], highCardinalityKeyValues=[http.url='/api/platform/admin/locations/4/categories'], map=[class io.micrometer.core.instrument.Timer$Sample='io.micrometer.core.instrument.Timer$Sample@3cb6944b', class io.micrometer.core.instrument.LongTaskTimer$Sample='SampleImpl{duration(seconds)=0.0103429, duration(nanos)=1.03429E7, startTimeNanos=109559511326200}'], parentObservation=null}} created for the request. New headers are [host:"localhost:8086", sec-ch-ua-platform:""Windows"", authorization:"Bearer eyJhbGciOiJIUzI1NiJ9.eyJyb2xlcyI6IlNVUEVSX0FETUlOIiwidXNlcklkIjoxLCJlbmFibGVkIjp0cnVlLCJ1c2VybmFtZSI6InN1cGVyYWRtaW5AY2hlcmlzaHguY29tIiwiYWNjb3VudE5vbkxvY2tlZCI6dHJ1ZSwic3ViIjoic3VwZXJhZG1pbkBjaGVyaXNoeC5jb20iLCJpYXQiOjE3OTE0NjgzMjEsImV4cCI6MTc5MTU1NDcyMSwiaXNzIjoibW9tZW50LWZvcmV2ZXItYXBwIiwiYXVkIjoibW9tZW50LWZvcmV2ZXItY2xpZW50In0.MSh7MAgomTQN20GrkE0ylIFKJcho7PbSp53bCRBE2-Y", sec-ch-ua:""Chromium";v="154", "Microsoft Edge";v="154", "Not A(Brand";v="99"", accesstoken:"eyJhbGciOiJIUzI1NiJ9.eyJyb2xlcyI6IlNVUEVSX0FETUlOIiwidXNlcklkIjoxLCJlbmFibGVkIjp0cnVlLCJ1c2VybmFtZSI6InN1cGVyYWRtaW5AY2hlcmlzaHguY29tIiwiYWNjb3VudE5vbkxvY2tlZCI6dHJ1ZSwic3ViIjoic3VwZXJhZG1pbkBjaGVyaXNoeC5jb20iLCJpYXQiOjE3OTE0NjgzMjEsImV4cCI6MTc5MTU1NDcyMSwiaXNzIjoibW9tZW50LWZvcmV2ZXItYXBwIiwiYXVkIjoibW9tZW50LWZvcmV2ZXItY2xpZW50In0.MSh7MAgomTQN20GrkE0ylIFKJcho7PbSp53bCRBE2-Y", sec-ch-ua-mobile:"?0", x-requested-with:"XMLHttpRequest", x-pm-header:"[object Object]", accept:"application/json", user-agent:"Mozilla/5.0 (Windows NT 10.0; Win64; x64) AppleWebKit/537.36 (KHTML, like Gecko) Chrome/154.0.0.0 Safari/537.36 Edg/154.0.0.0", sec-fetch-site:"same-origin", sec-fetch-mode:"cors", sec-fetch-dest:"empty", referer:"http://localhost:5173/admin/locations", accept-encoding:"gzip, deflate, br, zstd", accept-language:"en-GB,en;q=0.9,en-US;q=0.8,en-IN;q=0.7", X-User-Id:"1", X-User-Roles:"SUPER_ADMIN", Forwarded:"proto=http;host="localhost:8086";for="[0:0:0:0:0:0:0:1]:63484"", X-Forwarded-For:"0:0:0:0:0:0:0:1", X-Forwarded-Proto:"http", X-Forwarded-Prefix:"/api", X-Forwarded-Port:"8086", X-Forwarded-Host:"localhost:8086"]
2026-10-08 20:12:34.345 [reactor-http-nio-4] [39mDEBUG[0;39m [36mo.s.c.g.f.h.o.ObservedResponseHttpHeadersFilter[0;39m - Will instrument the response
2026-10-08 20:12:34.345 [reactor-http-nio-2] [39mDEBUG[0;39m [36mo.s.c.g.f.h.o.ObservedResponseHttpHeadersFilter[0;39m - Will instrument the response
2026-10-08 20:12:34.346 [reactor-http-nio-4] [39mDEBUG[0;39m [36mo.s.c.g.f.h.o.ObservedResponseHttpHeadersFilter[0;39m - The response was handled for observation {name=http.client.requests(null), error=null, context=name='http.client.requests', contextualName='null', error='null', lowCardinalityKeyValues=[http.method='GET', http.status_code='UNKNOWN', spring.cloud.gateway.route.id='platform-admin', spring.cloud.gateway.route.uri='lb://MOMENT-FOREVER-PLATFORM'], highCardinalityKeyValues=[http.uri='http://localhost:8086/platform/admin/locations/4/subcategories'], map=[class io.micrometer.core.instrument.Timer$Sample='io.micrometer.core.instrument.Timer$Sample@4a2d634c', class io.micrometer.core.instrument.LongTaskTimer$Sample='SampleImpl{duration(seconds)=0.0331519, duration(nanos)=3.31519E7, startTimeNanos=109559520611700}'], parentObservation={name=http.server.requests(null), error=null, context=name='http.server.requests', contextualName='null', error='null', lowCardinalityKeyValues=[exception='none', method='GET', outcome='SUCCESS', status='200', uri='UNKNOWN'], highCardinalityKeyValues=[http.url='/api/platform/admin/locations/4/subcategories'], map=[class io.micrometer.core.instrument.Timer$Sample='io.micrometer.core.instrument.Timer$Sample@1a652a32', class io.micrometer.core.instrument.LongTaskTimer$Sample='SampleImpl{duration(seconds)=0.043593, duration(nanos)=4.3593E7, startTimeNanos=109559510226800}'], parentObservation=null}}
2026-10-08 20:12:34.346 [reactor-http-nio-2] [39mDEBUG[0;39m [36mo.s.c.g.f.h.o.ObservedResponseHttpHeadersFilter[0;39m - The response was handled for observation {name=http.client.requests(null), error=null, context=name='http.client.requests', contextualName='null', error='null', lowCardinalityKeyValues=[http.method='GET', http.status_code='UNKNOWN', spring.cloud.gateway.route.id='platform-admin', spring.cloud.gateway.route.uri='lb://MOMENT-FOREVER-PLATFORM'], highCardinalityKeyValues=[http.uri='http://localhost:8086/platform/admin/locations/4/categories'], map=[class io.micrometer.core.instrument.Timer$Sample='io.micrometer.core.instrument.Timer$Sample@33ec5f62', class io.micrometer.core.instrument.LongTaskTimer$Sample='SampleImpl{duration(seconds)=0.0324616, duration(nanos)=3.24616E7, startTimeNanos=109559521418000}'], parentObservation={name=http.server.requests(null), error=null, context=name='http.server.requests', contextualName='null', error='null', lowCardinalityKeyValues=[exception='none', method='GET', outcome='SUCCESS', status='200', uri='UNKNOWN'], highCardinalityKeyValues=[http.url='/api/platform/admin/locations/4/categories'], map=[class io.micrometer.core.instrument.Timer$Sample='io.micrometer.core.instrument.Timer$Sample@3cb6944b', class io.micrometer.core.instrument.LongTaskTimer$Sample='SampleImpl{duration(seconds)=0.0425998, duration(nanos)=4.25998E7, startTimeNanos=109559511326200}'], parentObservation=null}}
2026-10-08 20:12:34.346 [reactor-http-nio-4] [34mINFO [0;39m [36mc.f.M.f.GatewayRequestLoggingFilter[0;39m - GATEWAY_REQUEST method=GET path=/platform/admin/locations/4/subcategories routeId=platform-admin target=lb://MOMENT-FOREVER-PLATFORM status=200 durationMs=35 signal=onComplete
2026-10-08 20:12:34.346 [reactor-http-nio-2] [34mINFO [0;39m [36mc.f.M.f.GatewayRequestLoggingFilter[0;39m - GATEWAY_REQUEST method=GET path=/platform/admin/locations/4/categories routeId=platform-admin target=lb://MOMENT-FOREVER-PLATFORM status=200 durationMs=34 signal=onComplete
2026-10-08 20:14:45.328 [catalogWatchTaskScheduler-1] [39mDEBUG[0;39m [36mo.s.c.g.r.RouteDefinitionRouteLocator[0;39m - RouteDefinition platform-public applying {_genkey_0=/api/platform/public/**} to Path
2026-10-08 20:14:45.330 [catalogWatchTaskScheduler-1] [39mDEBUG[0;39m [36mo.s.c.g.r.RouteDefinitionRouteLocator[0;39m - RouteDefinition platform-public applying filter {_genkey_0=1} to StripPrefix
2026-10-08 20:14:45.330 [catalogWatchTaskScheduler-1] [39mDEBUG[0;39m [36mo.s.c.g.r.RouteDefinitionRouteLocator[0;39m - RouteDefinition matched: platform-public
2026-10-08 20:14:45.330 [catalogWatchTaskScheduler-1] [39mDEBUG[0;39m [36mo.s.c.g.r.RouteDefinitionRouteLocator[0;39m - RouteDefinition platform-auth applying {_genkey_0=/api/platform/auth/**} to Path
2026-10-08 20:14:45.332 [catalogWatchTaskScheduler-1] [39mDEBUG[0;39m [36mo.s.c.g.r.RouteDefinitionRouteLocator[0;39m - RouteDefinition platform-auth applying filter {_genkey_0=1} to StripPrefix
2026-10-08 20:14:45.332 [catalogWatchTaskScheduler-1] [39mDEBUG[0;39m [36mo.s.c.g.r.RouteDefinitionRouteLocator[0;39m - RouteDefinition matched: platform-auth
2026-10-08 20:14:45.332 [catalogWatchTaskScheduler-1] [39mDEBUG[0;39m [36mo.s.c.g.r.RouteDefinitionRouteLocator[0;39m - RouteDefinition platform-uploads applying {_genkey_0=/api/uploads/**} to Path
2026-10-08 20:14:45.334 [catalogWatchTaskScheduler-1] [39mDEBUG[0;39m [36mo.s.c.g.r.RouteDefinitionRouteLocator[0;39m - RouteDefinition platform-uploads applying filter {_genkey_0=1} to StripPrefix
2026-10-08 20:14:45.335 [catalogWatchTaskScheduler-1] [39mDEBUG[0;39m [36mo.s.c.g.r.RouteDefinitionRouteLocator[0;39m - RouteDefinition matched: platform-uploads
2026-10-08 20:14:45.335 [catalogWatchTaskScheduler-1] [39mDEBUG[0;39m [36mo.s.c.g.r.RouteDefinitionRouteLocator[0;39m - RouteDefinition platform-api-docs applying {_genkey_0=/api/platform/v3/api-docs/**} to Path
2026-10-08 20:14:45.336 [catalogWatchTaskScheduler-1] [39mDEBUG[0;39m [36mo.s.c.g.r.RouteDefinitionRouteLocator[0;39m - RouteDefinition platform-api-docs applying filter {_genkey_0=1} to StripPrefix
2026-10-08 20:14:45.337 [catalogWatchTaskScheduler-1] [39mDEBUG[0;39m [36mo.s.c.g.r.RouteDefinitionRouteLocator[0;39m - RouteDefinition matched: platform-api-docs
2026-10-08 20:14:45.337 [catalogWatchTaskScheduler-1] [39mDEBUG[0;39m [36mo.s.c.g.r.RouteDefinitionRouteLocator[0;39m - RouteDefinition booking-api-docs applying {_genkey_0=/api/booking/v3/api-docs/**} to Path
2026-10-08 20:14:45.339 [catalogWatchTaskScheduler-1] [39mDEBUG[0;39m [36mo.s.c.g.r.RouteDefinitionRouteLocator[0;39m - RouteDefinition booking-api-docs applying filter {_genkey_0=1} to StripPrefix
2026-10-08 20:14:45.339 [catalogWatchTaskScheduler-1] [39mDEBUG[0;39m [36mo.s.c.g.r.RouteDefinitionRouteLocator[0;39m - RouteDefinition matched: booking-api-docs
2026-10-08 20:14:45.340 [catalogWatchTaskScheduler-1] [39mDEBUG[0;39m [36mo.s.c.g.r.RouteDefinitionRouteLocator[0;39m - RouteDefinition payment-api-docs applying {_genkey_0=/api/payment/v3/api-docs/**} to Path
2026-10-08 20:14:45.341 [catalogWatchTaskScheduler-1] [39mDEBUG[0;39m [36mo.s.c.g.r.RouteDefinitionRouteLocator[0;39m - RouteDefinition payment-api-docs applying filter {_genkey_0=1} to StripPrefix
2026-10-08 20:14:45.343 [catalogWatchTaskScheduler-1] [39mDEBUG[0;39m [36mo.s.c.g.r.RouteDefinitionRouteLocator[0;39m - RouteDefinition matched: payment-api-docs
2026-10-08 20:14:45.343 [catalogWatchTaskScheduler-1] [39mDEBUG[0;39m [36mo.s.c.g.r.RouteDefinitionRouteLocator[0;39m - RouteDefinition platform-actuator-health applying {_genkey_0=/api/platform/actuator/health} to Path
2026-10-08 20:14:45.344 [catalogWatchTaskScheduler-1] [39mDEBUG[0;39m [36mo.s.c.g.r.RouteDefinitionRouteLocator[0;39m - RouteDefinition platform-actuator-health applying filter {_genkey_0=1} to StripPrefix
2026-10-08 20:14:45.345 [catalogWatchTaskScheduler-1] [39mDEBUG[0;39m [36mo.s.c.g.r.RouteDefinitionRouteLocator[0;39m - RouteDefinition matched: platform-actuator-health
2026-10-08 20:14:45.345 [catalogWatchTaskScheduler-1] [39mDEBUG[0;39m [36mo.s.c.g.r.RouteDefinitionRouteLocator[0;39m - RouteDefinition booking-actuator-health applying {_genkey_0=/api/booking/actuator/health} to Path
2026-10-08 20:14:45.346 [catalogWatchTaskScheduler-1] [39mDEBUG[0;39m [36mo.s.c.g.r.RouteDefinitionRouteLocator[0;39m - RouteDefinition booking-actuator-health applying filter {_genkey_0=1} to StripPrefix
2026-10-08 20:14:45.347 [catalogWatchTaskScheduler-1] [39mDEBUG[0;39m [36mo.s.c.g.r.RouteDefinitionRouteLocator[0;39m - RouteDefinition matched: booking-actuator-health
2026-10-08 20:14:45.347 [catalogWatchTaskScheduler-1] [39mDEBUG[0;39m [36mo.s.c.g.r.RouteDefinitionRouteLocator[0;39m - RouteDefinition payment-actuator-health applying {_genkey_0=/api/payment/actuator/health} to Path
2026-10-08 20:14:45.348 [catalogWatchTaskScheduler-1] [39mDEBUG[0;39m [36mo.s.c.g.r.RouteDefinitionRouteLocator[0;39m - RouteDefinition payment-actuator-health applying filter {_genkey_0=1} to StripPrefix
2026-10-08 20:14:45.350 [catalogWatchTaskScheduler-1] [39mDEBUG[0;39m [36mo.s.c.g.r.RouteDefinitionRouteLocator[0;39m - RouteDefinition matched: payment-actuator-health
2026-10-08 20:14:45.350 [catalogWatchTaskScheduler-1] [39mDEBUG[0;39m [36mo.s.c.g.r.RouteDefinitionRouteLocator[0;39m - RouteDefinition platform-admin applying {_genkey_0=/api/platform/admin/**} to Path
2026-10-08 20:14:45.351 [catalogWatchTaskScheduler-1] [39mDEBUG[0;39m [36mo.s.c.g.r.RouteDefinitionRouteLocator[0;39m - RouteDefinition platform-admin applying filter {_genkey_0=1} to StripPrefix
2026-10-08 20:14:45.352 [catalogWatchTaskScheduler-1] [39mDEBUG[0;39m [36mo.s.c.g.r.RouteDefinitionRouteLocator[0;39m - RouteDefinition matched: platform-admin
2026-10-08 20:14:45.352 [catalogWatchTaskScheduler-1] [39mDEBUG[0;39m [36mo.s.c.g.r.RouteDefinitionRouteLocator[0;39m - RouteDefinition platform-user applying {_genkey_0=/api/platform/user/**} to Path
2026-10-08 20:14:45.353 [catalogWatchTaskScheduler-1] [39mDEBUG[0;39m [36mo.s.c.g.r.RouteDefinitionRouteLocator[0;39m - RouteDefinition platform-user applying filter {_genkey_0=1} to StripPrefix
2026-10-08 20:14:45.354 [catalogWatchTaskScheduler-1] [39mDEBUG[0;39m [36mo.s.c.g.r.RouteDefinitionRouteLocator[0;39m - RouteDefinition matched: platform-user
2026-10-08 20:14:45.354 [catalogWatchTaskScheduler-1] [39mDEBUG[0;39m [36mo.s.c.g.r.RouteDefinitionRouteLocator[0;39m - RouteDefinition platform-other applying {_genkey_0=/api/platform/**} to Path
2026-10-08 20:14:45.355 [catalogWatchTaskScheduler-1] [39mDEBUG[0;39m [36mo.s.c.g.r.RouteDefinitionRouteLocator[0;39m - RouteDefinition platform-other applying filter {_genkey_0=1} to StripPrefix
2026-10-08 20:14:45.357 [catalogWatchTaskScheduler-1] [39mDEBUG[0;39m [36mo.s.c.g.r.RouteDefinitionRouteLocator[0;39m - RouteDefinition matched: platform-other
2026-10-08 20:14:45.357 [catalogWatchTaskScheduler-1] [39mDEBUG[0;39m [36mo.s.c.g.r.RouteDefinitionRouteLocator[0;39m - RouteDefinition booking-service applying {_genkey_0=/api/booking/**} to Path
2026-10-08 20:14:45.358 [catalogWatchTaskScheduler-1] [39mDEBUG[0;39m [36mo.s.c.g.r.RouteDefinitionRouteLocator[0;39m - RouteDefinition booking-service applying filter {_genkey_0=1} to StripPrefix
2026-10-08 20:14:45.359 [catalogWatchTaskScheduler-1] [39mDEBUG[0;39m [36mo.s.c.g.r.RouteDefinitionRouteLocator[0;39m - RouteDefinition matched: booking-service
2026-10-08 20:14:45.359 [catalogWatchTaskScheduler-1] [39mDEBUG[0;39m [36mo.s.c.g.r.RouteDefinitionRouteLocator[0;39m - RouteDefinition payment-service applying {_genkey_0=/api/payment/**} to Path
2026-10-08 20:14:45.360 [catalogWatchTaskScheduler-1] [39mDEBUG[0;39m [36mo.s.c.g.r.RouteDefinitionRouteLocator[0;39m - RouteDefinition payment-service applying filter {_genkey_0=1} to StripPrefix
2026-10-08 20:14:45.361 [catalogWatchTaskScheduler-1] [39mDEBUG[0;39m [36mo.s.c.g.r.RouteDefinitionRouteLocator[0;39m - RouteDefinition matched: payment-service
2026-10-08 20:14:45.361 [catalogWatchTaskScheduler-1] [39mDEBUG[0;39m [36mo.s.c.g.r.RouteDefinitionRouteLocator[0;39m - RouteDefinition platform-actuator applying {_genkey_0=/api/platform/actuator/**} to Path
2026-10-08 20:14:45.362 [catalogWatchTaskScheduler-1] [39mDEBUG[0;39m [36mo.s.c.g.r.RouteDefinitionRouteLocator[0;39m - RouteDefinition platform-actuator applying filter {_genkey_0=1} to StripPrefix
2026-10-08 20:14:45.363 [catalogWatchTaskScheduler-1] [39mDEBUG[0;39m [36mo.s.c.g.r.RouteDefinitionRouteLocator[0;39m - RouteDefinition matched: platform-actuator
2026-10-08 20:14:45.363 [catalogWatchTaskScheduler-1] [39mDEBUG[0;39m [36mo.s.c.g.r.RouteDefinitionRouteLocator[0;39m - RouteDefinition booking-actuator applying {_genkey_0=/api/booking/actuator/**} to Path
2026-10-08 20:14:45.364 [catalogWatchTaskScheduler-1] [39mDEBUG[0;39m [36mo.s.c.g.r.RouteDefinitionRouteLocator[0;39m - RouteDefinition booking-actuator applying filter {_genkey_0=1} to StripPrefix
2026-10-08 20:14:45.365 [catalogWatchTaskScheduler-1] [39mDEBUG[0;39m [36mo.s.c.g.r.RouteDefinitionRouteLocator[0;39m - RouteDefinition matched: booking-actuator
2026-10-08 20:14:45.365 [catalogWatchTaskScheduler-1] [39mDEBUG[0;39m [36mo.s.c.g.r.RouteDefinitionRouteLocator[0;39m - RouteDefinition payment-actuator applying {_genkey_0=/api/payment/actuator/**} to Path
2026-10-08 20:14:45.366 [catalogWatchTaskScheduler-1] [39mDEBUG[0;39m [36mo.s.c.g.r.RouteDefinitionRouteLocator[0;39m - RouteDefinition payment-actuator applying filter {_genkey_0=1} to StripPrefix
2026-10-08 20:14:45.368 [catalogWatchTaskScheduler-1] [39mDEBUG[0;39m [36mo.s.c.g.r.RouteDefinitionRouteLocator[0;39m - RouteDefinition matched: payment-actuator
2026-10-08 20:14:45.369 [catalogWatchTaskScheduler-1] [39mDEBUG[0;39m [36mo.s.c.g.filter.GatewayMetricsFilter[0;39m - New routes count: 17
2026-10-08 20:15:33.835 [catalogWatchTaskScheduler-1] [39mDEBUG[0;39m [36mo.s.c.g.r.RouteDefinitionRouteLocator[0;39m - RouteDefinition platform-public applying {_genkey_0=/api/platform/public/**} to Path
2026-10-08 20:15:33.836 [catalogWatchTaskScheduler-1] [39mDEBUG[0;39m [36mo.s.c.g.r.RouteDefinitionRouteLocator[0;39m - RouteDefinition platform-public applying filter {_genkey_0=1} to StripPrefix
2026-10-08 20:15:33.837 [catalogWatchTaskScheduler-1] [39mDEBUG[0;39m [36mo.s.c.g.r.RouteDefinitionRouteLocator[0;39m - RouteDefinition matched: platform-public
2026-10-08 20:15:33.837 [catalogWatchTaskScheduler-1] [39mDEBUG[0;39m [36mo.s.c.g.r.RouteDefinitionRouteLocator[0;39m - RouteDefinition platform-auth applying {_genkey_0=/api/platform/auth/**} to Path
2026-10-08 20:15:33.838 [catalogWatchTaskScheduler-1] [39mDEBUG[0;39m [36mo.s.c.g.r.RouteDefinitionRouteLocator[0;39m - RouteDefinition platform-auth applying filter {_genkey_0=1} to StripPrefix
2026-10-08 20:15:33.839 [catalogWatchTaskScheduler-1] [39mDEBUG[0;39m [36mo.s.c.g.r.RouteDefinitionRouteLocator[0;39m - RouteDefinition matched: platform-auth
2026-10-08 20:15:33.839 [catalogWatchTaskScheduler-1] [39mDEBUG[0;39m [36mo.s.c.g.r.RouteDefinitionRouteLocator[0;39m - RouteDefinition platform-uploads applying {_genkey_0=/api/uploads/**} to Path
2026-10-08 20:15:33.840 [catalogWatchTaskScheduler-1] [39mDEBUG[0;39m [36mo.s.c.g.r.RouteDefinitionRouteLocator[0;39m - RouteDefinition platform-uploads applying filter {_genkey_0=1} to StripPrefix
2026-10-08 20:15:33.841 [catalogWatchTaskScheduler-1] [39mDEBUG[0;39m [36mo.s.c.g.r.RouteDefinitionRouteLocator[0;39m - RouteDefinition matched: platform-uploads
2026-10-08 20:15:33.842 [catalogWatchTaskScheduler-1] [39mDEBUG[0;39m [36mo.s.c.g.r.RouteDefinitionRouteLocator[0;39m - RouteDefinition platform-api-docs applying {_genkey_0=/api/platform/v3/api-docs/**} to Path
2026-10-08 20:15:33.842 [catalogWatchTaskScheduler-1] [39mDEBUG[0;39m [36mo.s.c.g.r.RouteDefinitionRouteLocator[0;39m - RouteDefinition platform-api-docs applying filter {_genkey_0=1} to StripPrefix
2026-10-08 20:15:33.843 [catalogWatchTaskScheduler-1] [39mDEBUG[0;39m [36mo.s.c.g.r.RouteDefinitionRouteLocator[0;39m - RouteDefinition matched: platform-api-docs
2026-10-08 20:15:33.843 [catalogWatchTaskScheduler-1] [39mDEBUG[0;39m [36mo.s.c.g.r.RouteDefinitionRouteLocator[0;39m - RouteDefinition booking-api-docs applying {_genkey_0=/api/booking/v3/api-docs/**} to Path
2026-10-08 20:15:33.844 [catalogWatchTaskScheduler-1] [39mDEBUG[0;39m [36mo.s.c.g.r.RouteDefinitionRouteLocator[0;39m - RouteDefinition booking-api-docs applying filter {_genkey_0=1} to StripPrefix
2026-10-08 20:15:33.845 [catalogWatchTaskScheduler-1] [39mDEBUG[0;39m [36mo.s.c.g.r.RouteDefinitionRouteLocator[0;39m - RouteDefinition matched: booking-api-docs
2026-10-08 20:15:33.846 [catalogWatchTaskScheduler-1] [39mDEBUG[0;39m [36mo.s.c.g.r.RouteDefinitionRouteLocator[0;39m - RouteDefinition payment-api-docs applying {_genkey_0=/api/payment/v3/api-docs/**} to Path
2026-10-08 20:15:33.846 [catalogWatchTaskScheduler-1] [39mDEBUG[0;39m [36mo.s.c.g.r.RouteDefinitionRouteLocator[0;39m - RouteDefinition payment-api-docs applying filter {_genkey_0=1} to StripPrefix
2026-10-08 20:15:33.847 [catalogWatchTaskScheduler-1] [39mDEBUG[0;39m [36mo.s.c.g.r.RouteDefinitionRouteLocator[0;39m - RouteDefinition matched: payment-api-docs
2026-10-08 20:15:33.847 [catalogWatchTaskScheduler-1] [39mDEBUG[0;39m [36mo.s.c.g.r.RouteDefinitionRouteLocator[0;39m - RouteDefinition platform-actuator-health applying {_genkey_0=/api/platform/actuator/health} to Path
2026-10-08 20:15:33.848 [catalogWatchTaskScheduler-1] [39mDEBUG[0;39m [36mo.s.c.g.r.RouteDefinitionRouteLocator[0;39m - RouteDefinition platform-actuator-health applying filter {_genkey_0=1} to StripPrefix
2026-10-08 20:15:33.849 [catalogWatchTaskScheduler-1] [39mDEBUG[0;39m [36mo.s.c.g.r.RouteDefinitionRouteLocator[0;39m - RouteDefinition matched: platform-actuator-health
2026-10-08 20:15:33.849 [catalogWatchTaskScheduler-1] [39mDEBUG[0;39m [36mo.s.c.g.r.RouteDefinitionRouteLocator[0;39m - RouteDefinition booking-actuator-health applying {_genkey_0=/api/booking/actuator/health} to Path
2026-10-08 20:15:33.850 [catalogWatchTaskScheduler-1] [39mDEBUG[0;39m [36mo.s.c.g.r.RouteDefinitionRouteLocator[0;39m - RouteDefinition booking-actuator-health applying filter {_genkey_0=1} to StripPrefix
2026-10-08 20:15:33.850 [catalogWatchTaskScheduler-1] [39mDEBUG[0;39m [36mo.s.c.g.r.RouteDefinitionRouteLocator[0;39m - RouteDefinition matched: booking-actuator-health
2026-10-08 20:15:33.851 [catalogWatchTaskScheduler-1] [39mDEBUG[0;39m [36mo.s.c.g.r.RouteDefinitionRouteLocator[0;39m - RouteDefinition payment-actuator-health applying {_genkey_0=/api/payment/actuator/health} to Path
2026-10-08 20:15:33.851 [catalogWatchTaskScheduler-1] [39mDEBUG[0;39m [36mo.s.c.g.r.RouteDefinitionRouteLocator[0;39m - RouteDefinition payment-actuator-health applying filter {_genkey_0=1} to StripPrefix
2026-10-08 20:15:33.853 [catalogWatchTaskScheduler-1] [39mDEBUG[0;39m [36mo.s.c.g.r.RouteDefinitionRouteLocator[0;39m - RouteDefinition matched: payment-actuator-health
2026-10-08 20:15:33.853 [catalogWatchTaskScheduler-1] [39mDEBUG[0;39m [36mo.s.c.g.r.RouteDefinitionRouteLocator[0;39m - RouteDefinition platform-admin applying {_genkey_0=/api/platform/admin/**} to Path
2026-10-08 20:15:33.854 [catalogWatchTaskScheduler-1] [39mDEBUG[0;39m [36mo.s.c.g.r.RouteDefinitionRouteLocator[0;39m - RouteDefinition platform-admin applying filter {_genkey_0=1} to StripPrefix
2026-10-08 20:15:33.855 [catalogWatchTaskScheduler-1] [39mDEBUG[0;39m [36mo.s.c.g.r.RouteDefinitionRouteLocator[0;39m - RouteDefinition matched: platform-admin
2026-10-08 20:15:33.855 [catalogWatchTaskScheduler-1] [39mDEBUG[0;39m [36mo.s.c.g.r.RouteDefinitionRouteLocator[0;39m - RouteDefinition platform-user applying {_genkey_0=/api/platform/user/**} to Path
2026-10-08 20:15:33.856 [catalogWatchTaskScheduler-1] [39mDEBUG[0;39m [36mo.s.c.g.r.RouteDefinitionRouteLocator[0;39m - RouteDefinition platform-user applying filter {_genkey_0=1} to StripPrefix
2026-10-08 20:15:33.857 [catalogWatchTaskScheduler-1] [39mDEBUG[0;39m [36mo.s.c.g.r.RouteDefinitionRouteLocator[0;39m - RouteDefinition matched: platform-user
2026-10-08 20:15:33.857 [catalogWatchTaskScheduler-1] [39mDEBUG[0;39m [36mo.s.c.g.r.RouteDefinitionRouteLocator[0;39m - RouteDefinition platform-other applying {_genkey_0=/api/platform/**} to Path
2026-10-08 20:15:33.858 [catalogWatchTaskScheduler-1] [39mDEBUG[0;39m [36mo.s.c.g.r.RouteDefinitionRouteLocator[0;39m - RouteDefinition platform-other applying filter {_genkey_0=1} to StripPrefix
2026-10-08 20:15:33.859 [catalogWatchTaskScheduler-1] [39mDEBUG[0;39m [36mo.s.c.g.r.RouteDefinitionRouteLocator[0;39m - RouteDefinition matched: platform-other
2026-10-08 20:15:33.859 [catalogWatchTaskScheduler-1] [39mDEBUG[0;39m [36mo.s.c.g.r.RouteDefinitionRouteLocator[0;39m - RouteDefinition booking-service applying {_genkey_0=/api/booking/**} to Path
2026-10-08 20:15:33.860 [catalogWatchTaskScheduler-1] [39mDEBUG[0;39m [36mo.s.c.g.r.RouteDefinitionRouteLocator[0;39m - RouteDefinition booking-service applying filter {_genkey_0=1} to StripPrefix
2026-10-08 20:15:33.861 [catalogWatchTaskScheduler-1] [39mDEBUG[0;39m [36mo.s.c.g.r.RouteDefinitionRouteLocator[0;39m - RouteDefinition matched: booking-service
2026-10-08 20:15:33.861 [catalogWatchTaskScheduler-1] [39mDEBUG[0;39m [36mo.s.c.g.r.RouteDefinitionRouteLocator[0;39m - RouteDefinition payment-service applying {_genkey_0=/api/payment/**} to Path
2026-10-08 20:15:33.862 [catalogWatchTaskScheduler-1] [39mDEBUG[0;39m [36mo.s.c.g.r.RouteDefinitionRouteLocator[0;39m - RouteDefinition payment-service applying filter {_genkey_0=1} to StripPrefix
2026-10-08 20:15:33.863 [catalogWatchTaskScheduler-1] [39mDEBUG[0;39m [36mo.s.c.g.r.RouteDefinitionRouteLocator[0;39m - RouteDefinition matched: payment-service
2026-10-08 20:15:33.863 [catalogWatchTaskScheduler-1] [39mDEBUG[0;39m [36mo.s.c.g.r.RouteDefinitionRouteLocator[0;39m - RouteDefinition platform-actuator applying {_genkey_0=/api/platform/actuator/**} to Path
2026-10-08 20:15:33.864 [catalogWatchTaskScheduler-1] [39mDEBUG[0;39m [36mo.s.c.g.r.RouteDefinitionRouteLocator[0;39m - RouteDefinition platform-actuator applying filter {_genkey_0=1} to StripPrefix
2026-10-08 20:15:33.864 [catalogWatchTaskScheduler-1] [39mDEBUG[0;39m [36mo.s.c.g.r.RouteDefinitionRouteLocator[0;39m - RouteDefinition matched: platform-actuator
2026-10-08 20:15:33.864 [catalogWatchTaskScheduler-1] [39mDEBUG[0;39m [36mo.s.c.g.r.RouteDefinitionRouteLocator[0;39m - RouteDefinition booking-actuator applying {_genkey_0=/api/booking/actuator/**} to Path
2026-10-08 20:15:33.866 [catalogWatchTaskScheduler-1] [39mDEBUG[0;39m [36mo.s.c.g.r.RouteDefinitionRouteLocator[0;39m - RouteDefinition booking-actuator applying filter {_genkey_0=1} to StripPrefix
2026-10-08 20:15:33.867 [catalogWatchTaskScheduler-1] [39mDEBUG[0;39m [36mo.s.c.g.r.RouteDefinitionRouteLocator[0;39m - RouteDefinition matched: booking-actuator
2026-10-08 20:15:33.867 [catalogWatchTaskScheduler-1] [39mDEBUG[0;39m [36mo.s.c.g.r.RouteDefinitionRouteLocator[0;39m - RouteDefinition payment-actuator applying {_genkey_0=/api/payment/actuator/**} to Path
2026-10-08 20:15:33.868 [catalogWatchTaskScheduler-1] [39mDEBUG[0;39m [36mo.s.c.g.r.RouteDefinitionRouteLocator[0;39m - RouteDefinition payment-actuator applying filter {_genkey_0=1} to StripPrefix
2026-10-08 20:15:33.869 [catalogWatchTaskScheduler-1] [39mDEBUG[0;39m [36mo.s.c.g.r.RouteDefinitionRouteLocator[0;39m - RouteDefinition matched: payment-actuator
2026-10-08 20:15:33.869 [catalogWatchTaskScheduler-1] [39mDEBUG[0;39m [36mo.s.c.g.filter.GatewayMetricsFilter[0;39m - New routes count: 17
2026-10-08 21:38:45.770 [catalogWatchTaskScheduler-1] [39mDEBUG[0;39m [36mo.s.c.g.r.RouteDefinitionRouteLocator[0;39m - RouteDefinition platform-public applying {_genkey_0=/api/platform/public/**} to Path
2026-10-08 21:38:45.863 [catalogWatchTaskScheduler-1] [39mDEBUG[0;39m [36mo.s.c.g.r.RouteDefinitionRouteLocator[0;39m - RouteDefinition platform-public applying filter {_genkey_0=1} to StripPrefix
2026-10-08 21:38:45.886 [catalogWatchTaskScheduler-1] [39mDEBUG[0;39m [36mo.s.c.g.r.RouteDefinitionRouteLocator[0;39m - RouteDefinition matched: platform-public
2026-10-08 21:38:45.886 [catalogWatchTaskScheduler-1] [39mDEBUG[0;39m [36mo.s.c.g.r.RouteDefinitionRouteLocator[0;39m - RouteDefinition platform-auth applying {_genkey_0=/api/platform/auth/**} to Path
2026-10-08 21:38:45.888 [catalogWatchTaskScheduler-1] [39mDEBUG[0;39m [36mo.s.c.g.r.RouteDefinitionRouteLocator[0;39m - RouteDefinition platform-auth applying filter {_genkey_0=1} to StripPrefix
2026-10-08 21:38:45.892 [catalogWatchTaskScheduler-1] [39mDEBUG[0;39m [36mo.s.c.g.r.RouteDefinitionRouteLocator[0;39m - RouteDefinition matched: platform-auth
2026-10-08 21:38:45.893 [catalogWatchTaskScheduler-1] [39mDEBUG[0;39m [36mo.s.c.g.r.RouteDefinitionRouteLocator[0;39m - RouteDefinition platform-uploads applying {_genkey_0=/api/uploads/**} to Path
2026-10-08 21:38:45.893 [catalogWatchTaskScheduler-1] [39mDEBUG[0;39m [36mo.s.c.g.r.RouteDefinitionRouteLocator[0;39m - RouteDefinition platform-uploads applying filter {_genkey_0=1} to StripPrefix
2026-10-08 21:38:45.897 [catalogWatchTaskScheduler-1] [39mDEBUG[0;39m [36mo.s.c.g.r.RouteDefinitionRouteLocator[0;39m - RouteDefinition matched: platform-uploads
2026-10-08 21:38:45.898 [catalogWatchTaskScheduler-1] [39mDEBUG[0;39m [36mo.s.c.g.r.RouteDefinitionRouteLocator[0;39m - RouteDefinition platform-api-docs applying {_genkey_0=/api/platform/v3/api-docs/**} to Path
2026-10-08 21:38:45.899 [catalogWatchTaskScheduler-1] [39mDEBUG[0;39m [36mo.s.c.g.r.RouteDefinitionRouteLocator[0;39m - RouteDefinition platform-api-docs applying filter {_genkey_0=1} to StripPrefix
2026-10-08 21:38:45.901 [catalogWatchTaskScheduler-1] [39mDEBUG[0;39m [36mo.s.c.g.r.RouteDefinitionRouteLocator[0;39m - RouteDefinition matched: platform-api-docs
2026-10-08 21:38:45.902 [catalogWatchTaskScheduler-1] [39mDEBUG[0;39m [36mo.s.c.g.r.RouteDefinitionRouteLocator[0;39m - RouteDefinition booking-api-docs applying {_genkey_0=/api/booking/v3/api-docs/**} to Path
2026-10-08 21:38:45.903 [catalogWatchTaskScheduler-1] [39mDEBUG[0;39m [36mo.s.c.g.r.RouteDefinitionRouteLocator[0;39m - RouteDefinition booking-api-docs applying filter {_genkey_0=1} to StripPrefix
2026-10-08 21:38:45.906 [catalogWatchTaskScheduler-1] [39mDEBUG[0;39m [36mo.s.c.g.r.RouteDefinitionRouteLocator[0;39m - RouteDefinition matched: booking-api-docs
2026-10-08 21:38:45.907 [catalogWatchTaskScheduler-1] [39mDEBUG[0;39m [36mo.s.c.g.r.RouteDefinitionRouteLocator[0;39m - RouteDefinition payment-api-docs applying {_genkey_0=/api/payment/v3/api-docs/**} to Path
2026-10-08 21:38:45.908 [catalogWatchTaskScheduler-1] [39mDEBUG[0;39m [36mo.s.c.g.r.RouteDefinitionRouteLocator[0;39m - RouteDefinition payment-api-docs applying filter {_genkey_0=1} to StripPrefix
2026-10-08 21:38:45.912 [catalogWatchTaskScheduler-1] [39mDEBUG[0;39m [36mo.s.c.g.r.RouteDefinitionRouteLocator[0;39m - RouteDefinition matched: payment-api-docs
2026-10-08 21:38:45.912 [catalogWatchTaskScheduler-1] [39mDEBUG[0;39m [36mo.s.c.g.r.RouteDefinitionRouteLocator[0;39m - RouteDefinition platform-actuator-health applying {_genkey_0=/api/platform/actuator/health} to Path
2026-10-08 21:38:45.912 [catalogWatchTaskScheduler-1] [39mDEBUG[0;39m [36mo.s.c.g.r.RouteDefinitionRouteLocator[0;39m - RouteDefinition platform-actuator-health applying filter {_genkey_0=1} to StripPrefix
2026-10-08 21:38:45.915 [catalogWatchTaskScheduler-1] [39mDEBUG[0;39m [36mo.s.c.g.r.RouteDefinitionRouteLocator[0;39m - RouteDefinition matched: platform-actuator-health
2026-10-08 21:38:45.915 [catalogWatchTaskScheduler-1] [39mDEBUG[0;39m [36mo.s.c.g.r.RouteDefinitionRouteLocator[0;39m - RouteDefinition booking-actuator-health applying {_genkey_0=/api/booking/actuator/health} to Path
2026-10-08 21:38:45.920 [catalogWatchTaskScheduler-1] [39mDEBUG[0;39m [36mo.s.c.g.r.RouteDefinitionRouteLocator[0;39m - RouteDefinition booking-actuator-health applying filter {_genkey_0=1} to StripPrefix
2026-10-08 21:38:45.920 [catalogWatchTaskScheduler-1] [39mDEBUG[0;39m [36mo.s.c.g.r.RouteDefinitionRouteLocator[0;39m - RouteDefinition matched: booking-actuator-health
2026-10-08 21:38:45.920 [catalogWatchTaskScheduler-1] [39mDEBUG[0;39m [36mo.s.c.g.r.RouteDefinitionRouteLocator[0;39m - RouteDefinition payment-actuator-health applying {_genkey_0=/api/payment/actuator/health} to Path
2026-10-08 21:38:45.925 [catalogWatchTaskScheduler-1] [39mDEBUG[0;39m [36mo.s.c.g.r.RouteDefinitionRouteLocator[0;39m - RouteDefinition payment-actuator-health applying filter {_genkey_0=1} to StripPrefix
2026-10-08 21:38:45.925 [catalogWatchTaskScheduler-1] [39mDEBUG[0;39m [36mo.s.c.g.r.RouteDefinitionRouteLocator[0;39m - RouteDefinition matched: payment-actuator-health
2026-10-08 21:38:45.925 [catalogWatchTaskScheduler-1] [39mDEBUG[0;39m [36mo.s.c.g.r.RouteDefinitionRouteLocator[0;39m - RouteDefinition platform-admin applying {_genkey_0=/api/platform/admin/**} to Path
2026-10-08 21:38:45.925 [catalogWatchTaskScheduler-1] [39mDEBUG[0;39m [36mo.s.c.g.r.RouteDefinitionRouteLocator[0;39m - RouteDefinition platform-admin applying filter {_genkey_0=1} to StripPrefix
2026-10-08 21:38:45.925 [catalogWatchTaskScheduler-1] [39mDEBUG[0;39m [36mo.s.c.g.r.RouteDefinitionRouteLocator[0;39m - RouteDefinition matched: platform-admin
2026-10-08 21:38:45.925 [catalogWatchTaskScheduler-1] [39mDEBUG[0;39m [36mo.s.c.g.r.RouteDefinitionRouteLocator[0;39m - RouteDefinition platform-user applying {_genkey_0=/api/platform/user/**} to Path
2026-10-08 21:38:45.934 [catalogWatchTaskScheduler-1] [39mDEBUG[0;39m [36mo.s.c.g.r.RouteDefinitionRouteLocator[0;39m - RouteDefinition platform-user applying filter {_genkey_0=1} to StripPrefix
2026-10-08 21:38:45.936 [catalogWatchTaskScheduler-1] [39mDEBUG[0;39m [36mo.s.c.g.r.RouteDefinitionRouteLocator[0;39m - RouteDefinition matched: platform-user
2026-10-08 21:38:45.936 [catalogWatchTaskScheduler-1] [39mDEBUG[0;39m [36mo.s.c.g.r.RouteDefinitionRouteLocator[0;39m - RouteDefinition platform-other applying {_genkey_0=/api/platform/**} to Path
2026-10-08 21:38:45.942 [catalogWatchTaskScheduler-1] [39mDEBUG[0;39m [36mo.s.c.g.r.RouteDefinitionRouteLocator[0;39m - RouteDefinition platform-other applying filter {_genkey_0=1} to StripPrefix
2026-10-08 21:38:45.942 [catalogWatchTaskScheduler-1] [39mDEBUG[0;39m [36mo.s.c.g.r.RouteDefinitionRouteLocator[0;39m - RouteDefinition matched: platform-other
2026-10-08 21:38:45.944 [catalogWatchTaskScheduler-1] [39mDEBUG[0;39m [36mo.s.c.g.r.RouteDefinitionRouteLocator[0;39m - RouteDefinition booking-service applying {_genkey_0=/api/booking/**} to Path
2026-10-08 21:38:45.944 [catalogWatchTaskScheduler-1] [39mDEBUG[0;39m [36mo.s.c.g.r.RouteDefinitionRouteLocator[0;39m - RouteDefinition booking-service applying filter {_genkey_0=1} to StripPrefix
2026-10-08 21:38:45.948 [catalogWatchTaskScheduler-1] [39mDEBUG[0;39m [36mo.s.c.g.r.RouteDefinitionRouteLocator[0;39m - RouteDefinition matched: booking-service
2026-10-08 21:38:45.948 [catalogWatchTaskScheduler-1] [39mDEBUG[0;39m [36mo.s.c.g.r.RouteDefinitionRouteLocator[0;39m - RouteDefinition payment-service applying {_genkey_0=/api/payment/**} to Path
2026-10-08 21:38:45.952 [catalogWatchTaskScheduler-1] [39mDEBUG[0;39m [36mo.s.c.g.r.RouteDefinitionRouteLocator[0;39m - RouteDefinition payment-service applying filter {_genkey_0=1} to StripPrefix
2026-10-08 21:38:45.952 [catalogWatchTaskScheduler-1] [39mDEBUG[0;39m [36mo.s.c.g.r.RouteDefinitionRouteLocator[0;39m - RouteDefinition matched: payment-service
2026-10-08 21:38:45.952 [catalogWatchTaskScheduler-1] [39mDEBUG[0;39m [36mo.s.c.g.r.RouteDefinitionRouteLocator[0;39m - RouteDefinition platform-actuator applying {_genkey_0=/api/platform/actuator/**} to Path
2026-10-08 21:38:45.958 [catalogWatchTaskScheduler-1] [39mDEBUG[0;39m [36mo.s.c.g.r.RouteDefinitionRouteLocator[0;39m - RouteDefinition platform-actuator applying filter {_genkey_0=1} to StripPrefix
2026-10-08 21:38:45.958 [catalogWatchTaskScheduler-1] [39mDEBUG[0;39m [36mo.s.c.g.r.RouteDefinitionRouteLocator[0;39m - RouteDefinition matched: platform-actuator
2026-10-08 21:38:45.961 [catalogWatchTaskScheduler-1] [39mDEBUG[0;39m [36mo.s.c.g.r.RouteDefinitionRouteLocator[0;39m - RouteDefinition booking-actuator applying {_genkey_0=/api/booking/actuator/**} to Path
2026-10-08 21:38:45.978 [catalogWatchTaskScheduler-1] [39mDEBUG[0;39m [36mo.s.c.g.r.RouteDefinitionRouteLocator[0;39m - RouteDefinition booking-actuator applying filter {_genkey_0=1} to StripPrefix
2026-10-08 21:38:45.984 [catalogWatchTaskScheduler-1] [39mDEBUG[0;39m [36mo.s.c.g.r.RouteDefinitionRouteLocator[0;39m - RouteDefinition matched: booking-actuator
2026-10-08 21:38:45.984 [catalogWatchTaskScheduler-1] [39mDEBUG[0;39m [36mo.s.c.g.r.RouteDefinitionRouteLocator[0;39m - RouteDefinition payment-actuator applying {_genkey_0=/api/payment/actuator/**} to Path
2026-10-08 21:38:45.986 [catalogWatchTaskScheduler-1] [39mDEBUG[0;39m [36mo.s.c.g.r.RouteDefinitionRouteLocator[0;39m - RouteDefinition payment-actuator applying filter {_genkey_0=1} to StripPrefix
2026-10-08 21:38:45.988 [catalogWatchTaskScheduler-1] [39mDEBUG[0;39m [36mo.s.c.g.r.RouteDefinitionRouteLocator[0;39m - RouteDefinition matched: payment-actuator
2026-10-08 21:38:45.993 [catalogWatchTaskScheduler-1] [39mDEBUG[0;39m [36mo.s.c.g.filter.GatewayMetricsFilter[0;39m - New routes count: 17
2026-10-08 21:38:57.436 [reactor-http-nio-6] [39mDEBUG[0;39m [36mo.s.c.g.h.RoutePredicateHandlerMapping[0;39m - Route matched: platform-admin
2026-10-08 21:38:57.439 [reactor-http-nio-6] [39mDEBUG[0;39m [36mo.s.c.g.h.RoutePredicateHandlerMapping[0;39m - Mapping [Exchange: GET http://localhost:8086/api/platform/admin/locations] to Route{id='platform-admin', uri=lb://MOMENT-FOREVER-PLATFORM, order=0, predicate=Paths: [/api/platform/admin/**], match trailing slash: true, gatewayFilters=[[[StripPrefix parts = 1], order = 1]], metadata={requires-auth=true}}
2026-10-08 21:38:57.439 [reactor-http-nio-6] [39mDEBUG[0;39m [36mo.s.c.g.h.RoutePredicateHandlerMapping[0;39m - [eeced528-912] Mapped to org.springframework.cloud.gateway.handler.FilteringWebHandler@3f7c6365
2026-10-08 21:38:57.441 [reactor-http-nio-6] [39mDEBUG[0;39m [36mo.s.c.g.handler.FilteringWebHandler[0;39m - Sorted gatewayFilterFactories: [[GatewayFilterAdapter{delegate=org.springframework.cloud.gateway.filter.RemoveCachedBodyFilter@7227926b}, order = -2147483648], [GatewayFilterAdapter{delegate=org.springframework.cloud.gateway.filter.AdaptCachedBodyGlobalFilter@79617c3d}, order = -2147482648], [GatewayFilterAdapter{delegate=com.forvmom.MomentForeverAPIGateway.filter.JwtAuthenticationFilter@35a9e665}, order = -1], [GatewayFilterAdapter{delegate=org.springframework.cloud.gateway.filter.NettyWriteResponseFilter@1b632442}, order = -1], [GatewayFilterAdapter{delegate=org.springframework.cloud.gateway.filter.ForwardPathFilter@57a982f9}, order = 0], [GatewayFilterAdapter{delegate=org.springframework.cloud.gateway.filter.GatewayMetricsFilter@1b69fc07}, order = 0], [[StripPrefix parts = 1], order = 1], [GatewayFilterAdapter{delegate=org.springframework.cloud.gateway.filter.RouteToRequestUrlFilter@2f75a9b1}, order = 10000], [GatewayFilterAdapter{delegate=org.springframework.cloud.gateway.filter.ReactiveLoadBalancerClientFilter@362be0cd}, order = 10150], [GatewayFilterAdapter{delegate=org.springframework.cloud.gateway.filter.LoadBalancerServiceInstanceCookieFilter@2dde0a34}, order = 10151], [GatewayFilterAdapter{delegate=org.springframework.cloud.gateway.filter.WebsocketRoutingFilter@19d3f6ad}, order = 2147483646], [GatewayFilterAdapter{delegate=com.forvmom.MomentForeverAPIGateway.filter.GatewayRequestLoggingFilter@6a04d2a4}, order = 2147483647], [GatewayFilterAdapter{delegate=org.springframework.cloud.gateway.filter.NettyRoutingFilter@61836cd9}, order = 2147483647], [GatewayFilterAdapter{delegate=org.springframework.cloud.gateway.filter.ForwardRoutingFilter@556aed22}, order = 2147483647]]
2026-10-08 21:38:57.552 [reactor-http-nio-7] [39mDEBUG[0;39m [36mo.s.c.g.h.RoutePredicateHandlerMapping[0;39m - Route matched: platform-admin
2026-10-08 21:38:57.552 [reactor-http-nio-7] [39mDEBUG[0;39m [36mo.s.c.g.h.RoutePredicateHandlerMapping[0;39m - Mapping [Exchange: GET http://localhost:8086/api/platform/admin/subcategories] to Route{id='platform-admin', uri=lb://MOMENT-FOREVER-PLATFORM, order=0, predicate=Paths: [/api/platform/admin/**], match trailing slash: true, gatewayFilters=[[[StripPrefix parts = 1], order = 1]], metadata={requires-auth=true}}
2026-10-08 21:38:57.552 [reactor-http-nio-7] [39mDEBUG[0;39m [36mo.s.c.g.h.RoutePredicateHandlerMapping[0;39m - [7712b6af-913] Mapped to org.springframework.cloud.gateway.handler.FilteringWebHandler@3f7c6365
2026-10-08 21:38:57.552 [reactor-http-nio-7] [39mDEBUG[0;39m [36mo.s.c.g.handler.FilteringWebHandler[0;39m - Sorted gatewayFilterFactories: [[GatewayFilterAdapter{delegate=org.springframework.cloud.gateway.filter.RemoveCachedBodyFilter@7227926b}, order = -2147483648], [GatewayFilterAdapter{delegate=org.springframework.cloud.gateway.filter.AdaptCachedBodyGlobalFilter@79617c3d}, order = -2147482648], [GatewayFilterAdapter{delegate=com.forvmom.MomentForeverAPIGateway.filter.JwtAuthenticationFilter@35a9e665}, order = -1], [GatewayFilterAdapter{delegate=org.springframework.cloud.gateway.filter.NettyWriteResponseFilter@1b632442}, order = -1], [GatewayFilterAdapter{delegate=org.springframework.cloud.gateway.filter.ForwardPathFilter@57a982f9}, order = 0], [GatewayFilterAdapter{delegate=org.springframework.cloud.gateway.filter.GatewayMetricsFilter@1b69fc07}, order = 0], [[StripPrefix parts = 1], order = 1], [GatewayFilterAdapter{delegate=org.springframework.cloud.gateway.filter.RouteToRequestUrlFilter@2f75a9b1}, order = 10000], [GatewayFilterAdapter{delegate=org.springframework.cloud.gateway.filter.ReactiveLoadBalancerClientFilter@362be0cd}, order = 10150], [GatewayFilterAdapter{delegate=org.springframework.cloud.gateway.filter.LoadBalancerServiceInstanceCookieFilter@2dde0a34}, order = 10151], [GatewayFilterAdapter{delegate=org.springframework.cloud.gateway.filter.WebsocketRoutingFilter@19d3f6ad}, order = 2147483646], [GatewayFilterAdapter{delegate=com.forvmom.MomentForeverAPIGateway.filter.GatewayRequestLoggingFilter@6a04d2a4}, order = 2147483647], [GatewayFilterAdapter{delegate=org.springframework.cloud.gateway.filter.NettyRoutingFilter@61836cd9}, order = 2147483647], [GatewayFilterAdapter{delegate=org.springframework.cloud.gateway.filter.ForwardRoutingFilter@556aed22}, order = 2147483647]]
2026-10-08 21:38:59.064 [reactor-http-nio-8] [39mDEBUG[0;39m [36mo.s.c.g.h.RoutePredicateHandlerMapping[0;39m - Route matched: platform-admin
2026-10-08 21:38:59.064 [reactor-http-nio-8] [39mDEBUG[0;39m [36mo.s.c.g.h.RoutePredicateHandlerMapping[0;39m - Mapping [Exchange: GET http://localhost:8086/api/platform/admin/categories] to Route{id='platform-admin', uri=lb://MOMENT-FOREVER-PLATFORM, order=0, predicate=Paths: [/api/platform/admin/**], match trailing slash: true, gatewayFilters=[[[StripPrefix parts = 1], order = 1]], metadata={requires-auth=true}}
2026-10-08 21:38:59.064 [reactor-http-nio-8] [39mDEBUG[0;39m [36mo.s.c.g.h.RoutePredicateHandlerMapping[0;39m - [8242abe5-914] Mapped to org.springframework.cloud.gateway.handler.FilteringWebHandler@3f7c6365
2026-10-08 21:38:59.067 [reactor-http-nio-8] [39mDEBUG[0;39m [36mo.s.c.g.handler.FilteringWebHandler[0;39m - Sorted gatewayFilterFactories: [[GatewayFilterAdapter{delegate=org.springframework.cloud.gateway.filter.RemoveCachedBodyFilter@7227926b}, order = -2147483648], [GatewayFilterAdapter{delegate=org.springframework.cloud.gateway.filter.AdaptCachedBodyGlobalFilter@79617c3d}, order = -2147482648], [GatewayFilterAdapter{delegate=com.forvmom.MomentForeverAPIGateway.filter.JwtAuthenticationFilter@35a9e665}, order = -1], [GatewayFilterAdapter{delegate=org.springframework.cloud.gateway.filter.NettyWriteResponseFilter@1b632442}, order = -1], [GatewayFilterAdapter{delegate=org.springframework.cloud.gateway.filter.ForwardPathFilter@57a982f9}, order = 0], [GatewayFilterAdapter{delegate=org.springframework.cloud.gateway.filter.GatewayMetricsFilter@1b69fc07}, order = 0], [[StripPrefix parts = 1], order = 1], [GatewayFilterAdapter{delegate=org.springframework.cloud.gateway.filter.RouteToRequestUrlFilter@2f75a9b1}, order = 10000], [GatewayFilterAdapter{delegate=org.springframework.cloud.gateway.filter.ReactiveLoadBalancerClientFilter@362be0cd}, order = 10150], [GatewayFilterAdapter{delegate=org.springframework.cloud.gateway.filter.LoadBalancerServiceInstanceCookieFilter@2dde0a34}, order = 10151], [GatewayFilterAdapter{delegate=org.springframework.cloud.gateway.filter.WebsocketRoutingFilter@19d3f6ad}, order = 2147483646], [GatewayFilterAdapter{delegate=com.forvmom.MomentForeverAPIGateway.filter.GatewayRequestLoggingFilter@6a04d2a4}, order = 2147483647], [GatewayFilterAdapter{delegate=org.springframework.cloud.gateway.filter.NettyRoutingFilter@61836cd9}, order = 2147483647], [GatewayFilterAdapter{delegate=org.springframework.cloud.gateway.filter.ForwardRoutingFilter@556aed22}, order = 2147483647]]
2026-10-08 21:38:59.166 [reactor-http-nio-9] [39mDEBUG[0;39m [36mo.s.c.g.h.RoutePredicateHandlerMapping[0;39m - Route matched: platform-user
2026-10-08 21:38:59.167 [reactor-http-nio-9] [39mDEBUG[0;39m [36mo.s.c.g.h.RoutePredicateHandlerMapping[0;39m - Mapping [Exchange: GET http://localhost:8086/api/platform/user/profile] to Route{id='platform-user', uri=lb://MOMENT-FOREVER-PLATFORM, order=0, predicate=Paths: [/api/platform/user/**], match trailing slash: true, gatewayFilters=[[[StripPrefix parts = 1], order = 1]], metadata={requires-auth=true}}
2026-10-08 21:38:59.168 [reactor-http-nio-9] [39mDEBUG[0;39m [36mo.s.c.g.h.RoutePredicateHandlerMapping[0;39m - [bea9bd69-915] Mapped to org.springframework.cloud.gateway.handler.FilteringWebHandler@3f7c6365
2026-10-08 21:38:59.168 [reactor-http-nio-9] [39mDEBUG[0;39m [36mo.s.c.g.handler.FilteringWebHandler[0;39m - Sorted gatewayFilterFactories: [[GatewayFilterAdapter{delegate=org.springframework.cloud.gateway.filter.RemoveCachedBodyFilter@7227926b}, order = -2147483648], [GatewayFilterAdapter{delegate=org.springframework.cloud.gateway.filter.AdaptCachedBodyGlobalFilter@79617c3d}, order = -2147482648], [GatewayFilterAdapter{delegate=com.forvmom.MomentForeverAPIGateway.filter.JwtAuthenticationFilter@35a9e665}, order = -1], [GatewayFilterAdapter{delegate=org.springframework.cloud.gateway.filter.NettyWriteResponseFilter@1b632442}, order = -1], [GatewayFilterAdapter{delegate=org.springframework.cloud.gateway.filter.ForwardPathFilter@57a982f9}, order = 0], [GatewayFilterAdapter{delegate=org.springframework.cloud.gateway.filter.GatewayMetricsFilter@1b69fc07}, order = 0], [[StripPrefix parts = 1], order = 1], [GatewayFilterAdapter{delegate=org.springframework.cloud.gateway.filter.RouteToRequestUrlFilter@2f75a9b1}, order = 10000], [GatewayFilterAdapter{delegate=org.springframework.cloud.gateway.filter.ReactiveLoadBalancerClientFilter@362be0cd}, order = 10150], [GatewayFilterAdapter{delegate=org.springframework.cloud.gateway.filter.LoadBalancerServiceInstanceCookieFilter@2dde0a34}, order = 10151], [GatewayFilterAdapter{delegate=org.springframework.cloud.gateway.filter.WebsocketRoutingFilter@19d3f6ad}, order = 2147483646], [GatewayFilterAdapter{delegate=com.forvmom.MomentForeverAPIGateway.filter.GatewayRequestLoggingFilter@6a04d2a4}, order = 2147483647], [GatewayFilterAdapter{delegate=org.springframework.cloud.gateway.filter.NettyRoutingFilter@61836cd9}, order = 2147483647], [GatewayFilterAdapter{delegate=org.springframework.cloud.gateway.filter.ForwardRoutingFilter@556aed22}, order = 2147483647]]
2026-10-08 21:39:59.307 [catalogWatchTaskScheduler-1] [39mDEBUG[0;39m [36mo.s.c.g.r.RouteDefinitionRouteLocator[0;39m - RouteDefinition platform-public applying {_genkey_0=/api/platform/public/**} to Path
2026-10-08 21:39:59.310 [catalogWatchTaskScheduler-1] [39mDEBUG[0;39m [36mo.s.c.g.r.RouteDefinitionRouteLocator[0;39m - RouteDefinition platform-public applying filter {_genkey_0=1} to StripPrefix
2026-10-08 21:39:59.312 [catalogWatchTaskScheduler-1] [39mDEBUG[0;39m [36mo.s.c.g.r.RouteDefinitionRouteLocator[0;39m - RouteDefinition matched: platform-public
2026-10-08 21:39:59.312 [catalogWatchTaskScheduler-1] [39mDEBUG[0;39m [36mo.s.c.g.r.RouteDefinitionRouteLocator[0;39m - RouteDefinition platform-auth applying {_genkey_0=/api/platform/auth/**} to Path
2026-10-08 21:39:59.318 [catalogWatchTaskScheduler-1] [39mDEBUG[0;39m [36mo.s.c.g.r.RouteDefinitionRouteLocator[0;39m - RouteDefinition platform-auth applying filter {_genkey_0=1} to StripPrefix
2026-10-08 21:39:59.322 [catalogWatchTaskScheduler-1] [39mDEBUG[0;39m [36mo.s.c.g.r.RouteDefinitionRouteLocator[0;39m - RouteDefinition matched: platform-auth
2026-10-08 21:39:59.322 [catalogWatchTaskScheduler-1] [39mDEBUG[0;39m [36mo.s.c.g.r.RouteDefinitionRouteLocator[0;39m - RouteDefinition platform-uploads applying {_genkey_0=/api/uploads/**} to Path
2026-10-08 21:39:59.322 [catalogWatchTaskScheduler-1] [39mDEBUG[0;39m [36mo.s.c.g.r.RouteDefinitionRouteLocator[0;39m - RouteDefinition platform-uploads applying filter {_genkey_0=1} to StripPrefix
2026-10-08 21:39:59.329 [catalogWatchTaskScheduler-1] [39mDEBUG[0;39m [36mo.s.c.g.r.RouteDefinitionRouteLocator[0;39m - RouteDefinition matched: platform-uploads
2026-10-08 21:39:59.329 [catalogWatchTaskScheduler-1] [39mDEBUG[0;39m [36mo.s.c.g.r.RouteDefinitionRouteLocator[0;39m - RouteDefinition platform-api-docs applying {_genkey_0=/api/platform/v3/api-docs/**} to Path
2026-10-08 21:39:59.330 [catalogWatchTaskScheduler-1] [39mDEBUG[0;39m [36mo.s.c.g.r.RouteDefinitionRouteLocator[0;39m - RouteDefinition platform-api-docs applying filter {_genkey_0=1} to StripPrefix
2026-10-08 21:39:59.337 [catalogWatchTaskScheduler-1] [39mDEBUG[0;39m [36mo.s.c.g.r.RouteDefinitionRouteLocator[0;39m - RouteDefinition matched: platform-api-docs
2026-10-08 21:39:59.337 [catalogWatchTaskScheduler-1] [39mDEBUG[0;39m [36mo.s.c.g.r.RouteDefinitionRouteLocator[0;39m - RouteDefinition booking-api-docs applying {_genkey_0=/api/booking/v3/api-docs/**} to Path
2026-10-08 21:39:59.337 [catalogWatchTaskScheduler-1] [39mDEBUG[0;39m [36mo.s.c.g.r.RouteDefinitionRouteLocator[0;39m - RouteDefinition booking-api-docs applying filter {_genkey_0=1} to StripPrefix
2026-10-08 21:39:59.345 [catalogWatchTaskScheduler-1] [39mDEBUG[0;39m [36mo.s.c.g.r.RouteDefinitionRouteLocator[0;39m - RouteDefinition matched: booking-api-docs
2026-10-08 21:39:59.347 [catalogWatchTaskScheduler-1] [39mDEBUG[0;39m [36mo.s.c.g.r.RouteDefinitionRouteLocator[0;39m - RouteDefinition payment-api-docs applying {_genkey_0=/api/payment/v3/api-docs/**} to Path
2026-10-08 21:39:59.347 [catalogWatchTaskScheduler-1] [39mDEBUG[0;39m [36mo.s.c.g.r.RouteDefinitionRouteLocator[0;39m - RouteDefinition payment-api-docs applying filter {_genkey_0=1} to StripPrefix
2026-10-08 21:39:59.355 [catalogWatchTaskScheduler-1] [39mDEBUG[0;39m [36mo.s.c.g.r.RouteDefinitionRouteLocator[0;39m - RouteDefinition matched: payment-api-docs
2026-10-08 21:39:59.355 [catalogWatchTaskScheduler-1] [39mDEBUG[0;39m [36mo.s.c.g.r.RouteDefinitionRouteLocator[0;39m - RouteDefinition platform-actuator-health applying {_genkey_0=/api/platform/actuator/health} to Path
2026-10-08 21:39:59.360 [catalogWatchTaskScheduler-1] [39mDEBUG[0;39m [36mo.s.c.g.r.RouteDefinitionRouteLocator[0;39m - RouteDefinition platform-actuator-health applying filter {_genkey_0=1} to StripPrefix
2026-10-08 21:39:59.363 [catalogWatchTaskScheduler-1] [39mDEBUG[0;39m [36mo.s.c.g.r.RouteDefinitionRouteLocator[0;39m - RouteDefinition matched: platform-actuator-health
2026-10-08 21:39:59.364 [catalogWatchTaskScheduler-1] [39mDEBUG[0;39m [36mo.s.c.g.r.RouteDefinitionRouteLocator[0;39m - RouteDefinition booking-actuator-health applying {_genkey_0=/api/booking/actuator/health} to Path
2026-10-08 21:39:59.368 [catalogWatchTaskScheduler-1] [39mDEBUG[0;39m [36mo.s.c.g.r.RouteDefinitionRouteLocator[0;39m - RouteDefinition booking-actuator-health applying filter {_genkey_0=1} to StripPrefix
2026-10-08 21:39:59.376 [catalogWatchTaskScheduler-1] [39mDEBUG[0;39m [36mo.s.c.g.r.RouteDefinitionRouteLocator[0;39m - RouteDefinition matched: booking-actuator-health
2026-10-08 21:39:59.376 [catalogWatchTaskScheduler-1] [39mDEBUG[0;39m [36mo.s.c.g.r.RouteDefinitionRouteLocator[0;39m - RouteDefinition payment-actuator-health applying {_genkey_0=/api/payment/actuator/health} to Path
2026-10-08 21:39:59.376 [catalogWatchTaskScheduler-1] [39mDEBUG[0;39m [36mo.s.c.g.r.RouteDefinitionRouteLocator[0;39m - RouteDefinition payment-actuator-health applying filter {_genkey_0=1} to StripPrefix
2026-10-08 21:39:59.376 [catalogWatchTaskScheduler-1] [39mDEBUG[0;39m [36mo.s.c.g.r.RouteDefinitionRouteLocator[0;39m - RouteDefinition matched: payment-actuator-health
2026-10-08 21:39:59.384 [catalogWatchTaskScheduler-1] [39mDEBUG[0;39m [36mo.s.c.g.r.RouteDefinitionRouteLocator[0;39m - RouteDefinition platform-admin applying {_genkey_0=/api/platform/admin/**} to Path
2026-10-08 21:39:59.384 [catalogWatchTaskScheduler-1] [39mDEBUG[0;39m [36mo.s.c.g.r.RouteDefinitionRouteLocator[0;39m - RouteDefinition platform-admin applying filter {_genkey_0=1} to StripPrefix
2026-10-08 21:39:59.392 [catalogWatchTaskScheduler-1] [39mDEBUG[0;39m [36mo.s.c.g.r.RouteDefinitionRouteLocator[0;39m - RouteDefinition matched: platform-admin
2026-10-08 21:39:59.392 [catalogWatchTaskScheduler-1] [39mDEBUG[0;39m [36mo.s.c.g.r.RouteDefinitionRouteLocator[0;39m - RouteDefinition platform-user applying {_genkey_0=/api/platform/user/**} to Path
2026-10-08 21:39:59.396 [catalogWatchTaskScheduler-1] [39mDEBUG[0;39m [36mo.s.c.g.r.RouteDefinitionRouteLocator[0;39m - RouteDefinition platform-user applying filter {_genkey_0=1} to StripPrefix
2026-10-08 21:39:59.396 [catalogWatchTaskScheduler-1] [39mDEBUG[0;39m [36mo.s.c.g.r.RouteDefinitionRouteLocator[0;39m - RouteDefinition matched: platform-user
2026-10-08 21:39:59.396 [catalogWatchTaskScheduler-1] [39mDEBUG[0;39m [36mo.s.c.g.r.RouteDefinitionRouteLocator[0;39m - RouteDefinition platform-other applying {_genkey_0=/api/platform/**} to Path
2026-10-08 21:39:59.403 [catalogWatchTaskScheduler-1] [39mDEBUG[0;39m [36mo.s.c.g.r.RouteDefinitionRouteLocator[0;39m - RouteDefinition platform-other applying filter {_genkey_0=1} to StripPrefix
2026-10-08 21:39:59.403 [catalogWatchTaskScheduler-1] [39mDEBUG[0;39m [36mo.s.c.g.r.RouteDefinitionRouteLocator[0;39m - RouteDefinition matched: platform-other
2026-10-08 21:39:59.403 [catalogWatchTaskScheduler-1] [39mDEBUG[0;39m [36mo.s.c.g.r.RouteDefinitionRouteLocator[0;39m - RouteDefinition booking-service applying {_genkey_0=/api/booking/**} to Path
2026-10-08 21:39:59.403 [catalogWatchTaskScheduler-1] [39mDEBUG[0;39m [36mo.s.c.g.r.RouteDefinitionRouteLocator[0;39m - RouteDefinition booking-service applying filter {_genkey_0=1} to StripPrefix
2026-10-08 21:39:59.414 [catalogWatchTaskScheduler-1] [39mDEBUG[0;39m [36mo.s.c.g.r.RouteDefinitionRouteLocator[0;39m - RouteDefinition matched: booking-service
2026-10-08 21:39:59.416 [catalogWatchTaskScheduler-1] [39mDEBUG[0;39m [36mo.s.c.g.r.RouteDefinitionRouteLocator[0;39m - RouteDefinition payment-service applying {_genkey_0=/api/payment/**} to Path
2026-10-08 21:39:59.420 [catalogWatchTaskScheduler-1] [39mDEBUG[0;39m [36mo.s.c.g.r.RouteDefinitionRouteLocator[0;39m - RouteDefinition payment-service applying filter {_genkey_0=1} to StripPrefix
2026-10-08 21:39:59.424 [catalogWatchTaskScheduler-1] [39mDEBUG[0;39m [36mo.s.c.g.r.RouteDefinitionRouteLocator[0;39m - RouteDefinition matched: payment-service
2026-10-08 21:39:59.424 [catalogWatchTaskScheduler-1] [39mDEBUG[0;39m [36mo.s.c.g.r.RouteDefinitionRouteLocator[0;39m - RouteDefinition platform-actuator applying {_genkey_0=/api/platform/actuator/**} to Path
2026-10-08 21:39:59.430 [catalogWatchTaskScheduler-1] [39mDEBUG[0;39m [36mo.s.c.g.r.RouteDefinitionRouteLocator[0;39m - RouteDefinition platform-actuator applying filter {_genkey_0=1} to StripPrefix
2026-10-08 21:39:59.434 [catalogWatchTaskScheduler-1] [39mDEBUG[0;39m [36mo.s.c.g.r.RouteDefinitionRouteLocator[0;39m - RouteDefinition matched: platform-actuator
2026-10-08 21:39:59.434 [catalogWatchTaskScheduler-1] [39mDEBUG[0;39m [36mo.s.c.g.r.RouteDefinitionRouteLocator[0;39m - RouteDefinition booking-actuator applying {_genkey_0=/api/booking/actuator/**} to Path
2026-10-08 21:39:59.434 [catalogWatchTaskScheduler-1] [39mDEBUG[0;39m [36mo.s.c.g.r.RouteDefinitionRouteLocator[0;39m - RouteDefinition booking-actuator applying filter {_genkey_0=1} to StripPrefix
2026-10-08 21:39:59.442 [catalogWatchTaskScheduler-1] [39mDEBUG[0;39m [36mo.s.c.g.r.RouteDefinitionRouteLocator[0;39m - RouteDefinition matched: booking-actuator
2026-10-08 21:39:59.448 [catalogWatchTaskScheduler-1] [39mDEBUG[0;39m [36mo.s.c.g.r.RouteDefinitionRouteLocator[0;39m - RouteDefinition payment-actuator applying {_genkey_0=/api/payment/actuator/**} to Path
2026-10-08 21:39:59.448 [catalogWatchTaskScheduler-1] [39mDEBUG[0;39m [36mo.s.c.g.r.RouteDefinitionRouteLocator[0;39m - RouteDefinition payment-actuator applying filter {_genkey_0=1} to StripPrefix
2026-10-08 21:39:59.453 [catalogWatchTaskScheduler-1] [39mDEBUG[0;39m [36mo.s.c.g.r.RouteDefinitionRouteLocator[0;39m - RouteDefinition matched: payment-actuator
2026-10-08 21:39:59.458 [catalogWatchTaskScheduler-1] [39mDEBUG[0;39m [36mo.s.c.g.filter.GatewayMetricsFilter[0;39m - New routes count: 17
2026-10-08 21:40:14.918 [reactor-http-nio-5] [39mDEBUG[0;39m [36mo.s.c.g.h.RoutePredicateHandlerMapping[0;39m - Route matched: platform-admin
2026-10-08 21:40:14.918 [reactor-http-nio-5] [39mDEBUG[0;39m [36mo.s.c.g.h.RoutePredicateHandlerMapping[0;39m - Mapping [Exchange: GET http://localhost:8086/api/platform/admin/experiences] to Route{id='platform-admin', uri=lb://MOMENT-FOREVER-PLATFORM, order=0, predicate=Paths: [/api/platform/admin/**], match trailing slash: true, gatewayFilters=[[[StripPrefix parts = 1], order = 1]], metadata={requires-auth=true}}
2026-10-08 21:40:14.918 [reactor-http-nio-5] [39mDEBUG[0;39m [36mo.s.c.g.h.RoutePredicateHandlerMapping[0;39m - [ec168f1c-923] Mapped to org.springframework.cloud.gateway.handler.FilteringWebHandler@3f7c6365
2026-10-08 21:40:14.918 [reactor-http-nio-5] [39mDEBUG[0;39m [36mo.s.c.g.handler.FilteringWebHandler[0;39m - Sorted gatewayFilterFactories: [[GatewayFilterAdapter{delegate=org.springframework.cloud.gateway.filter.RemoveCachedBodyFilter@7227926b}, order = -2147483648], [GatewayFilterAdapter{delegate=org.springframework.cloud.gateway.filter.AdaptCachedBodyGlobalFilter@79617c3d}, order = -2147482648], [GatewayFilterAdapter{delegate=com.forvmom.MomentForeverAPIGateway.filter.JwtAuthenticationFilter@35a9e665}, order = -1], [GatewayFilterAdapter{delegate=org.springframework.cloud.gateway.filter.NettyWriteResponseFilter@1b632442}, order = -1], [GatewayFilterAdapter{delegate=org.springframework.cloud.gateway.filter.ForwardPathFilter@57a982f9}, order = 0], [GatewayFilterAdapter{delegate=org.springframework.cloud.gateway.filter.GatewayMetricsFilter@1b69fc07}, order = 0], [[StripPrefix parts = 1], order = 1], [GatewayFilterAdapter{delegate=org.springframework.cloud.gateway.filter.RouteToRequestUrlFilter@2f75a9b1}, order = 10000], [GatewayFilterAdapter{delegate=org.springframework.cloud.gateway.filter.ReactiveLoadBalancerClientFilter@362be0cd}, order = 10150], [GatewayFilterAdapter{delegate=org.springframework.cloud.gateway.filter.LoadBalancerServiceInstanceCookieFilter@2dde0a34}, order = 10151], [GatewayFilterAdapter{delegate=org.springframework.cloud.gateway.filter.WebsocketRoutingFilter@19d3f6ad}, order = 2147483646], [GatewayFilterAdapter{delegate=com.forvmom.MomentForeverAPIGateway.filter.GatewayRequestLoggingFilter@6a04d2a4}, order = 2147483647], [GatewayFilterAdapter{delegate=org.springframework.cloud.gateway.filter.NettyRoutingFilter@61836cd9}, order = 2147483647], [GatewayFilterAdapter{delegate=org.springframework.cloud.gateway.filter.ForwardRoutingFilter@556aed22}, order = 2147483647]]
2026-10-08 21:40:14.926 [reactor-http-nio-6] [39mDEBUG[0;39m [36mo.s.c.g.h.RoutePredicateHandlerMapping[0;39m - Route matched: platform-admin
2026-10-08 21:40:14.926 [reactor-http-nio-7] [39mDEBUG[0;39m [36mo.s.c.g.h.RoutePredicateHandlerMapping[0;39m - Route matched: platform-admin
2026-10-08 21:40:14.927 [reactor-http-nio-7] [39mDEBUG[0;39m [36mo.s.c.g.h.RoutePredicateHandlerMapping[0;39m - Mapping [Exchange: GET http://localhost:8086/api/platform/admin/inclusions] to Route{id='platform-admin', uri=lb://MOMENT-FOREVER-PLATFORM, order=0, predicate=Paths: [/api/platform/admin/**], match trailing slash: true, gatewayFilters=[[[StripPrefix parts = 1], order = 1]], metadata={requires-auth=true}}
2026-10-08 21:40:14.927 [reactor-http-nio-7] [39mDEBUG[0;39m [36mo.s.c.g.h.RoutePredicateHandlerMapping[0;39m - [d96f856f-925] Mapped to org.springframework.cloud.gateway.handler.FilteringWebHandler@3f7c6365
2026-10-08 21:40:14.927 [reactor-http-nio-6] [39mDEBUG[0;39m [36mo.s.c.g.h.RoutePredicateHandlerMapping[0;39m - Mapping [Exchange: GET http://localhost:8086/api/platform/admin/subcategories] to Route{id='platform-admin', uri=lb://MOMENT-FOREVER-PLATFORM, order=0, predicate=Paths: [/api/platform/admin/**], match trailing slash: true, gatewayFilters=[[[StripPrefix parts = 1], order = 1]], metadata={requires-auth=true}}
2026-10-08 21:40:14.927 [reactor-http-nio-7] [39mDEBUG[0;39m [36mo.s.c.g.handler.FilteringWebHandler[0;39m - Sorted gatewayFilterFactories: [[GatewayFilterAdapter{delegate=org.springframework.cloud.gateway.filter.RemoveCachedBodyFilter@7227926b}, order = -2147483648], [GatewayFilterAdapter{delegate=org.springframework.cloud.gateway.filter.AdaptCachedBodyGlobalFilter@79617c3d}, order = -2147482648], [GatewayFilterAdapter{delegate=com.forvmom.MomentForeverAPIGateway.filter.JwtAuthenticationFilter@35a9e665}, order = -1], [GatewayFilterAdapter{delegate=org.springframework.cloud.gateway.filter.NettyWriteResponseFilter@1b632442}, order = -1], [GatewayFilterAdapter{delegate=org.springframework.cloud.gateway.filter.ForwardPathFilter@57a982f9}, order = 0], [GatewayFilterAdapter{delegate=org.springframework.cloud.gateway.filter.GatewayMetricsFilter@1b69fc07}, order = 0], [[StripPrefix parts = 1], order = 1], [GatewayFilterAdapter{delegate=org.springframework.cloud.gateway.filter.RouteToRequestUrlFilter@2f75a9b1}, order = 10000], [GatewayFilterAdapter{delegate=org.springframework.cloud.gateway.filter.ReactiveLoadBalancerClientFilter@362be0cd}, order = 10150], [GatewayFilterAdapter{delegate=org.springframework.cloud.gateway.filter.LoadBalancerServiceInstanceCookieFilter@2dde0a34}, order = 10151], [GatewayFilterAdapter{delegate=org.springframework.cloud.gateway.filter.WebsocketRoutingFilter@19d3f6ad}, order = 2147483646], [GatewayFilterAdapter{delegate=com.forvmom.MomentForeverAPIGateway.filter.GatewayRequestLoggingFilter@6a04d2a4}, order = 2147483647], [GatewayFilterAdapter{delegate=org.springframework.cloud.gateway.filter.NettyRoutingFilter@61836cd9}, order = 2147483647], [GatewayFilterAdapter{delegate=org.springframework.cloud.gateway.filter.ForwardRoutingFilter@556aed22}, order = 2147483647]]
2026-10-08 21:40:14.927 [reactor-http-nio-6] [39mDEBUG[0;39m [36mo.s.c.g.h.RoutePredicateHandlerMapping[0;39m - [611a2014-924] Mapped to org.springframework.cloud.gateway.handler.FilteringWebHandler@3f7c6365
2026-10-08 21:40:14.927 [reactor-http-nio-6] [39mDEBUG[0;39m [36mo.s.c.g.handler.FilteringWebHandler[0;39m - Sorted gatewayFilterFactories: [[GatewayFilterAdapter{delegate=org.springframework.cloud.gateway.filter.RemoveCachedBodyFilter@7227926b}, order = -2147483648], [GatewayFilterAdapter{delegate=org.springframework.cloud.gateway.filter.AdaptCachedBodyGlobalFilter@79617c3d}, order = -2147482648], [GatewayFilterAdapter{delegate=com.forvmom.MomentForeverAPIGateway.filter.JwtAuthenticationFilter@35a9e665}, order = -1], [GatewayFilterAdapter{delegate=org.springframework.cloud.gateway.filter.NettyWriteResponseFilter@1b632442}, order = -1], [GatewayFilterAdapter{delegate=org.springframework.cloud.gateway.filter.ForwardPathFilter@57a982f9}, order = 0], [GatewayFilterAdapter{delegate=org.springframework.cloud.gateway.filter.GatewayMetricsFilter@1b69fc07}, order = 0], [[StripPrefix parts = 1], order = 1], [GatewayFilterAdapter{delegate=org.springframework.cloud.gateway.filter.RouteToRequestUrlFilter@2f75a9b1}, order = 10000], [GatewayFilterAdapter{delegate=org.springframework.cloud.gateway.filter.ReactiveLoadBalancerClientFilter@362be0cd}, order = 10150], [GatewayFilterAdapter{delegate=org.springframework.cloud.gateway.filter.LoadBalancerServiceInstanceCookieFilter@2dde0a34}, order = 10151], [GatewayFilterAdapter{delegate=org.springframework.cloud.gateway.filter.WebsocketRoutingFilter@19d3f6ad}, order = 2147483646], [GatewayFilterAdapter{delegate=com.forvmom.MomentForeverAPIGateway.filter.GatewayRequestLoggingFilter@6a04d2a4}, order = 2147483647], [GatewayFilterAdapter{delegate=org.springframework.cloud.gateway.filter.NettyRoutingFilter@61836cd9}, order = 2147483647], [GatewayFilterAdapter{delegate=org.springframework.cloud.gateway.filter.ForwardRoutingFilter@556aed22}, order = 2147483647]]
2026-10-08 21:40:14.933 [reactor-http-nio-8] [39mDEBUG[0;39m [36mo.s.c.g.h.RoutePredicateHandlerMapping[0;39m - Route matched: platform-admin
2026-10-08 21:40:14.933 [reactor-http-nio-9] [39mDEBUG[0;39m [36mo.s.c.g.h.RoutePredicateHandlerMapping[0;39m - Route matched: platform-admin
2026-10-08 21:40:14.933 [reactor-http-nio-10] [39mDEBUG[0;39m [36mo.s.c.g.h.RoutePredicateHandlerMapping[0;39m - Route matched: platform-admin
2026-10-08 21:40:14.933 [reactor-http-nio-8] [39mDEBUG[0;39m [36mo.s.c.g.h.RoutePredicateHandlerMapping[0;39m - Mapping [Exchange: GET http://localhost:8086/api/platform/admin/cancellation-policies] to Route{id='platform-admin', uri=lb://MOMENT-FOREVER-PLATFORM, order=0, predicate=Paths: [/api/platform/admin/**], match trailing slash: true, gatewayFilters=[[[StripPrefix parts = 1], order = 1]], metadata={requires-auth=true}}
2026-10-08 21:40:14.933 [reactor-http-nio-9] [39mDEBUG[0;39m [36mo.s.c.g.h.RoutePredicateHandlerMapping[0;39m - Mapping [Exchange: GET http://localhost:8086/api/platform/admin/addons] to Route{id='platform-admin', uri=lb://MOMENT-FOREVER-PLATFORM, order=0, predicate=Paths: [/api/platform/admin/**], match trailing slash: true, gatewayFilters=[[[StripPrefix parts = 1], order = 1]], metadata={requires-auth=true}}
2026-10-08 21:40:14.934 [reactor-http-nio-10] [39mDEBUG[0;39m [36mo.s.c.g.h.RoutePredicateHandlerMapping[0;39m - Mapping [Exchange: GET http://localhost:8086/api/platform/admin/timeslots] to Route{id='platform-admin', uri=lb://MOMENT-FOREVER-PLATFORM, order=0, predicate=Paths: [/api/platform/admin/**], match trailing slash: true, gatewayFilters=[[[StripPrefix parts = 1], order = 1]], metadata={requires-auth=true}}
2026-10-08 21:40:14.934 [reactor-http-nio-8] [39mDEBUG[0;39m [36mo.s.c.g.h.RoutePredicateHandlerMapping[0;39m - [fd18cb65-926] Mapped to org.springframework.cloud.gateway.handler.FilteringWebHandler@3f7c6365
2026-10-08 21:40:14.934 [reactor-http-nio-9] [39mDEBUG[0;39m [36mo.s.c.g.h.RoutePredicateHandlerMapping[0;39m - [f8f56696-927] Mapped to org.springframework.cloud.gateway.handler.FilteringWebHandler@3f7c6365
2026-10-08 21:40:14.934 [reactor-http-nio-10] [39mDEBUG[0;39m [36mo.s.c.g.h.RoutePredicateHandlerMapping[0;39m - [11d1b435-928] Mapped to org.springframework.cloud.gateway.handler.FilteringWebHandler@3f7c6365
2026-10-08 21:40:14.934 [reactor-http-nio-9] [39mDEBUG[0;39m [36mo.s.c.g.handler.FilteringWebHandler[0;39m - Sorted gatewayFilterFactories: [[GatewayFilterAdapter{delegate=org.springframework.cloud.gateway.filter.RemoveCachedBodyFilter@7227926b}, order = -2147483648], [GatewayFilterAdapter{delegate=org.springframework.cloud.gateway.filter.AdaptCachedBodyGlobalFilter@79617c3d}, order = -2147482648], [GatewayFilterAdapter{delegate=com.forvmom.MomentForeverAPIGateway.filter.JwtAuthenticationFilter@35a9e665}, order = -1], [GatewayFilterAdapter{delegate=org.springframework.cloud.gateway.filter.NettyWriteResponseFilter@1b632442}, order = -1], [GatewayFilterAdapter{delegate=org.springframework.cloud.gateway.filter.ForwardPathFilter@57a982f9}, order = 0], [GatewayFilterAdapter{delegate=org.springframework.cloud.gateway.filter.GatewayMetricsFilter@1b69fc07}, order = 0], [[StripPrefix parts = 1], order = 1], [GatewayFilterAdapter{delegate=org.springframework.cloud.gateway.filter.RouteToRequestUrlFilter@2f75a9b1}, order = 10000], [GatewayFilterAdapter{delegate=org.springframework.cloud.gateway.filter.ReactiveLoadBalancerClientFilter@362be0cd}, order = 10150], [GatewayFilterAdapter{delegate=org.springframework.cloud.gateway.filter.LoadBalancerServiceInstanceCookieFilter@2dde0a34}, order = 10151], [GatewayFilterAdapter{delegate=org.springframework.cloud.gateway.filter.WebsocketRoutingFilter@19d3f6ad}, order = 2147483646], [GatewayFilterAdapter{delegate=com.forvmom.MomentForeverAPIGateway.filter.GatewayRequestLoggingFilter@6a04d2a4}, order = 2147483647], [GatewayFilterAdapter{delegate=org.springframework.cloud.gateway.filter.NettyRoutingFilter@61836cd9}, order = 2147483647], [GatewayFilterAdapter{delegate=org.springframework.cloud.gateway.filter.ForwardRoutingFilter@556aed22}, order = 2147483647]]
2026-10-08 21:40:14.934 [reactor-http-nio-10] [39mDEBUG[0;39m [36mo.s.c.g.handler.FilteringWebHandler[0;39m - Sorted gatewayFilterFactories: [[GatewayFilterAdapter{delegate=org.springframework.cloud.gateway.filter.RemoveCachedBodyFilter@7227926b}, order = -2147483648], [GatewayFilterAdapter{delegate=org.springframework.cloud.gateway.filter.AdaptCachedBodyGlobalFilter@79617c3d}, order = -2147482648], [GatewayFilterAdapter{delegate=com.forvmom.MomentForeverAPIGateway.filter.JwtAuthenticationFilter@35a9e665}, order = -1], [GatewayFilterAdapter{delegate=org.springframework.cloud.gateway.filter.NettyWriteResponseFilter@1b632442}, order = -1], [GatewayFilterAdapter{delegate=org.springframework.cloud.gateway.filter.ForwardPathFilter@57a982f9}, order = 0], [GatewayFilterAdapter{delegate=org.springframework.cloud.gateway.filter.GatewayMetricsFilter@1b69fc07}, order = 0], [[StripPrefix parts = 1], order = 1], [GatewayFilterAdapter{delegate=org.springframework.cloud.gateway.filter.RouteToRequestUrlFilter@2f75a9b1}, order = 10000], [GatewayFilterAdapter{delegate=org.springframework.cloud.gateway.filter.ReactiveLoadBalancerClientFilter@362be0cd}, order = 10150], [GatewayFilterAdapter{delegate=org.springframework.cloud.gateway.filter.LoadBalancerServiceInstanceCookieFilter@2dde0a34}, order = 10151], [GatewayFilterAdapter{delegate=org.springframework.cloud.gateway.filter.WebsocketRoutingFilter@19d3f6ad}, order = 2147483646], [GatewayFilterAdapter{delegate=com.forvmom.MomentForeverAPIGateway.filter.GatewayRequestLoggingFilter@6a04d2a4}, order = 2147483647], [GatewayFilterAdapter{delegate=org.springframework.cloud.gateway.filter.NettyRoutingFilter@61836cd9}, order = 2147483647], [GatewayFilterAdapter{delegate=org.springframework.cloud.gateway.filter.ForwardRoutingFilter@556aed22}, order = 2147483647]]
2026-10-08 21:40:14.934 [reactor-http-nio-8] [39mDEBUG[0;39m [36mo.s.c.g.handler.FilteringWebHandler[0;39m - Sorted gatewayFilterFactories: [[GatewayFilterAdapter{delegate=org.springframework.cloud.gateway.filter.RemoveCachedBodyFilter@7227926b}, order = -2147483648], [GatewayFilterAdapter{delegate=org.springframework.cloud.gateway.filter.AdaptCachedBodyGlobalFilter@79617c3d}, order = -2147482648], [GatewayFilterAdapter{delegate=com.forvmom.MomentForeverAPIGateway.filter.JwtAuthenticationFilter@35a9e665}, order = -1], [GatewayFilterAdapter{delegate=org.springframework.cloud.gateway.filter.NettyWriteResponseFilter@1b632442}, order = -1], [GatewayFilterAdapter{delegate=org.springframework.cloud.gateway.filter.ForwardPathFilter@57a982f9}, order = 0], [GatewayFilterAdapter{delegate=org.springframework.cloud.gateway.filter.GatewayMetricsFilter@1b69fc07}, order = 0], [[StripPrefix parts = 1], order = 1], [GatewayFilterAdapter{delegate=org.springframework.cloud.gateway.filter.RouteToRequestUrlFilter@2f75a9b1}, order = 10000], [GatewayFilterAdapter{delegate=org.springframework.cloud.gateway.filter.ReactiveLoadBalancerClientFilter@362be0cd}, order = 10150], [GatewayFilterAdapter{delegate=org.springframework.cloud.gateway.filter.LoadBalancerServiceInstanceCookieFilter@2dde0a34}, order = 10151], [GatewayFilterAdapter{delegate=org.springframework.cloud.gateway.filter.WebsocketRoutingFilter@19d3f6ad}, order = 2147483646], [GatewayFilterAdapter{delegate=com.forvmom.MomentForeverAPIGateway.filter.GatewayRequestLoggingFilter@6a04d2a4}, order = 2147483647], [GatewayFilterAdapter{delegate=org.springframework.cloud.gateway.filter.NettyRoutingFilter@61836cd9}, order = 2147483647], [GatewayFilterAdapter{delegate=org.springframework.cloud.gateway.filter.ForwardRoutingFilter@556aed22}, order = 2147483647]]
2026-10-08 21:40:14.971 [boundedElastic-20] [39mDEBUG[0;39m [36mo.s.c.g.f.h.o.ObservedRequestHttpHeadersFilter[0;39m - Will instrument the HTTP request headers [host:"localhost:8086", sec-ch-ua-platform:""Windows"", authorization:"Bearer eyJhbGciOiJIUzI1NiJ9.eyJyb2xlcyI6IlNVUEVSX0FETUlOIiwidXNlcklkIjoxLCJlbmFibGVkIjp0cnVlLCJ1c2VybmFtZSI6InN1cGVyYWRtaW5AY2hlcmlzaHguY29tIiwiYWNjb3VudE5vbkxvY2tlZCI6dHJ1ZSwic3ViIjoic3VwZXJhZG1pbkBjaGVyaXNoeC5jb20iLCJpYXQiOjE3OTE0NjgzMjEsImV4cCI6MTc5MTU1NDcyMSwiaXNzIjoibW9tZW50LWZvcmV2ZXItYXBwIiwiYXVkIjoibW9tZW50LWZvcmV2ZXItY2xpZW50In0.MSh7MAgomTQN20GrkE0ylIFKJcho7PbSp53bCRBE2-Y", sec-ch-ua:""Chromium";v="154", "Microsoft Edge";v="154", "Not A(Brand";v="99"", accesstoken:"eyJhbGciOiJIUzI1NiJ9.eyJyb2xlcyI6IlNVUEVSX0FETUlOIiwidXNlcklkIjoxLCJlbmFibGVkIjp0cnVlLCJ1c2VybmFtZSI6InN1cGVyYWRtaW5AY2hlcmlzaHguY29tIiwiYWNjb3VudE5vbkxvY2tlZCI6dHJ1ZSwic3ViIjoic3VwZXJhZG1pbkBjaGVyaXNoeC5jb20iLCJpYXQiOjE3OTE0NjgzMjEsImV4cCI6MTc5MTU1NDcyMSwiaXNzIjoibW9tZW50LWZvcmV2ZXItYXBwIiwiYXVkIjoibW9tZW50LWZvcmV2ZXItY2xpZW50In0.MSh7MAgomTQN20GrkE0ylIFKJcho7PbSp53bCRBE2-Y", sec-ch-ua-mobile:"?0", x-requested-with:"XMLHttpRequest", x-pm-header:"[object Object]", accept:"application/json", user-agent:"Mozilla/5.0 (Windows NT 10.0; Win64; x64) AppleWebKit/537.36 (KHTML, like Gecko) Chrome/154.0.0.0 Safari/537.36 Edg/154.0.0.0", sec-fetch-site:"same-origin", sec-fetch-mode:"cors", sec-fetch-dest:"empty", referer:"http://localhost:5173/admin/experience", accept-encoding:"gzip, deflate, br, zstd", accept-language:"en-GB,en;q=0.9,en-US;q=0.8,en-IN;q=0.7", X-User-Id:"1", X-User-Roles:"SUPER_ADMIN", Forwarded:"proto=http;host="localhost:8086";for="[0:0:0:0:0:0:0:1]:51919"", X-Forwarded-For:"0:0:0:0:0:0:0:1", X-Forwarded-Proto:"http", X-Forwarded-Prefix:"/api", X-Forwarded-Port:"8086", X-Forwarded-Host:"localhost:8086"]
2026-10-08 21:40:14.971 [boundedElastic-16] [39mDEBUG[0;39m [36mo.s.c.g.f.h.o.ObservedRequestHttpHeadersFilter[0;39m - Will instrument the HTTP request headers [host:"localhost:8086", sec-ch-ua-platform:""Windows"", authorization:"Bearer eyJhbGciOiJIUzI1NiJ9.eyJyb2xlcyI6IlNVUEVSX0FETUlOIiwidXNlcklkIjoxLCJlbmFibGVkIjp0cnVlLCJ1c2VybmFtZSI6InN1cGVyYWRtaW5AY2hlcmlzaHguY29tIiwiYWNjb3VudE5vbkxvY2tlZCI6dHJ1ZSwic3ViIjoic3VwZXJhZG1pbkBjaGVyaXNoeC5jb20iLCJpYXQiOjE3OTE0NjgzMjEsImV4cCI6MTc5MTU1NDcyMSwiaXNzIjoibW9tZW50LWZvcmV2ZXItYXBwIiwiYXVkIjoibW9tZW50LWZvcmV2ZXItY2xpZW50In0.MSh7MAgomTQN20GrkE0ylIFKJcho7PbSp53bCRBE2-Y", sec-ch-ua:""Chromium";v="154", "Microsoft Edge";v="154", "Not A(Brand";v="99"", accesstoken:"eyJhbGciOiJIUzI1NiJ9.eyJyb2xlcyI6IlNVUEVSX0FETUlOIiwidXNlcklkIjoxLCJlbmFibGVkIjp0cnVlLCJ1c2VybmFtZSI6InN1cGVyYWRtaW5AY2hlcmlzaHguY29tIiwiYWNjb3VudE5vbkxvY2tlZCI6dHJ1ZSwic3ViIjoic3VwZXJhZG1pbkBjaGVyaXNoeC5jb20iLCJpYXQiOjE3OTE0NjgzMjEsImV4cCI6MTc5MTU1NDcyMSwiaXNzIjoibW9tZW50LWZvcmV2ZXItYXBwIiwiYXVkIjoibW9tZW50LWZvcmV2ZXItY2xpZW50In0.MSh7MAgomTQN20GrkE0ylIFKJcho7PbSp53bCRBE2-Y", sec-ch-ua-mobile:"?0", x-requested-with:"XMLHttpRequest", x-pm-header:"[object Object]", accept:"application/json", user-agent:"Mozilla/5.0 (Windows NT 10.0; Win64; x64) AppleWebKit/537.36 (KHTML, like Gecko) Chrome/154.0.0.0 Safari/537.36 Edg/154.0.0.0", sec-fetch-site:"same-origin", sec-fetch-mode:"cors", sec-fetch-dest:"empty", referer:"http://localhost:5173/admin/experience", accept-encoding:"gzip, deflate, br, zstd", accept-language:"en-GB,en;q=0.9,en-US;q=0.8,en-IN;q=0.7", X-User-Id:"1", X-User-Roles:"SUPER_ADMIN", Forwarded:"proto=http;host="localhost:8086";for="[0:0:0:0:0:0:0:1]:51920"", X-Forwarded-For:"0:0:0:0:0:0:0:1", X-Forwarded-Proto:"http", X-Forwarded-Prefix:"/api", X-Forwarded-Port:"8086", X-Forwarded-Host:"localhost:8086"]
2026-10-08 21:40:14.971 [boundedElastic-18] [39mDEBUG[0;39m [36mo.s.c.g.f.h.o.ObservedRequestHttpHeadersFilter[0;39m - Will instrument the HTTP request headers [host:"localhost:8086", sec-ch-ua-platform:""Windows"", authorization:"Bearer eyJhbGciOiJIUzI1NiJ9.eyJyb2xlcyI6IlNVUEVSX0FETUlOIiwidXNlcklkIjoxLCJlbmFibGVkIjp0cnVlLCJ1c2VybmFtZSI6InN1cGVyYWRtaW5AY2hlcmlzaHguY29tIiwiYWNjb3VudE5vbkxvY2tlZCI6dHJ1ZSwic3ViIjoic3VwZXJhZG1pbkBjaGVyaXNoeC5jb20iLCJpYXQiOjE3OTE0NjgzMjEsImV4cCI6MTc5MTU1NDcyMSwiaXNzIjoibW9tZW50LWZvcmV2ZXItYXBwIiwiYXVkIjoibW9tZW50LWZvcmV2ZXItY2xpZW50In0.MSh7MAgomTQN20GrkE0ylIFKJcho7PbSp53bCRBE2-Y", sec-ch-ua:""Chromium";v="154", "Microsoft Edge";v="154", "Not A(Brand";v="99"", accesstoken:"eyJhbGciOiJIUzI1NiJ9.eyJyb2xlcyI6IlNVUEVSX0FETUlOIiwidXNlcklkIjoxLCJlbmFibGVkIjp0cnVlLCJ1c2VybmFtZSI6InN1cGVyYWRtaW5AY2hlcmlzaHguY29tIiwiYWNjb3VudE5vbkxvY2tlZCI6dHJ1ZSwic3ViIjoic3VwZXJhZG1pbkBjaGVyaXNoeC5jb20iLCJpYXQiOjE3OTE0NjgzMjEsImV4cCI6MTc5MTU1NDcyMSwiaXNzIjoibW9tZW50LWZvcmV2ZXItYXBwIiwiYXVkIjoibW9tZW50LWZvcmV2ZXItY2xpZW50In0.MSh7MAgomTQN20GrkE0ylIFKJcho7PbSp53bCRBE2-Y", sec-ch-ua-mobile:"?0", x-requested-with:"XMLHttpRequest", x-pm-header:"[object Object]", accept:"application/json", user-agent:"Mozilla/5.0 (Windows NT 10.0; Win64; x64) AppleWebKit/537.36 (KHTML, like Gecko) Chrome/154.0.0.0 Safari/537.36 Edg/154.0.0.0", sec-fetch-site:"same-origin", sec-fetch-mode:"cors", sec-fetch-dest:"empty", referer:"http://localhost:5173/admin/experience", accept-encoding:"gzip, deflate, br, zstd", accept-language:"en-GB,en;q=0.9,en-US;q=0.8,en-IN;q=0.7", X-User-Id:"1", X-User-Roles:"SUPER_ADMIN", Forwarded:"proto=http;host="localhost:8086";for="[0:0:0:0:0:0:0:1]:50719"", X-Forwarded-For:"0:0:0:0:0:0:0:1", X-Forwarded-Proto:"http", X-Forwarded-Prefix:"/api", X-Forwarded-Port:"8086", X-Forwarded-Host:"localhost:8086"]
2026-10-08 21:40:14.974 [boundedElastic-18] [39mDEBUG[0;39m [36mo.s.c.g.f.h.o.ObservedRequestHttpHeadersFilter[0;39m - Client observation  {name=http.client.requests(null), error=null, context=name='http.client.requests', contextualName='null', error='null', lowCardinalityKeyValues=[http.method='GET', http.status_code='UNKNOWN', spring.cloud.gateway.route.id='platform-admin', spring.cloud.gateway.route.uri='lb://MOMENT-FOREVER-PLATFORM'], highCardinalityKeyValues=[http.uri='http://localhost:8086/platform/admin/experiences'], map=[class io.micrometer.core.instrument.Timer$Sample='io.micrometer.core.instrument.Timer$Sample@17ae2e72', class io.micrometer.core.instrument.LongTaskTimer$Sample='SampleImpl{duration(seconds)=0.0013633, duration(nanos)=1363300.0, startTimeNanos=114820181084700}'], parentObservation={name=http.server.requests(null), error=null, context=name='http.server.requests', contextualName='null', error='null', lowCardinalityKeyValues=[exception='none', method='GET', outcome='SUCCESS', status='200', uri='UNKNOWN'], highCardinalityKeyValues=[http.url='/api/platform/admin/experiences'], map=[class io.micrometer.core.instrument.Timer$Sample='io.micrometer.core.instrument.Timer$Sample@68f77a28', class io.micrometer.core.instrument.LongTaskTimer$Sample='SampleImpl{duration(seconds)=0.0550558, duration(nanos)=5.50558E7, startTimeNanos=114820128562800}'], parentObservation=null}} created for the request. New headers are [host:"localhost:8086", sec-ch-ua-platform:""Windows"", authorization:"Bearer eyJhbGciOiJIUzI1NiJ9.eyJyb2xlcyI6IlNVUEVSX0FETUlOIiwidXNlcklkIjoxLCJlbmFibGVkIjp0cnVlLCJ1c2VybmFtZSI6InN1cGVyYWRtaW5AY2hlcmlzaHguY29tIiwiYWNjb3VudE5vbkxvY2tlZCI6dHJ1ZSwic3ViIjoic3VwZXJhZG1pbkBjaGVyaXNoeC5jb20iLCJpYXQiOjE3OTE0NjgzMjEsImV4cCI6MTc5MTU1NDcyMSwiaXNzIjoibW9tZW50LWZvcmV2ZXItYXBwIiwiYXVkIjoibW9tZW50LWZvcmV2ZXItY2xpZW50In0.MSh7MAgomTQN20GrkE0ylIFKJcho7PbSp53bCRBE2-Y", sec-ch-ua:""Chromium";v="154", "Microsoft Edge";v="154", "Not A(Brand";v="99"", accesstoken:"eyJhbGciOiJIUzI1NiJ9.eyJyb2xlcyI6IlNVUEVSX0FETUlOIiwidXNlcklkIjoxLCJlbmFibGVkIjp0cnVlLCJ1c2VybmFtZSI6InN1cGVyYWRtaW5AY2hlcmlzaHguY29tIiwiYWNjb3VudE5vbkxvY2tlZCI6dHJ1ZSwic3ViIjoic3VwZXJhZG1pbkBjaGVyaXNoeC5jb20iLCJpYXQiOjE3OTE0NjgzMjEsImV4cCI6MTc5MTU1NDcyMSwiaXNzIjoibW9tZW50LWZvcmV2ZXItYXBwIiwiYXVkIjoibW9tZW50LWZvcmV2ZXItY2xpZW50In0.MSh7MAgomTQN20GrkE0ylIFKJcho7PbSp53bCRBE2-Y", sec-ch-ua-mobile:"?0", x-requested-with:"XMLHttpRequest", x-pm-header:"[object Object]", accept:"application/json", user-agent:"Mozilla/5.0 (Windows NT 10.0; Win64; x64) AppleWebKit/537.36 (KHTML, like Gecko) Chrome/154.0.0.0 Safari/537.36 Edg/154.0.0.0", sec-fetch-site:"same-origin", sec-fetch-mode:"cors", sec-fetch-dest:"empty", referer:"http://localhost:5173/admin/experience", accept-encoding:"gzip, deflate, br, zstd", accept-language:"en-GB,en;q=0.9,en-US;q=0.8,en-IN;q=0.7", X-User-Id:"1", X-User-Roles:"SUPER_ADMIN", Forwarded:"proto=http;host="localhost:8086";for="[0:0:0:0:0:0:0:1]:50719"", X-Forwarded-For:"0:0:0:0:0:0:0:1", X-Forwarded-Proto:"http", X-Forwarded-Prefix:"/api", X-Forwarded-Port:"8086", X-Forwarded-Host:"localhost:8086"]
2026-10-08 21:40:14.974 [boundedElastic-20] [39mDEBUG[0;39m [36mo.s.c.g.f.h.o.ObservedRequestHttpHeadersFilter[0;39m - Client observation  {name=http.client.requests(null), error=null, context=name='http.client.requests', contextualName='null', error='null', lowCardinalityKeyValues=[http.method='GET', http.status_code='UNKNOWN', spring.cloud.gateway.route.id='platform-admin', spring.cloud.gateway.route.uri='lb://MOMENT-FOREVER-PLATFORM'], highCardinalityKeyValues=[http.uri='http://localhost:8086/platform/admin/subcategories'], map=[class io.micrometer.core.instrument.Timer$Sample='io.micrometer.core.instrument.Timer$Sample@37665b45', class io.micrometer.core.instrument.LongTaskTimer$Sample='SampleImpl{duration(seconds)=0.001363, duration(nanos)=1363000.0, startTimeNanos=114820181084800}'], parentObservation={name=http.server.requests(null), error=null, context=name='http.server.requests', contextualName='null', error='null', lowCardinalityKeyValues=[exception='none', method='GET', outcome='SUCCESS', status='200', uri='UNKNOWN'], highCardinalityKeyValues=[http.url='/api/platform/admin/subcategories'], map=[class io.micrometer.core.instrument.Timer$Sample='io.micrometer.core.instrument.Timer$Sample@1a34f975', class io.micrometer.core.instrument.LongTaskTimer$Sample='SampleImpl{duration(seconds)=0.0508164, duration(nanos)=5.08164E7, startTimeNanos=114820132824400}'], parentObservation=null}} created for the request. New headers are [host:"localhost:8086", sec-ch-ua-platform:""Windows"", authorization:"Bearer eyJhbGciOiJIUzI1NiJ9.eyJyb2xlcyI6IlNVUEVSX0FETUlOIiwidXNlcklkIjoxLCJlbmFibGVkIjp0cnVlLCJ1c2VybmFtZSI6InN1cGVyYWRtaW5AY2hlcmlzaHguY29tIiwiYWNjb3VudE5vbkxvY2tlZCI6dHJ1ZSwic3ViIjoic3VwZXJhZG1pbkBjaGVyaXNoeC5jb20iLCJpYXQiOjE3OTE0NjgzMjEsImV4cCI6MTc5MTU1NDcyMSwiaXNzIjoibW9tZW50LWZvcmV2ZXItYXBwIiwiYXVkIjoibW9tZW50LWZvcmV2ZXItY2xpZW50In0.MSh7MAgomTQN20GrkE0ylIFKJcho7PbSp53bCRBE2-Y", sec-ch-ua:""Chromium";v="154", "Microsoft Edge";v="154", "Not A(Brand";v="99"", accesstoken:"eyJhbGciOiJIUzI1NiJ9.eyJyb2xlcyI6IlNVUEVSX0FETUlOIiwidXNlcklkIjoxLCJlbmFibGVkIjp0cnVlLCJ1c2VybmFtZSI6InN1cGVyYWRtaW5AY2hlcmlzaHguY29tIiwiYWNjb3VudE5vbkxvY2tlZCI6dHJ1ZSwic3ViIjoic3VwZXJhZG1pbkBjaGVyaXNoeC5jb20iLCJpYXQiOjE3OTE0NjgzMjEsImV4cCI6MTc5MTU1NDcyMSwiaXNzIjoibW9tZW50LWZvcmV2ZXItYXBwIiwiYXVkIjoibW9tZW50LWZvcmV2ZXItY2xpZW50In0.MSh7MAgomTQN20GrkE0ylIFKJcho7PbSp53bCRBE2-Y", sec-ch-ua-mobile:"?0", x-requested-with:"XMLHttpRequest", x-pm-header:"[object Object]", accept:"application/json", user-agent:"Mozilla/5.0 (Windows NT 10.0; Win64; x64) AppleWebKit/537.36 (KHTML, like Gecko) Chrome/154.0.0.0 Safari/537.36 Edg/154.0.0.0", sec-fetch-site:"same-origin", sec-fetch-mode:"cors", sec-fetch-dest:"empty", referer:"http://localhost:5173/admin/experience", accept-encoding:"gzip, deflate, br, zstd", accept-language:"en-GB,en;q=0.9,en-US;q=0.8,en-IN;q=0.7", X-User-Id:"1", X-User-Roles:"SUPER_ADMIN", Forwarded:"proto=http;host="localhost:8086";for="[0:0:0:0:0:0:0:1]:51919"", X-Forwarded-For:"0:0:0:0:0:0:0:1", X-Forwarded-Proto:"http", X-Forwarded-Prefix:"/api", X-Forwarded-Port:"8086", X-Forwarded-Host:"localhost:8086"]
2026-10-08 21:40:14.974 [boundedElastic-16] [39mDEBUG[0;39m [36mo.s.c.g.f.h.o.ObservedRequestHttpHeadersFilter[0;39m - Client observation  {name=http.client.requests(null), error=null, context=name='http.client.requests', contextualName='null', error='null', lowCardinalityKeyValues=[http.method='GET', http.status_code='UNKNOWN', spring.cloud.gateway.route.id='platform-admin', spring.cloud.gateway.route.uri='lb://MOMENT-FOREVER-PLATFORM'], highCardinalityKeyValues=[http.uri='http://localhost:8086/platform/admin/inclusions'], map=[class io.micrometer.core.instrument.Timer$Sample='io.micrometer.core.instrument.Timer$Sample@44bf3421', class io.micrometer.core.instrument.LongTaskTimer$Sample='SampleImpl{duration(seconds)=0.0013623, duration(nanos)=1362300.0, startTimeNanos=114820181084800}'], parentObservation={name=http.server.requests(null), error=null, context=name='http.server.requests', contextualName='null', error='null', lowCardinalityKeyValues=[exception='none', method='GET', outcome='SUCCESS', status='200', uri='UNKNOWN'], highCardinalityKeyValues=[http.url='/api/platform/admin/inclusions'], map=[class io.micrometer.core.instrument.Timer$Sample='io.micrometer.core.instrument.Timer$Sample@162c8ee9', class io.micrometer.core.instrument.LongTaskTimer$Sample='SampleImpl{duration(seconds)=0.0504079, duration(nanos)=5.04079E7, startTimeNanos=114820133232800}'], parentObservation=null}} created for the request. New headers are [host:"localhost:8086", sec-ch-ua-platform:""Windows"", authorization:"Bearer eyJhbGciOiJIUzI1NiJ9.eyJyb2xlcyI6IlNVUEVSX0FETUlOIiwidXNlcklkIjoxLCJlbmFibGVkIjp0cnVlLCJ1c2VybmFtZSI6InN1cGVyYWRtaW5AY2hlcmlzaHguY29tIiwiYWNjb3VudE5vbkxvY2tlZCI6dHJ1ZSwic3ViIjoic3VwZXJhZG1pbkBjaGVyaXNoeC5jb20iLCJpYXQiOjE3OTE0NjgzMjEsImV4cCI6MTc5MTU1NDcyMSwiaXNzIjoibW9tZW50LWZvcmV2ZXItYXBwIiwiYXVkIjoibW9tZW50LWZvcmV2ZXItY2xpZW50In0.MSh7MAgomTQN20GrkE0ylIFKJcho7PbSp53bCRBE2-Y", sec-ch-ua:""Chromium";v="154", "Microsoft Edge";v="154", "Not A(Brand";v="99"", accesstoken:"eyJhbGciOiJIUzI1NiJ9.eyJyb2xlcyI6IlNVUEVSX0FETUlOIiwidXNlcklkIjoxLCJlbmFibGVkIjp0cnVlLCJ1c2VybmFtZSI6InN1cGVyYWRtaW5AY2hlcmlzaHguY29tIiwiYWNjb3VudE5vbkxvY2tlZCI6dHJ1ZSwic3ViIjoic3VwZXJhZG1pbkBjaGVyaXNoeC5jb20iLCJpYXQiOjE3OTE0NjgzMjEsImV4cCI6MTc5MTU1NDcyMSwiaXNzIjoibW9tZW50LWZvcmV2ZXItYXBwIiwiYXVkIjoibW9tZW50LWZvcmV2ZXItY2xpZW50In0.MSh7MAgomTQN20GrkE0ylIFKJcho7PbSp53bCRBE2-Y", sec-ch-ua-mobile:"?0", x-requested-with:"XMLHttpRequest", x-pm-header:"[object Object]", accept:"application/json", user-agent:"Mozilla/5.0 (Windows NT 10.0; Win64; x64) AppleWebKit/537.36 (KHTML, like Gecko) Chrome/154.0.0.0 Safari/537.36 Edg/154.0.0.0", sec-fetch-site:"same-origin", sec-fetch-mode:"cors", sec-fetch-dest:"empty", referer:"http://localhost:5173/admin/experience", accept-encoding:"gzip, deflate, br, zstd", accept-language:"en-GB,en;q=0.9,en-US;q=0.8,en-IN;q=0.7", X-User-Id:"1", X-User-Roles:"SUPER_ADMIN", Forwarded:"proto=http;host="localhost:8086";for="[0:0:0:0:0:0:0:1]:51920"", X-Forwarded-For:"0:0:0:0:0:0:0:1", X-Forwarded-Proto:"http", X-Forwarded-Prefix:"/api", X-Forwarded-Port:"8086", X-Forwarded-Host:"localhost:8086"]
2026-10-08 21:40:14.989 [boundedElastic-12] [39mDEBUG[0;39m [36mo.s.c.g.f.h.o.ObservedRequestHttpHeadersFilter[0;39m - Will instrument the HTTP request headers [host:"localhost:8086", sec-ch-ua-platform:""Windows"", authorization:"Bearer eyJhbGciOiJIUzI1NiJ9.eyJyb2xlcyI6IlNVUEVSX0FETUlOIiwidXNlcklkIjoxLCJlbmFibGVkIjp0cnVlLCJ1c2VybmFtZSI6InN1cGVyYWRtaW5AY2hlcmlzaHguY29tIiwiYWNjb3VudE5vbkxvY2tlZCI6dHJ1ZSwic3ViIjoic3VwZXJhZG1pbkBjaGVyaXNoeC5jb20iLCJpYXQiOjE3OTE0NjgzMjEsImV4cCI6MTc5MTU1NDcyMSwiaXNzIjoibW9tZW50LWZvcmV2ZXItYXBwIiwiYXVkIjoibW9tZW50LWZvcmV2ZXItY2xpZW50In0.MSh7MAgomTQN20GrkE0ylIFKJcho7PbSp53bCRBE2-Y", sec-ch-ua:""Chromium";v="154", "Microsoft Edge";v="154", "Not A(Brand";v="99"", accesstoken:"eyJhbGciOiJIUzI1NiJ9.eyJyb2xlcyI6IlNVUEVSX0FETUlOIiwidXNlcklkIjoxLCJlbmFibGVkIjp0cnVlLCJ1c2VybmFtZSI6InN1cGVyYWRtaW5AY2hlcmlzaHguY29tIiwiYWNjb3VudE5vbkxvY2tlZCI6dHJ1ZSwic3ViIjoic3VwZXJhZG1pbkBjaGVyaXNoeC5jb20iLCJpYXQiOjE3OTE0NjgzMjEsImV4cCI6MTc5MTU1NDcyMSwiaXNzIjoibW9tZW50LWZvcmV2ZXItYXBwIiwiYXVkIjoibW9tZW50LWZvcmV2ZXItY2xpZW50In0.MSh7MAgomTQN20GrkE0ylIFKJcho7PbSp53bCRBE2-Y", sec-ch-ua-mobile:"?0", x-requested-with:"XMLHttpRequest", x-pm-header:"[object Object]", accept:"application/json", user-agent:"Mozilla/5.0 (Windows NT 10.0; Win64; x64) AppleWebKit/537.36 (KHTML, like Gecko) Chrome/154.0.0.0 Safari/537.36 Edg/154.0.0.0", sec-fetch-site:"same-origin", sec-fetch-mode:"cors", sec-fetch-dest:"empty", referer:"http://localhost:5173/admin/experience", accept-encoding:"gzip, deflate, br, zstd", accept-language:"en-GB,en;q=0.9,en-US;q=0.8,en-IN;q=0.7", X-User-Id:"1", X-User-Roles:"SUPER_ADMIN", Forwarded:"proto=http;host="localhost:8086";for="[0:0:0:0:0:0:0:1]:51922"", X-Forwarded-For:"0:0:0:0:0:0:0:1", X-Forwarded-Proto:"http", X-Forwarded-Prefix:"/api", X-Forwarded-Port:"8086", X-Forwarded-Host:"localhost:8086"]
2026-10-08 21:40:14.990 [boundedElastic-14] [39mDEBUG[0;39m [36mo.s.c.g.f.h.o.ObservedRequestHttpHeadersFilter[0;39m - Will instrument the HTTP request headers [host:"localhost:8086", sec-ch-ua-platform:""Windows"", authorization:"Bearer eyJhbGciOiJIUzI1NiJ9.eyJyb2xlcyI6IlNVUEVSX0FETUlOIiwidXNlcklkIjoxLCJlbmFibGVkIjp0cnVlLCJ1c2VybmFtZSI6InN1cGVyYWRtaW5AY2hlcmlzaHguY29tIiwiYWNjb3VudE5vbkxvY2tlZCI6dHJ1ZSwic3ViIjoic3VwZXJhZG1pbkBjaGVyaXNoeC5jb20iLCJpYXQiOjE3OTE0NjgzMjEsImV4cCI6MTc5MTU1NDcyMSwiaXNzIjoibW9tZW50LWZvcmV2ZXItYXBwIiwiYXVkIjoibW9tZW50LWZvcmV2ZXItY2xpZW50In0.MSh7MAgomTQN20GrkE0ylIFKJcho7PbSp53bCRBE2-Y", sec-ch-ua:""Chromium";v="154", "Microsoft Edge";v="154", "Not A(Brand";v="99"", accesstoken:"eyJhbGciOiJIUzI1NiJ9.eyJyb2xlcyI6IlNVUEVSX0FETUlOIiwidXNlcklkIjoxLCJlbmFibGVkIjp0cnVlLCJ1c2VybmFtZSI6InN1cGVyYWRtaW5AY2hlcmlzaHguY29tIiwiYWNjb3VudE5vbkxvY2tlZCI6dHJ1ZSwic3ViIjoic3VwZXJhZG1pbkBjaGVyaXNoeC5jb20iLCJpYXQiOjE3OTE0NjgzMjEsImV4cCI6MTc5MTU1NDcyMSwiaXNzIjoibW9tZW50LWZvcmV2ZXItYXBwIiwiYXVkIjoibW9tZW50LWZvcmV2ZXItY2xpZW50In0.MSh7MAgomTQN20GrkE0ylIFKJcho7PbSp53bCRBE2-Y", sec-ch-ua-mobile:"?0", x-requested-with:"XMLHttpRequest", x-pm-header:"[object Object]", accept:"application/json", user-agent:"Mozilla/5.0 (Windows NT 10.0; Win64; x64) AppleWebKit/537.36 (KHTML, like Gecko) Chrome/154.0.0.0 Safari/537.36 Edg/154.0.0.0", sec-fetch-site:"same-origin", sec-fetch-mode:"cors", sec-fetch-dest:"empty", referer:"http://localhost:5173/admin/experience", accept-encoding:"gzip, deflate, br, zstd", accept-language:"en-GB,en;q=0.9,en-US;q=0.8,en-IN;q=0.7", X-User-Id:"1", X-User-Roles:"SUPER_ADMIN", Forwarded:"proto=http;host="localhost:8086";for="[0:0:0:0:0:0:0:1]:51923"", X-Forwarded-For:"0:0:0:0:0:0:0:1", X-Forwarded-Proto:"http", X-Forwarded-Prefix:"/api", X-Forwarded-Port:"8086", X-Forwarded-Host:"localhost:8086"]
2026-10-08 21:40:14.991 [boundedElastic-12] [39mDEBUG[0;39m [36mo.s.c.g.f.h.o.ObservedRequestHttpHeadersFilter[0;39m - Client observation  {name=http.client.requests(null), error=null, context=name='http.client.requests', contextualName='null', error='null', lowCardinalityKeyValues=[http.method='GET', http.status_code='UNKNOWN', spring.cloud.gateway.route.id='platform-admin', spring.cloud.gateway.route.uri='lb://MOMENT-FOREVER-PLATFORM'], highCardinalityKeyValues=[http.uri='http://localhost:8086/platform/admin/addons'], map=[class io.micrometer.core.instrument.Timer$Sample='io.micrometer.core.instrument.Timer$Sample@49953418', class io.micrometer.core.instrument.LongTaskTimer$Sample='SampleImpl{duration(seconds)=1.629E-4, duration(nanos)=162900.0, startTimeNanos=114820198345100}'], parentObservation={name=http.server.requests(null), error=null, context=name='http.server.requests', contextualName='null', error='null', lowCardinalityKeyValues=[exception='none', method='GET', outcome='SUCCESS', status='200', uri='UNKNOWN'], highCardinalityKeyValues=[http.url='/api/platform/admin/addons'], map=[class io.micrometer.core.instrument.Timer$Sample='io.micrometer.core.instrument.Timer$Sample@6305b639', class io.micrometer.core.instrument.LongTaskTimer$Sample='SampleImpl{duration(seconds)=0.0584493, duration(nanos)=5.84493E7, startTimeNanos=114820140257400}'], parentObservation=null}} created for the request. New headers are [host:"localhost:8086", sec-ch-ua-platform:""Windows"", authorization:"Bearer eyJhbGciOiJIUzI1NiJ9.eyJyb2xlcyI6IlNVUEVSX0FETUlOIiwidXNlcklkIjoxLCJlbmFibGVkIjp0cnVlLCJ1c2VybmFtZSI6InN1cGVyYWRtaW5AY2hlcmlzaHguY29tIiwiYWNjb3VudE5vbkxvY2tlZCI6dHJ1ZSwic3ViIjoic3VwZXJhZG1pbkBjaGVyaXNoeC5jb20iLCJpYXQiOjE3OTE0NjgzMjEsImV4cCI6MTc5MTU1NDcyMSwiaXNzIjoibW9tZW50LWZvcmV2ZXItYXBwIiwiYXVkIjoibW9tZW50LWZvcmV2ZXItY2xpZW50In0.MSh7MAgomTQN20GrkE0ylIFKJcho7PbSp53bCRBE2-Y", sec-ch-ua:""Chromium";v="154", "Microsoft Edge";v="154", "Not A(Brand";v="99"", accesstoken:"eyJhbGciOiJIUzI1NiJ9.eyJyb2xlcyI6IlNVUEVSX0FETUlOIiwidXNlcklkIjoxLCJlbmFibGVkIjp0cnVlLCJ1c2VybmFtZSI6InN1cGVyYWRtaW5AY2hlcmlzaHguY29tIiwiYWNjb3VudE5vbkxvY2tlZCI6dHJ1ZSwic3ViIjoic3VwZXJhZG1pbkBjaGVyaXNoeC5jb20iLCJpYXQiOjE3OTE0NjgzMjEsImV4cCI6MTc5MTU1NDcyMSwiaXNzIjoibW9tZW50LWZvcmV2ZXItYXBwIiwiYXVkIjoibW9tZW50LWZvcmV2ZXItY2xpZW50In0.MSh7MAgomTQN20GrkE0ylIFKJcho7PbSp53bCRBE2-Y", sec-ch-ua-mobile:"?0", x-requested-with:"XMLHttpRequest", x-pm-header:"[object Object]", accept:"application/json", user-agent:"Mozilla/5.0 (Windows NT 10.0; Win64; x64) AppleWebKit/537.36 (KHTML, like Gecko) Chrome/154.0.0.0 Safari/537.36 Edg/154.0.0.0", sec-fetch-site:"same-origin", sec-fetch-mode:"cors", sec-fetch-dest:"empty", referer:"http://localhost:5173/admin/experience", accept-encoding:"gzip, deflate, br, zstd", accept-language:"en-GB,en;q=0.9,en-US;q=0.8,en-IN;q=0.7", X-User-Id:"1", X-User-Roles:"SUPER_ADMIN", Forwarded:"proto=http;host="localhost:8086";for="[0:0:0:0:0:0:0:1]:51922"", X-Forwarded-For:"0:0:0:0:0:0:0:1", X-Forwarded-Proto:"http", X-Forwarded-Prefix:"/api", X-Forwarded-Port:"8086", X-Forwarded-Host:"localhost:8086"]
2026-10-08 21:40:14.990 [boundedElastic-22] [39mDEBUG[0;39m [36mo.s.c.g.f.h.o.ObservedRequestHttpHeadersFilter[0;39m - Will instrument the HTTP request headers [host:"localhost:8086", sec-ch-ua-platform:""Windows"", authorization:"Bearer eyJhbGciOiJIUzI1NiJ9.eyJyb2xlcyI6IlNVUEVSX0FETUlOIiwidXNlcklkIjoxLCJlbmFibGVkIjp0cnVlLCJ1c2VybmFtZSI6InN1cGVyYWRtaW5AY2hlcmlzaHguY29tIiwiYWNjb3VudE5vbkxvY2tlZCI6dHJ1ZSwic3ViIjoic3VwZXJhZG1pbkBjaGVyaXNoeC5jb20iLCJpYXQiOjE3OTE0NjgzMjEsImV4cCI6MTc5MTU1NDcyMSwiaXNzIjoibW9tZW50LWZvcmV2ZXItYXBwIiwiYXVkIjoibW9tZW50LWZvcmV2ZXItY2xpZW50In0.MSh7MAgomTQN20GrkE0ylIFKJcho7PbSp53bCRBE2-Y", sec-ch-ua:""Chromium";v="154", "Microsoft Edge";v="154", "Not A(Brand";v="99"", accesstoken:"eyJhbGciOiJIUzI1NiJ9.eyJyb2xlcyI6IlNVUEVSX0FETUlOIiwidXNlcklkIjoxLCJlbmFibGVkIjp0cnVlLCJ1c2VybmFtZSI6InN1cGVyYWRtaW5AY2hlcmlzaHguY29tIiwiYWNjb3VudE5vbkxvY2tlZCI6dHJ1ZSwic3ViIjoic3VwZXJhZG1pbkBjaGVyaXNoeC5jb20iLCJpYXQiOjE3OTE0NjgzMjEsImV4cCI6MTc5MTU1NDcyMSwiaXNzIjoibW9tZW50LWZvcmV2ZXItYXBwIiwiYXVkIjoibW9tZW50LWZvcmV2ZXItY2xpZW50In0.MSh7MAgomTQN20GrkE0ylIFKJcho7PbSp53bCRBE2-Y", sec-ch-ua-mobile:"?0", x-requested-with:"XMLHttpRequest", x-pm-header:"[object Object]", accept:"application/json", user-agent:"Mozilla/5.0 (Windows NT 10.0; Win64; x64) AppleWebKit/537.36 (KHTML, like Gecko) Chrome/154.0.0.0 Safari/537.36 Edg/154.0.0.0", sec-fetch-site:"same-origin", sec-fetch-mode:"cors", sec-fetch-dest:"empty", referer:"http://localhost:5173/admin/experience", accept-encoding:"gzip, deflate, br, zstd", accept-language:"en-GB,en;q=0.9,en-US;q=0.8,en-IN;q=0.7", X-User-Id:"1", X-User-Roles:"SUPER_ADMIN", Forwarded:"proto=http;host="localhost:8086";for="[0:0:0:0:0:0:0:1]:51921"", X-Forwarded-For:"0:0:0:0:0:0:0:1", X-Forwarded-Proto:"http", X-Forwarded-Prefix:"/api", X-Forwarded-Port:"8086", X-Forwarded-Host:"localhost:8086"]
2026-10-08 21:40:14.991 [boundedElastic-14] [39mDEBUG[0;39m [36mo.s.c.g.f.h.o.ObservedRequestHttpHeadersFilter[0;39m - Client observation  {name=http.client.requests(null), error=null, context=name='http.client.requests', contextualName='null', error='null', lowCardinalityKeyValues=[http.method='GET', http.status_code='UNKNOWN', spring.cloud.gateway.route.id='platform-admin', spring.cloud.gateway.route.uri='lb://MOMENT-FOREVER-PLATFORM'], highCardinalityKeyValues=[http.uri='http://localhost:8086/platform/admin/timeslots'], map=[class io.micrometer.core.instrument.Timer$Sample='io.micrometer.core.instrument.Timer$Sample@3ab6c88e', class io.micrometer.core.instrument.LongTaskTimer$Sample='SampleImpl{duration(seconds)=2.078E-4, duration(nanos)=207800.0, startTimeNanos=114820198601800}'], parentObservation={name=http.server.requests(null), error=null, context=name='http.server.requests', contextualName='null', error='null', lowCardinalityKeyValues=[exception='none', method='GET', outcome='SUCCESS', status='200', uri='UNKNOWN'], highCardinalityKeyValues=[http.url='/api/platform/admin/timeslots'], map=[class io.micrometer.core.instrument.Timer$Sample='io.micrometer.core.instrument.Timer$Sample@c2b2bc7', class io.micrometer.core.instrument.LongTaskTimer$Sample='SampleImpl{duration(seconds)=0.058346, duration(nanos)=5.8346E7, startTimeNanos=114820140670200}'], parentObservation=null}} created for the request. New headers are [host:"localhost:8086", sec-ch-ua-platform:""Windows"", authorization:"Bearer eyJhbGciOiJIUzI1NiJ9.eyJyb2xlcyI6IlNVUEVSX0FETUlOIiwidXNlcklkIjoxLCJlbmFibGVkIjp0cnVlLCJ1c2VybmFtZSI6InN1cGVyYWRtaW5AY2hlcmlzaHguY29tIiwiYWNjb3VudE5vbkxvY2tlZCI6dHJ1ZSwic3ViIjoic3VwZXJhZG1pbkBjaGVyaXNoeC5jb20iLCJpYXQiOjE3OTE0NjgzMjEsImV4cCI6MTc5MTU1NDcyMSwiaXNzIjoibW9tZW50LWZvcmV2ZXItYXBwIiwiYXVkIjoibW9tZW50LWZvcmV2ZXItY2xpZW50In0.MSh7MAgomTQN20GrkE0ylIFKJcho7PbSp53bCRBE2-Y", sec-ch-ua:""Chromium";v="154", "Microsoft Edge";v="154", "Not A(Brand";v="99"", accesstoken:"eyJhbGciOiJIUzI1NiJ9.eyJyb2xlcyI6IlNVUEVSX0FETUlOIiwidXNlcklkIjoxLCJlbmFibGVkIjp0cnVlLCJ1c2VybmFtZSI6InN1cGVyYWRtaW5AY2hlcmlzaHguY29tIiwiYWNjb3VudE5vbkxvY2tlZCI6dHJ1ZSwic3ViIjoic3VwZXJhZG1pbkBjaGVyaXNoeC5jb20iLCJpYXQiOjE3OTE0NjgzMjEsImV4cCI6MTc5MTU1NDcyMSwiaXNzIjoibW9tZW50LWZvcmV2ZXItYXBwIiwiYXVkIjoibW9tZW50LWZvcmV2ZXItY2xpZW50In0.MSh7MAgomTQN20GrkE0ylIFKJcho7PbSp53bCRBE2-Y", sec-ch-ua-mobile:"?0", x-requested-with:"XMLHttpRequest", x-pm-header:"[object Object]", accept:"application/json", user-agent:"Mozilla/5.0 (Windows NT 10.0; Win64; x64) AppleWebKit/537.36 (KHTML, like Gecko) Chrome/154.0.0.0 Safari/537.36 Edg/154.0.0.0", sec-fetch-site:"same-origin", sec-fetch-mode:"cors", sec-fetch-dest:"empty", referer:"http://localhost:5173/admin/experience", accept-encoding:"gzip, deflate, br, zstd", accept-language:"en-GB,en;q=0.9,en-US;q=0.8,en-IN;q=0.7", X-User-Id:"1", X-User-Roles:"SUPER_ADMIN", Forwarded:"proto=http;host="localhost:8086";for="[0:0:0:0:0:0:0:1]:51923"", X-Forwarded-For:"0:0:0:0:0:0:0:1", X-Forwarded-Proto:"http", X-Forwarded-Prefix:"/api", X-Forwarded-Port:"8086", X-Forwarded-Host:"localhost:8086"]
2026-10-08 21:40:14.992 [boundedElastic-22] [39mDEBUG[0;39m [36mo.s.c.g.f.h.o.ObservedRequestHttpHeadersFilter[0;39m - Client observation  {name=http.client.requests(null), error=null, context=name='http.client.requests', contextualName='null', error='null', lowCardinalityKeyValues=[http.method='GET', http.status_code='UNKNOWN', spring.cloud.gateway.route.id='platform-admin', spring.cloud.gateway.route.uri='lb://MOMENT-FOREVER-PLATFORM'], highCardinalityKeyValues=[http.uri='http://localhost:8086/platform/admin/cancellation-policies'], map=[class io.micrometer.core.instrument.Timer$Sample='io.micrometer.core.instrument.Timer$Sample@eee5198', class io.micrometer.core.instrument.LongTaskTimer$Sample='SampleImpl{duration(seconds)=1.374E-4, duration(nanos)=137400.0, startTimeNanos=114820199680300}'], parentObservation={name=http.server.requests(null), error=null, context=name='http.server.requests', contextualName='null', error='null', lowCardinalityKeyValues=[exception='none', method='GET', outcome='SUCCESS', status='200', uri='UNKNOWN'], highCardinalityKeyValues=[http.url='/api/platform/admin/cancellation-policies'], map=[class io.micrometer.core.instrument.Timer$Sample='io.micrometer.core.instrument.Timer$Sample@7b24dee7', class io.micrometer.core.instrument.LongTaskTimer$Sample='SampleImpl{duration(seconds)=0.0601073, duration(nanos)=6.01073E7, startTimeNanos=114820139905700}'], parentObservation=null}} created for the request. New headers are [host:"localhost:8086", sec-ch-ua-platform:""Windows"", authorization:"Bearer eyJhbGciOiJIUzI1NiJ9.eyJyb2xlcyI6IlNVUEVSX0FETUlOIiwidXNlcklkIjoxLCJlbmFibGVkIjp0cnVlLCJ1c2VybmFtZSI6InN1cGVyYWRtaW5AY2hlcmlzaHguY29tIiwiYWNjb3VudE5vbkxvY2tlZCI6dHJ1ZSwic3ViIjoic3VwZXJhZG1pbkBjaGVyaXNoeC5jb20iLCJpYXQiOjE3OTE0NjgzMjEsImV4cCI6MTc5MTU1NDcyMSwiaXNzIjoibW9tZW50LWZvcmV2ZXItYXBwIiwiYXVkIjoibW9tZW50LWZvcmV2ZXItY2xpZW50In0.MSh7MAgomTQN20GrkE0ylIFKJcho7PbSp53bCRBE2-Y", sec-ch-ua:""Chromium";v="154", "Microsoft Edge";v="154", "Not A(Brand";v="99"", accesstoken:"eyJhbGciOiJIUzI1NiJ9.eyJyb2xlcyI6IlNVUEVSX0FETUlOIiwidXNlcklkIjoxLCJlbmFibGVkIjp0cnVlLCJ1c2VybmFtZSI6InN1cGVyYWRtaW5AY2hlcmlzaHguY29tIiwiYWNjb3VudE5vbkxvY2tlZCI6dHJ1ZSwic3ViIjoic3VwZXJhZG1pbkBjaGVyaXNoeC5jb20iLCJpYXQiOjE3OTE0NjgzMjEsImV4cCI6MTc5MTU1NDcyMSwiaXNzIjoibW9tZW50LWZvcmV2ZXItYXBwIiwiYXVkIjoibW9tZW50LWZvcmV2ZXItY2xpZW50In0.MSh7MAgomTQN20GrkE0ylIFKJcho7PbSp53bCRBE2-Y", sec-ch-ua-mobile:"?0", x-requested-with:"XMLHttpRequest", x-pm-header:"[object Object]", accept:"application/json", user-agent:"Mozilla/5.0 (Windows NT 10.0; Win64; x64) AppleWebKit/537.36 (KHTML, like Gecko) Chrome/154.0.0.0 Safari/537.36 Edg/154.0.0.0", sec-fetch-site:"same-origin", sec-fetch-mode:"cors", sec-fetch-dest:"empty", referer:"http://localhost:5173/admin/experience", accept-encoding:"gzip, deflate, br, zstd", accept-language:"en-GB,en;q=0.9,en-US;q=0.8,en-IN;q=0.7", X-User-Id:"1", X-User-Roles:"SUPER_ADMIN", Forwarded:"proto=http;host="localhost:8086";for="[0:0:0:0:0:0:0:1]:51921"", X-Forwarded-For:"0:0:0:0:0:0:0:1", X-Forwarded-Proto:"http", X-Forwarded-Prefix:"/api", X-Forwarded-Port:"8086", X-Forwarded-Host:"localhost:8086"]
2026-10-08 21:40:15.162 [reactor-http-nio-4] [39mDEBUG[0;39m [36mo.s.c.g.f.h.o.ObservedResponseHttpHeadersFilter[0;39m - Will instrument the response
2026-10-08 21:40:15.162 [reactor-http-nio-4] [39mDEBUG[0;39m [36mo.s.c.g.f.h.o.ObservedResponseHttpHeadersFilter[0;39m - The response was handled for observation {name=http.client.requests(null), error=null, context=name='http.client.requests', contextualName='null', error='null', lowCardinalityKeyValues=[http.method='GET', http.status_code='UNKNOWN', spring.cloud.gateway.route.id='platform-admin', spring.cloud.gateway.route.uri='lb://MOMENT-FOREVER-PLATFORM'], highCardinalityKeyValues=[http.uri='http://localhost:8086/platform/admin/cancellation-policies'], map=[class io.micrometer.core.instrument.Timer$Sample='io.micrometer.core.instrument.Timer$Sample@eee5198', class io.micrometer.core.instrument.LongTaskTimer$Sample='SampleImpl{duration(seconds)=0.1708679, duration(nanos)=1.708679E8, startTimeNanos=114820199680300}'], parentObservation={name=http.server.requests(null), error=null, context=name='http.server.requests', contextualName='null', error='null', lowCardinalityKeyValues=[exception='none', method='GET', outcome='SUCCESS', status='200', uri='UNKNOWN'], highCardinalityKeyValues=[http.url='/api/platform/admin/cancellation-policies'], map=[class io.micrometer.core.instrument.Timer$Sample='io.micrometer.core.instrument.Timer$Sample@7b24dee7', class io.micrometer.core.instrument.LongTaskTimer$Sample='SampleImpl{duration(seconds)=0.2307649, duration(nanos)=2.307649E8, startTimeNanos=114820139905700}'], parentObservation=null}}
2026-10-08 21:40:15.162 [reactor-http-nio-4] [34mINFO [0;39m [36mc.f.M.f.GatewayRequestLoggingFilter[0;39m - GATEWAY_REQUEST method=GET path=/platform/admin/cancellation-policies routeId=platform-admin target=lb://MOMENT-FOREVER-PLATFORM status=200 durationMs=173 signal=onComplete
2026-10-08 21:40:15.171 [reactor-http-nio-1] [39mDEBUG[0;39m [36mo.s.c.g.f.h.o.ObservedResponseHttpHeadersFilter[0;39m - Will instrument the response
2026-10-08 21:40:15.174 [reactor-http-nio-1] [39mDEBUG[0;39m [36mo.s.c.g.f.h.o.ObservedResponseHttpHeadersFilter[0;39m - The response was handled for observation {name=http.client.requests(null), error=null, context=name='http.client.requests', contextualName='null', error='null', lowCardinalityKeyValues=[http.method='GET', http.status_code='UNKNOWN', spring.cloud.gateway.route.id='platform-admin', spring.cloud.gateway.route.uri='lb://MOMENT-FOREVER-PLATFORM'], highCardinalityKeyValues=[http.uri='http://localhost:8086/platform/admin/inclusions'], map=[class io.micrometer.core.instrument.Timer$Sample='io.micrometer.core.instrument.Timer$Sample@44bf3421', class io.micrometer.core.instrument.LongTaskTimer$Sample='SampleImpl{duration(seconds)=0.2004127, duration(nanos)=2.004127E8, startTimeNanos=114820181084800}'], parentObservation={name=http.server.requests(null), error=null, context=name='http.server.requests', contextualName='null', error='null', lowCardinalityKeyValues=[exception='none', method='GET', outcome='SUCCESS', status='200', uri='UNKNOWN'], highCardinalityKeyValues=[http.url='/api/platform/admin/inclusions'], map=[class io.micrometer.core.instrument.Timer$Sample='io.micrometer.core.instrument.Timer$Sample@162c8ee9', class io.micrometer.core.instrument.LongTaskTimer$Sample='SampleImpl{duration(seconds)=0.2484529, duration(nanos)=2.484529E8, startTimeNanos=114820133232800}'], parentObservation=null}}
2026-10-08 21:40:15.175 [reactor-http-nio-1] [34mINFO [0;39m [36mc.f.M.f.GatewayRequestLoggingFilter[0;39m - GATEWAY_REQUEST method=GET path=/platform/admin/inclusions routeId=platform-admin target=lb://MOMENT-FOREVER-PLATFORM status=200 durationMs=208 signal=onComplete
2026-10-08 21:40:15.198 [reactor-http-nio-2] [39mDEBUG[0;39m [36mo.s.c.g.f.h.o.ObservedResponseHttpHeadersFilter[0;39m - Will instrument the response
2026-10-08 21:40:15.198 [reactor-http-nio-2] [39mDEBUG[0;39m [36mo.s.c.g.f.h.o.ObservedResponseHttpHeadersFilter[0;39m - The response was handled for observation {name=http.client.requests(null), error=null, context=name='http.client.requests', contextualName='null', error='null', lowCardinalityKeyValues=[http.method='GET', http.status_code='UNKNOWN', spring.cloud.gateway.route.id='platform-admin', spring.cloud.gateway.route.uri='lb://MOMENT-FOREVER-PLATFORM'], highCardinalityKeyValues=[http.uri='http://localhost:8086/platform/admin/timeslots'], map=[class io.micrometer.core.instrument.Timer$Sample='io.micrometer.core.instrument.Timer$Sample@3ab6c88e', class io.micrometer.core.instrument.LongTaskTimer$Sample='SampleImpl{duration(seconds)=0.2083356, duration(nanos)=2.083356E8, startTimeNanos=114820198601800}'], parentObservation={name=http.server.requests(null), error=null, context=name='http.server.requests', contextualName='null', error='null', lowCardinalityKeyValues=[exception='none', method='GET', outcome='SUCCESS', status='200', uri='UNKNOWN'], highCardinalityKeyValues=[http.url='/api/platform/admin/timeslots'], map=[class io.micrometer.core.instrument.Timer$Sample='io.micrometer.core.instrument.Timer$Sample@c2b2bc7', class io.micrometer.core.instrument.LongTaskTimer$Sample='SampleImpl{duration(seconds)=0.266359, duration(nanos)=2.66359E8, startTimeNanos=114820140670200}'], parentObservation=null}}
2026-10-08 21:40:15.200 [reactor-http-nio-2] [34mINFO [0;39m [36mc.f.M.f.GatewayRequestLoggingFilter[0;39m - GATEWAY_REQUEST method=GET path=/platform/admin/timeslots routeId=platform-admin target=lb://MOMENT-FOREVER-PLATFORM status=200 durationMs=211 signal=onComplete
2026-10-08 21:40:15.206 [reactor-http-nio-5] [39mDEBUG[0;39m [36mo.s.c.g.h.RoutePredicateHandlerMapping[0;39m - Route matched: platform-admin
2026-10-08 21:40:15.208 [reactor-http-nio-5] [39mDEBUG[0;39m [36mo.s.c.g.h.RoutePredicateHandlerMapping[0;39m - Mapping [Exchange: GET http://localhost:8086/api/platform/admin/coupons] to Route{id='platform-admin', uri=lb://MOMENT-FOREVER-PLATFORM, order=0, predicate=Paths: [/api/platform/admin/**], match trailing slash: true, gatewayFilters=[[[StripPrefix parts = 1], order = 1]], metadata={requires-auth=true}}
2026-10-08 21:40:15.208 [reactor-http-nio-5] [39mDEBUG[0;39m [36mo.s.c.g.h.RoutePredicateHandlerMapping[0;39m - [1ceaf9e1-929] Mapped to org.springframework.cloud.gateway.handler.FilteringWebHandler@3f7c6365
2026-10-08 21:40:15.209 [reactor-http-nio-5] [39mDEBUG[0;39m [36mo.s.c.g.handler.FilteringWebHandler[0;39m - Sorted gatewayFilterFactories: [[GatewayFilterAdapter{delegate=org.springframework.cloud.gateway.filter.RemoveCachedBodyFilter@7227926b}, order = -2147483648], [GatewayFilterAdapter{delegate=org.springframework.cloud.gateway.filter.AdaptCachedBodyGlobalFilter@79617c3d}, order = -2147482648], [GatewayFilterAdapter{delegate=com.forvmom.MomentForeverAPIGateway.filter.JwtAuthenticationFilter@35a9e665}, order = -1], [GatewayFilterAdapter{delegate=org.springframework.cloud.gateway.filter.NettyWriteResponseFilter@1b632442}, order = -1], [GatewayFilterAdapter{delegate=org.springframework.cloud.gateway.filter.ForwardPathFilter@57a982f9}, order = 0], [GatewayFilterAdapter{delegate=org.springframework.cloud.gateway.filter.GatewayMetricsFilter@1b69fc07}, order = 0], [[StripPrefix parts = 1], order = 1], [GatewayFilterAdapter{delegate=org.springframework.cloud.gateway.filter.RouteToRequestUrlFilter@2f75a9b1}, order = 10000], [GatewayFilterAdapter{delegate=org.springframework.cloud.gateway.filter.ReactiveLoadBalancerClientFilter@362be0cd}, order = 10150], [GatewayFilterAdapter{delegate=org.springframework.cloud.gateway.filter.LoadBalancerServiceInstanceCookieFilter@2dde0a34}, order = 10151], [GatewayFilterAdapter{delegate=org.springframework.cloud.gateway.filter.WebsocketRoutingFilter@19d3f6ad}, order = 2147483646], [GatewayFilterAdapter{delegate=com.forvmom.MomentForeverAPIGateway.filter.GatewayRequestLoggingFilter@6a04d2a4}, order = 2147483647], [GatewayFilterAdapter{delegate=org.springframework.cloud.gateway.filter.NettyRoutingFilter@61836cd9}, order = 2147483647], [GatewayFilterAdapter{delegate=org.springframework.cloud.gateway.filter.ForwardRoutingFilter@556aed22}, order = 2147483647]]
2026-10-08 21:40:15.218 [reactor-http-nio-6] [39mDEBUG[0;39m [36mo.s.c.g.h.RoutePredicateHandlerMapping[0;39m - Route matched: platform-admin
2026-10-08 21:40:15.218 [reactor-http-nio-6] [39mDEBUG[0;39m [36mo.s.c.g.h.RoutePredicateHandlerMapping[0;39m - Mapping [Exchange: GET http://localhost:8086/api/platform/admin/locations] to Route{id='platform-admin', uri=lb://MOMENT-FOREVER-PLATFORM, order=0, predicate=Paths: [/api/platform/admin/**], match trailing slash: true, gatewayFilters=[[[StripPrefix parts = 1], order = 1]], metadata={requires-auth=true}}
2026-10-08 21:40:15.218 [reactor-http-nio-6] [39mDEBUG[0;39m [36mo.s.c.g.h.RoutePredicateHandlerMapping[0;39m - [d175c016-930] Mapped to org.springframework.cloud.gateway.handler.FilteringWebHandler@3f7c6365
2026-10-08 21:40:15.218 [reactor-http-nio-6] [39mDEBUG[0;39m [36mo.s.c.g.handler.FilteringWebHandler[0;39m - Sorted gatewayFilterFactories: [[GatewayFilterAdapter{delegate=org.springframework.cloud.gateway.filter.RemoveCachedBodyFilter@7227926b}, order = -2147483648], [GatewayFilterAdapter{delegate=org.springframework.cloud.gateway.filter.AdaptCachedBodyGlobalFilter@79617c3d}, order = -2147482648], [GatewayFilterAdapter{delegate=com.forvmom.MomentForeverAPIGateway.filter.JwtAuthenticationFilter@35a9e665}, order = -1], [GatewayFilterAdapter{delegate=org.springframework.cloud.gateway.filter.NettyWriteResponseFilter@1b632442}, order = -1], [GatewayFilterAdapter{delegate=org.springframework.cloud.gateway.filter.ForwardPathFilter@57a982f9}, order = 0], [GatewayFilterAdapter{delegate=org.springframework.cloud.gateway.filter.GatewayMetricsFilter@1b69fc07}, order = 0], [[StripPrefix parts = 1], order = 1], [GatewayFilterAdapter{delegate=org.springframework.cloud.gateway.filter.RouteToRequestUrlFilter@2f75a9b1}, order = 10000], [GatewayFilterAdapter{delegate=org.springframework.cloud.gateway.filter.ReactiveLoadBalancerClientFilter@362be0cd}, order = 10150], [GatewayFilterAdapter{delegate=org.springframework.cloud.gateway.filter.LoadBalancerServiceInstanceCookieFilter@2dde0a34}, order = 10151], [GatewayFilterAdapter{delegate=org.springframework.cloud.gateway.filter.WebsocketRoutingFilter@19d3f6ad}, order = 2147483646], [GatewayFilterAdapter{delegate=com.forvmom.MomentForeverAPIGateway.filter.GatewayRequestLoggingFilter@6a04d2a4}, order = 2147483647], [GatewayFilterAdapter{delegate=org.springframework.cloud.gateway.filter.NettyRoutingFilter@61836cd9}, order = 2147483647], [GatewayFilterAdapter{delegate=org.springframework.cloud.gateway.filter.ForwardRoutingFilter@556aed22}, order = 2147483647]]
2026-10-08 21:40:15.267 [reactor-http-nio-5] [39mDEBUG[0;39m [36mo.s.c.g.f.h.o.ObservedRequestHttpHeadersFilter[0;39m - Will instrument the HTTP request headers [host:"localhost:8086", sec-ch-ua-platform:""Windows"", authorization:"Bearer eyJhbGciOiJIUzI1NiJ9.eyJyb2xlcyI6IlNVUEVSX0FETUlOIiwidXNlcklkIjoxLCJlbmFibGVkIjp0cnVlLCJ1c2VybmFtZSI6InN1cGVyYWRtaW5AY2hlcmlzaHguY29tIiwiYWNjb3VudE5vbkxvY2tlZCI6dHJ1ZSwic3ViIjoic3VwZXJhZG1pbkBjaGVyaXNoeC5jb20iLCJpYXQiOjE3OTE0NjgzMjEsImV4cCI6MTc5MTU1NDcyMSwiaXNzIjoibW9tZW50LWZvcmV2ZXItYXBwIiwiYXVkIjoibW9tZW50LWZvcmV2ZXItY2xpZW50In0.MSh7MAgomTQN20GrkE0ylIFKJcho7PbSp53bCRBE2-Y", sec-ch-ua:""Chromium";v="154", "Microsoft Edge";v="154", "Not A(Brand";v="99"", accesstoken:"eyJhbGciOiJIUzI1NiJ9.eyJyb2xlcyI6IlNVUEVSX0FETUlOIiwidXNlcklkIjoxLCJlbmFibGVkIjp0cnVlLCJ1c2VybmFtZSI6InN1cGVyYWRtaW5AY2hlcmlzaHguY29tIiwiYWNjb3VudE5vbkxvY2tlZCI6dHJ1ZSwic3ViIjoic3VwZXJhZG1pbkBjaGVyaXNoeC5jb20iLCJpYXQiOjE3OTE0NjgzMjEsImV4cCI6MTc5MTU1NDcyMSwiaXNzIjoibW9tZW50LWZvcmV2ZXItYXBwIiwiYXVkIjoibW9tZW50LWZvcmV2ZXItY2xpZW50In0.MSh7MAgomTQN20GrkE0ylIFKJcho7PbSp53bCRBE2-Y", sec-ch-ua-mobile:"?0", x-requested-with:"XMLHttpRequest", x-pm-header:"[object Object]", accept:"application/json", user-agent:"Mozilla/5.0 (Windows NT 10.0; Win64; x64) AppleWebKit/537.36 (KHTML, like Gecko) Chrome/154.0.0.0 Safari/537.36 Edg/154.0.0.0", sec-fetch-site:"same-origin", sec-fetch-mode:"cors", sec-fetch-dest:"empty", referer:"http://localhost:5173/admin/experience", accept-encoding:"gzip, deflate, br, zstd", accept-language:"en-GB,en;q=0.9,en-US;q=0.8,en-IN;q=0.7", X-User-Id:"1", X-User-Roles:"SUPER_ADMIN", Forwarded:"proto=http;host="localhost:8086";for="[0:0:0:0:0:0:0:1]:50658"", X-Forwarded-For:"0:0:0:0:0:0:0:1", X-Forwarded-Proto:"http", X-Forwarded-Prefix:"/api", X-Forwarded-Port:"8086", X-Forwarded-Host:"localhost:8086"]
2026-10-08 21:40:15.267 [reactor-http-nio-12] [39mDEBUG[0;39m [36mo.s.c.g.f.h.o.ObservedResponseHttpHeadersFilter[0;39m - Will instrument the response
2026-10-08 21:40:15.267 [reactor-http-nio-5] [39mDEBUG[0;39m [36mo.s.c.g.f.h.o.ObservedRequestHttpHeadersFilter[0;39m - Client observation  {name=http.client.requests(null), error=null, context=name='http.client.requests', contextualName='null', error='null', lowCardinalityKeyValues=[http.method='GET', http.status_code='UNKNOWN', spring.cloud.gateway.route.id='platform-admin', spring.cloud.gateway.route.uri='lb://MOMENT-FOREVER-PLATFORM'], highCardinalityKeyValues=[http.uri='http://localhost:8086/platform/admin/coupons'], map=[class io.micrometer.core.instrument.Timer$Sample='io.micrometer.core.instrument.Timer$Sample@233f39b', class io.micrometer.core.instrument.LongTaskTimer$Sample='SampleImpl{duration(seconds)=2.119E-4, duration(nanos)=211900.0, startTimeNanos=114820478222600}'], parentObservation={name=http.server.requests(null), error=null, context=name='http.server.requests', contextualName='null', error='null', lowCardinalityKeyValues=[exception='none', method='GET', outcome='SUCCESS', status='200', uri='UNKNOWN'], highCardinalityKeyValues=[http.url='/api/platform/admin/coupons'], map=[class io.micrometer.core.instrument.Timer$Sample='io.micrometer.core.instrument.Timer$Sample@2452f67d', class io.micrometer.core.instrument.LongTaskTimer$Sample='SampleImpl{duration(seconds)=0.0642429, duration(nanos)=6.42429E7, startTimeNanos=114820414364700}'], parentObservation=null}} created for the request. New headers are [host:"localhost:8086", sec-ch-ua-platform:""Windows"", authorization:"Bearer eyJhbGciOiJIUzI1NiJ9.eyJyb2xlcyI6IlNVUEVSX0FETUlOIiwidXNlcklkIjoxLCJlbmFibGVkIjp0cnVlLCJ1c2VybmFtZSI6InN1cGVyYWRtaW5AY2hlcmlzaHguY29tIiwiYWNjb3VudE5vbkxvY2tlZCI6dHJ1ZSwic3ViIjoic3VwZXJhZG1pbkBjaGVyaXNoeC5jb20iLCJpYXQiOjE3OTE0NjgzMjEsImV4cCI6MTc5MTU1NDcyMSwiaXNzIjoibW9tZW50LWZvcmV2ZXItYXBwIiwiYXVkIjoibW9tZW50LWZvcmV2ZXItY2xpZW50In0.MSh7MAgomTQN20GrkE0ylIFKJcho7PbSp53bCRBE2-Y", sec-ch-ua:""Chromium";v="154", "Microsoft Edge";v="154", "Not A(Brand";v="99"", accesstoken:"eyJhbGciOiJIUzI1NiJ9.eyJyb2xlcyI6IlNVUEVSX0FETUlOIiwidXNlcklkIjoxLCJlbmFibGVkIjp0cnVlLCJ1c2VybmFtZSI6InN1cGVyYWRtaW5AY2hlcmlzaHguY29tIiwiYWNjb3VudE5vbkxvY2tlZCI6dHJ1ZSwic3ViIjoic3VwZXJhZG1pbkBjaGVyaXNoeC5jb20iLCJpYXQiOjE3OTE0NjgzMjEsImV4cCI6MTc5MTU1NDcyMSwiaXNzIjoibW9tZW50LWZvcmV2ZXItYXBwIiwiYXVkIjoibW9tZW50LWZvcmV2ZXItY2xpZW50In0.MSh7MAgomTQN20GrkE0ylIFKJcho7PbSp53bCRBE2-Y", sec-ch-ua-mobile:"?0", x-requested-with:"XMLHttpRequest", x-pm-header:"[object Object]", accept:"application/json", user-agent:"Mozilla/5.0 (Windows NT 10.0; Win64; x64) AppleWebKit/537.36 (KHTML, like Gecko) Chrome/154.0.0.0 Safari/537.36 Edg/154.0.0.0", sec-fetch-site:"same-origin", sec-fetch-mode:"cors", sec-fetch-dest:"empty", referer:"http://localhost:5173/admin/experience", accept-encoding:"gzip, deflate, br, zstd", accept-language:"en-GB,en;q=0.9,en-US;q=0.8,en-IN;q=0.7", X-User-Id:"1", X-User-Roles:"SUPER_ADMIN", Forwarded:"proto=http;host="localhost:8086";for="[0:0:0:0:0:0:0:1]:50658"", X-Forwarded-For:"0:0:0:0:0:0:0:1", X-Forwarded-Proto:"http", X-Forwarded-Prefix:"/api", X-Forwarded-Port:"8086", X-Forwarded-Host:"localhost:8086"]
2026-10-08 21:40:15.273 [reactor-http-nio-12] [39mDEBUG[0;39m [36mo.s.c.g.f.h.o.ObservedResponseHttpHeadersFilter[0;39m - The response was handled for observation {name=http.client.requests(null), error=null, context=name='http.client.requests', contextualName='null', error='null', lowCardinalityKeyValues=[http.method='GET', http.status_code='UNKNOWN', spring.cloud.gateway.route.id='platform-admin', spring.cloud.gateway.route.uri='lb://MOMENT-FOREVER-PLATFORM'], highCardinalityKeyValues=[http.uri='http://localhost:8086/platform/admin/subcategories'], map=[class io.micrometer.core.instrument.Timer$Sample='io.micrometer.core.instrument.Timer$Sample@37665b45', class io.micrometer.core.instrument.LongTaskTimer$Sample='SampleImpl{duration(seconds)=0.3008671, duration(nanos)=3.008671E8, startTimeNanos=114820181084800}'], parentObservation={name=http.server.requests(null), error=null, context=name='http.server.requests', contextualName='null', error='null', lowCardinalityKeyValues=[exception='none', method='GET', outcome='SUCCESS', status='200', uri='UNKNOWN'], highCardinalityKeyValues=[http.url='/api/platform/admin/subcategories'], map=[class io.micrometer.core.instrument.Timer$Sample='io.micrometer.core.instrument.Timer$Sample@1a34f975', class io.micrometer.core.instrument.LongTaskTimer$Sample='SampleImpl{duration(seconds)=0.3492461, duration(nanos)=3.492461E8, startTimeNanos=114820132824400}'], parentObservation=null}}
2026-10-08 21:40:15.274 [reactor-http-nio-12] [34mINFO [0;39m [36mc.f.M.f.GatewayRequestLoggingFilter[0;39m - GATEWAY_REQUEST method=GET path=/platform/admin/subcategories routeId=platform-admin target=lb://MOMENT-FOREVER-PLATFORM status=200 durationMs=307 signal=onComplete
2026-10-08 21:40:15.300 [reactor-http-nio-6] [39mDEBUG[0;39m [36mo.s.c.g.f.h.o.ObservedRequestHttpHeadersFilter[0;39m - Will instrument the HTTP request headers [host:"localhost:8086", sec-ch-ua-platform:""Windows"", authorization:"Bearer eyJhbGciOiJIUzI1NiJ9.eyJyb2xlcyI6IlNVUEVSX0FETUlOIiwidXNlcklkIjoxLCJlbmFibGVkIjp0cnVlLCJ1c2VybmFtZSI6InN1cGVyYWRtaW5AY2hlcmlzaHguY29tIiwiYWNjb3VudE5vbkxvY2tlZCI6dHJ1ZSwic3ViIjoic3VwZXJhZG1pbkBjaGVyaXNoeC5jb20iLCJpYXQiOjE3OTE0NjgzMjEsImV4cCI6MTc5MTU1NDcyMSwiaXNzIjoibW9tZW50LWZvcmV2ZXItYXBwIiwiYXVkIjoibW9tZW50LWZvcmV2ZXItY2xpZW50In0.MSh7MAgomTQN20GrkE0ylIFKJcho7PbSp53bCRBE2-Y", sec-ch-ua:""Chromium";v="154", "Microsoft Edge";v="154", "Not A(Brand";v="99"", accesstoken:"eyJhbGciOiJIUzI1NiJ9.eyJyb2xlcyI6IlNVUEVSX0FETUlOIiwidXNlcklkIjoxLCJlbmFibGVkIjp0cnVlLCJ1c2VybmFtZSI6InN1cGVyYWRtaW5AY2hlcmlzaHguY29tIiwiYWNjb3VudE5vbkxvY2tlZCI6dHJ1ZSwic3ViIjoic3VwZXJhZG1pbkBjaGVyaXNoeC5jb20iLCJpYXQiOjE3OTE0NjgzMjEsImV4cCI6MTc5MTU1NDcyMSwiaXNzIjoibW9tZW50LWZvcmV2ZXItYXBwIiwiYXVkIjoibW9tZW50LWZvcmV2ZXItY2xpZW50In0.MSh7MAgomTQN20GrkE0ylIFKJcho7PbSp53bCRBE2-Y", sec-ch-ua-mobile:"?0", x-requested-with:"XMLHttpRequest", x-pm-header:"[object Object]", accept:"application/json", user-agent:"Mozilla/5.0 (Windows NT 10.0; Win64; x64) AppleWebKit/537.36 (KHTML, like Gecko) Chrome/154.0.0.0 Safari/537.36 Edg/154.0.0.0", sec-fetch-site:"same-origin", sec-fetch-mode:"cors", sec-fetch-dest:"empty", referer:"http://localhost:5173/admin/experience", accept-encoding:"gzip, deflate, br, zstd", accept-language:"en-GB,en;q=0.9,en-US;q=0.8,en-IN;q=0.7", X-User-Id:"1", X-User-Roles:"SUPER_ADMIN", Forwarded:"proto=http;host="localhost:8086";for="[0:0:0:0:0:0:0:1]:50661"", X-Forwarded-For:"0:0:0:0:0:0:0:1", X-Forwarded-Proto:"http", X-Forwarded-Prefix:"/api", X-Forwarded-Port:"8086", X-Forwarded-Host:"localhost:8086"]
2026-10-08 21:40:15.304 [reactor-http-nio-6] [39mDEBUG[0;39m [36mo.s.c.g.f.h.o.ObservedRequestHttpHeadersFilter[0;39m - Client observation  {name=http.client.requests(null), error=null, context=name='http.client.requests', contextualName='null', error='null', lowCardinalityKeyValues=[http.method='GET', http.status_code='UNKNOWN', spring.cloud.gateway.route.id='platform-admin', spring.cloud.gateway.route.uri='lb://MOMENT-FOREVER-PLATFORM'], highCardinalityKeyValues=[http.uri='http://localhost:8086/platform/admin/locations'], map=[class io.micrometer.core.instrument.Timer$Sample='io.micrometer.core.instrument.Timer$Sample@a1792fd', class io.micrometer.core.instrument.LongTaskTimer$Sample='SampleImpl{duration(seconds)=0.0016423, duration(nanos)=1642300.0, startTimeNanos=114820509825300}'], parentObservation={name=http.server.requests(null), error=null, context=name='http.server.requests', contextualName='null', error='null', lowCardinalityKeyValues=[exception='none', method='GET', outcome='SUCCESS', status='200', uri='UNKNOWN'], highCardinalityKeyValues=[http.url='/api/platform/admin/locations'], map=[class io.micrometer.core.instrument.Timer$Sample='io.micrometer.core.instrument.Timer$Sample@60d5aa8b', class io.micrometer.core.instrument.LongTaskTimer$Sample='SampleImpl{duration(seconds)=0.0840438, duration(nanos)=8.40438E7, startTimeNanos=114820427849800}'], parentObservation=null}} created for the request. New headers are [host:"localhost:8086", sec-ch-ua-platform:""Windows"", authorization:"Bearer eyJhbGciOiJIUzI1NiJ9.eyJyb2xlcyI6IlNVUEVSX0FETUlOIiwidXNlcklkIjoxLCJlbmFibGVkIjp0cnVlLCJ1c2VybmFtZSI6InN1cGVyYWRtaW5AY2hlcmlzaHguY29tIiwiYWNjb3VudE5vbkxvY2tlZCI6dHJ1ZSwic3ViIjoic3VwZXJhZG1pbkBjaGVyaXNoeC5jb20iLCJpYXQiOjE3OTE0NjgzMjEsImV4cCI6MTc5MTU1NDcyMSwiaXNzIjoibW9tZW50LWZvcmV2ZXItYXBwIiwiYXVkIjoibW9tZW50LWZvcmV2ZXItY2xpZW50In0.MSh7MAgomTQN20GrkE0ylIFKJcho7PbSp53bCRBE2-Y", sec-ch-ua:""Chromium";v="154", "Microsoft Edge";v="154", "Not A(Brand";v="99"", accesstoken:"eyJhbGciOiJIUzI1NiJ9.eyJyb2xlcyI6IlNVUEVSX0FETUlOIiwidXNlcklkIjoxLCJlbmFibGVkIjp0cnVlLCJ1c2VybmFtZSI6InN1cGVyYWRtaW5AY2hlcmlzaHguY29tIiwiYWNjb3VudE5vbkxvY2tlZCI6dHJ1ZSwic3ViIjoic3VwZXJhZG1pbkBjaGVyaXNoeC5jb20iLCJpYXQiOjE3OTE0NjgzMjEsImV4cCI6MTc5MTU1NDcyMSwiaXNzIjoibW9tZW50LWZvcmV2ZXItYXBwIiwiYXVkIjoibW9tZW50LWZvcmV2ZXItY2xpZW50In0.MSh7MAgomTQN20GrkE0ylIFKJcho7PbSp53bCRBE2-Y", sec-ch-ua-mobile:"?0", x-requested-with:"XMLHttpRequest", x-pm-header:"[object Object]", accept:"application/json", user-agent:"Mozilla/5.0 (Windows NT 10.0; Win64; x64) AppleWebKit/537.36 (KHTML, like Gecko) Chrome/154.0.0.0 Safari/537.36 Edg/154.0.0.0", sec-fetch-site:"same-origin", sec-fetch-mode:"cors", sec-fetch-dest:"empty", referer:"http://localhost:5173/admin/experience", accept-encoding:"gzip, deflate, br, zstd", accept-language:"en-GB,en;q=0.9,en-US;q=0.8,en-IN;q=0.7", X-User-Id:"1", X-User-Roles:"SUPER_ADMIN", Forwarded:"proto=http;host="localhost:8086";for="[0:0:0:0:0:0:0:1]:50661"", X-Forwarded-For:"0:0:0:0:0:0:0:1", X-Forwarded-Proto:"http", X-Forwarded-Prefix:"/api", X-Forwarded-Port:"8086", X-Forwarded-Host:"localhost:8086"]
2026-10-08 21:40:15.335 [reactor-http-nio-11] [39mDEBUG[0;39m [36mo.s.c.g.f.h.o.ObservedResponseHttpHeadersFilter[0;39m - Will instrument the response
2026-10-08 21:40:15.335 [reactor-http-nio-3] [39mDEBUG[0;39m [36mo.s.c.g.f.h.o.ObservedResponseHttpHeadersFilter[0;39m - Will instrument the response
2026-10-08 21:40:15.339 [reactor-http-nio-11] [39mDEBUG[0;39m [36mo.s.c.g.f.h.o.ObservedResponseHttpHeadersFilter[0;39m - The response was handled for observation {name=http.client.requests(null), error=null, context=name='http.client.requests', contextualName='null', error='null', lowCardinalityKeyValues=[http.method='GET', http.status_code='UNKNOWN', spring.cloud.gateway.route.id='platform-admin', spring.cloud.gateway.route.uri='lb://MOMENT-FOREVER-PLATFORM'], highCardinalityKeyValues=[http.uri='http://localhost:8086/platform/admin/experiences'], map=[class io.micrometer.core.instrument.Timer$Sample='io.micrometer.core.instrument.Timer$Sample@17ae2e72', class io.micrometer.core.instrument.LongTaskTimer$Sample='SampleImpl{duration(seconds)=0.3666575, duration(nanos)=3.666575E8, startTimeNanos=114820181084700}'], parentObservation={name=http.server.requests(null), error=null, context=name='http.server.requests', contextualName='null', error='null', lowCardinalityKeyValues=[exception='none', method='GET', outcome='SUCCESS', status='200', uri='UNKNOWN'], highCardinalityKeyValues=[http.url='/api/platform/admin/experiences'], map=[class io.micrometer.core.instrument.Timer$Sample='io.micrometer.core.instrument.Timer$Sample@68f77a28', class io.micrometer.core.instrument.LongTaskTimer$Sample='SampleImpl{duration(seconds)=0.4193017, duration(nanos)=4.193017E8, startTimeNanos=114820128562800}'], parentObservation=null}}
2026-10-08 21:40:15.339 [reactor-http-nio-3] [39mDEBUG[0;39m [36mo.s.c.g.f.h.o.ObservedResponseHttpHeadersFilter[0;39m - The response was handled for observation {name=http.client.requests(null), error=null, context=name='http.client.requests', contextualName='null', error='null', lowCardinalityKeyValues=[http.method='GET', http.status_code='UNKNOWN', spring.cloud.gateway.route.id='platform-admin', spring.cloud.gateway.route.uri='lb://MOMENT-FOREVER-PLATFORM'], highCardinalityKeyValues=[http.uri='http://localhost:8086/platform/admin/addons'], map=[class io.micrometer.core.instrument.Timer$Sample='io.micrometer.core.instrument.Timer$Sample@49953418', class io.micrometer.core.instrument.LongTaskTimer$Sample='SampleImpl{duration(seconds)=0.3494556, duration(nanos)=3.494556E8, startTimeNanos=114820198345100}'], parentObservation={name=http.server.requests(null), error=null, context=name='http.server.requests', contextualName='null', error='null', lowCardinalityKeyValues=[exception='none', method='GET', outcome='SUCCESS', status='200', uri='UNKNOWN'], highCardinalityKeyValues=[http.url='/api/platform/admin/addons'], map=[class io.micrometer.core.instrument.Timer$Sample='io.micrometer.core.instrument.Timer$Sample@6305b639', class io.micrometer.core.instrument.LongTaskTimer$Sample='SampleImpl{duration(seconds)=0.4076615, duration(nanos)=4.076615E8, startTimeNanos=114820140257400}'], parentObservation=null}}
2026-10-08 21:40:15.339 [reactor-http-nio-11] [34mINFO [0;39m [36mc.f.M.f.GatewayRequestLoggingFilter[0;39m - GATEWAY_REQUEST method=GET path=/platform/admin/experiences routeId=platform-admin target=lb://MOMENT-FOREVER-PLATFORM status=200 durationMs=372 signal=onComplete
2026-10-08 21:40:15.339 [reactor-http-nio-3] [34mINFO [0;39m [36mc.f.M.f.GatewayRequestLoggingFilter[0;39m - GATEWAY_REQUEST method=GET path=/platform/admin/addons routeId=platform-admin target=lb://MOMENT-FOREVER-PLATFORM status=200 durationMs=350 signal=onComplete
2026-10-08 21:40:15.485 [reactor-http-nio-4] [39mDEBUG[0;39m [36mo.s.c.g.f.h.o.ObservedResponseHttpHeadersFilter[0;39m - Will instrument the response
2026-10-08 21:40:15.485 [reactor-http-nio-4] [39mDEBUG[0;39m [36mo.s.c.g.f.h.o.ObservedResponseHttpHeadersFilter[0;39m - The response was handled for observation {name=http.client.requests(null), error=null, context=name='http.client.requests', contextualName='null', error='null', lowCardinalityKeyValues=[http.method='GET', http.status_code='UNKNOWN', spring.cloud.gateway.route.id='platform-admin', spring.cloud.gateway.route.uri='lb://MOMENT-FOREVER-PLATFORM'], highCardinalityKeyValues=[http.uri='http://localhost:8086/platform/admin/coupons'], map=[class io.micrometer.core.instrument.Timer$Sample='io.micrometer.core.instrument.Timer$Sample@233f39b', class io.micrometer.core.instrument.LongTaskTimer$Sample='SampleImpl{duration(seconds)=0.2151154, duration(nanos)=2.151154E8, startTimeNanos=114820478222600}'], parentObservation={name=http.server.requests(null), error=null, context=name='http.server.requests', contextualName='null', error='null', lowCardinalityKeyValues=[exception='none', method='GET', outcome='SUCCESS', status='200', uri='UNKNOWN'], highCardinalityKeyValues=[http.url='/api/platform/admin/coupons'], map=[class io.micrometer.core.instrument.Timer$Sample='io.micrometer.core.instrument.Timer$Sample@2452f67d', class io.micrometer.core.instrument.LongTaskTimer$Sample='SampleImpl{duration(seconds)=0.2790855, duration(nanos)=2.790855E8, startTimeNanos=114820414364700}'], parentObservation=null}}
2026-10-08 21:40:15.485 [reactor-http-nio-4] [34mINFO [0;39m [36mc.f.M.f.GatewayRequestLoggingFilter[0;39m - GATEWAY_REQUEST method=GET path=/platform/admin/coupons routeId=platform-admin target=lb://MOMENT-FOREVER-PLATFORM status=200 durationMs=235 signal=onComplete
2026-10-08 21:40:15.537 [reactor-http-nio-1] [39mDEBUG[0;39m [36mo.s.c.g.f.h.o.ObservedResponseHttpHeadersFilter[0;39m - Will instrument the response
2026-10-08 21:40:15.539 [reactor-http-nio-1] [39mDEBUG[0;39m [36mo.s.c.g.f.h.o.ObservedResponseHttpHeadersFilter[0;39m - The response was handled for observation {name=http.client.requests(null), error=null, context=name='http.client.requests', contextualName='null', error='null', lowCardinalityKeyValues=[http.method='GET', http.status_code='UNKNOWN', spring.cloud.gateway.route.id='platform-admin', spring.cloud.gateway.route.uri='lb://MOMENT-FOREVER-PLATFORM'], highCardinalityKeyValues=[http.uri='http://localhost:8086/platform/admin/locations'], map=[class io.micrometer.core.instrument.Timer$Sample='io.micrometer.core.instrument.Timer$Sample@a1792fd', class io.micrometer.core.instrument.LongTaskTimer$Sample='SampleImpl{duration(seconds)=0.2370915, duration(nanos)=2.370915E8, startTimeNanos=114820509825300}'], parentObservation={name=http.server.requests(null), error=null, context=name='http.server.requests', contextualName='null', error='null', lowCardinalityKeyValues=[exception='none', method='GET', outcome='SUCCESS', status='200', uri='UNKNOWN'], highCardinalityKeyValues=[http.url='/api/platform/admin/locations'], map=[class io.micrometer.core.instrument.Timer$Sample='io.micrometer.core.instrument.Timer$Sample@60d5aa8b', class io.micrometer.core.instrument.LongTaskTimer$Sample='SampleImpl{duration(seconds)=0.3191299, duration(nanos)=3.191299E8, startTimeNanos=114820427849800}'], parentObservation=null}}
2026-10-08 21:40:15.539 [reactor-http-nio-1] [34mINFO [0;39m [36mc.f.M.f.GatewayRequestLoggingFilter[0;39m - GATEWAY_REQUEST method=GET path=/platform/admin/locations routeId=platform-admin target=lb://MOMENT-FOREVER-PLATFORM status=200 durationMs=248 signal=onComplete
2026-10-08 21:40:26.014 [reactor-http-nio-8] [39mDEBUG[0;39m [36mo.s.c.g.h.RoutePredicateHandlerMapping[0;39m - Route matched: platform-admin
2026-10-08 21:40:26.014 [reactor-http-nio-8] [39mDEBUG[0;39m [36mo.s.c.g.h.RoutePredicateHandlerMapping[0;39m - Mapping [Exchange: GET http://localhost:8086/api/platform/admin/locations] to Route{id='platform-admin', uri=lb://MOMENT-FOREVER-PLATFORM, order=0, predicate=Paths: [/api/platform/admin/**], match trailing slash: true, gatewayFilters=[[[StripPrefix parts = 1], order = 1]], metadata={requires-auth=true}}
2026-10-08 21:40:26.014 [reactor-http-nio-8] [39mDEBUG[0;39m [36mo.s.c.g.h.RoutePredicateHandlerMapping[0;39m - [faf4898a-932] Mapped to org.springframework.cloud.gateway.handler.FilteringWebHandler@3f7c6365
2026-10-08 21:40:26.016 [reactor-http-nio-8] [39mDEBUG[0;39m [36mo.s.c.g.handler.FilteringWebHandler[0;39m - Sorted gatewayFilterFactories: [[GatewayFilterAdapter{delegate=org.springframework.cloud.gateway.filter.RemoveCachedBodyFilter@7227926b}, order = -2147483648], [GatewayFilterAdapter{delegate=org.springframework.cloud.gateway.filter.AdaptCachedBodyGlobalFilter@79617c3d}, order = -2147482648], [GatewayFilterAdapter{delegate=com.forvmom.MomentForeverAPIGateway.filter.JwtAuthenticationFilter@35a9e665}, order = -1], [GatewayFilterAdapter{delegate=org.springframework.cloud.gateway.filter.NettyWriteResponseFilter@1b632442}, order = -1], [GatewayFilterAdapter{delegate=org.springframework.cloud.gateway.filter.ForwardPathFilter@57a982f9}, order = 0], [GatewayFilterAdapter{delegate=org.springframework.cloud.gateway.filter.GatewayMetricsFilter@1b69fc07}, order = 0], [[StripPrefix parts = 1], order = 1], [GatewayFilterAdapter{delegate=org.springframework.cloud.gateway.filter.RouteToRequestUrlFilter@2f75a9b1}, order = 10000], [GatewayFilterAdapter{delegate=org.springframework.cloud.gateway.filter.ReactiveLoadBalancerClientFilter@362be0cd}, order = 10150], [GatewayFilterAdapter{delegate=org.springframework.cloud.gateway.filter.LoadBalancerServiceInstanceCookieFilter@2dde0a34}, order = 10151], [GatewayFilterAdapter{delegate=org.springframework.cloud.gateway.filter.WebsocketRoutingFilter@19d3f6ad}, order = 2147483646], [GatewayFilterAdapter{delegate=com.forvmom.MomentForeverAPIGateway.filter.GatewayRequestLoggingFilter@6a04d2a4}, order = 2147483647], [GatewayFilterAdapter{delegate=org.springframework.cloud.gateway.filter.NettyRoutingFilter@61836cd9}, order = 2147483647], [GatewayFilterAdapter{delegate=org.springframework.cloud.gateway.filter.ForwardRoutingFilter@556aed22}, order = 2147483647]]
2026-10-08 21:40:26.028 [reactor-http-nio-9] [39mDEBUG[0;39m [36mo.s.c.g.h.RoutePredicateHandlerMapping[0;39m - Route matched: platform-admin
2026-10-08 21:40:26.028 [reactor-http-nio-10] [39mDEBUG[0;39m [36mo.s.c.g.h.RoutePredicateHandlerMapping[0;39m - Route matched: platform-admin
2026-10-08 21:40:26.028 [reactor-http-nio-9] [39mDEBUG[0;39m [36mo.s.c.g.h.RoutePredicateHandlerMapping[0;39m - Mapping [Exchange: GET http://localhost:8086/api/platform/admin/subcategories] to Route{id='platform-admin', uri=lb://MOMENT-FOREVER-PLATFORM, order=0, predicate=Paths: [/api/platform/admin/**], match trailing slash: true, gatewayFilters=[[[StripPrefix parts = 1], order = 1]], metadata={requires-auth=true}}
2026-10-08 21:40:26.028 [reactor-http-nio-10] [39mDEBUG[0;39m [36mo.s.c.g.h.RoutePredicateHandlerMapping[0;39m - Mapping [Exchange: GET http://localhost:8086/api/platform/admin/categories] to Route{id='platform-admin', uri=lb://MOMENT-FOREVER-PLATFORM, order=0, predicate=Paths: [/api/platform/admin/**], match trailing slash: true, gatewayFilters=[[[StripPrefix parts = 1], order = 1]], metadata={requires-auth=true}}
2026-10-08 21:40:26.028 [reactor-http-nio-9] [39mDEBUG[0;39m [36mo.s.c.g.h.RoutePredicateHandlerMapping[0;39m - [2bfec45f-933] Mapped to org.springframework.cloud.gateway.handler.FilteringWebHandler@3f7c6365
2026-10-08 21:40:26.028 [reactor-http-nio-10] [39mDEBUG[0;39m [36mo.s.c.g.h.RoutePredicateHandlerMapping[0;39m - [3cceec37-934] Mapped to org.springframework.cloud.gateway.handler.FilteringWebHandler@3f7c6365
2026-10-08 21:40:26.028 [reactor-http-nio-10] [39mDEBUG[0;39m [36mo.s.c.g.handler.FilteringWebHandler[0;39m - Sorted gatewayFilterFactories: [[GatewayFilterAdapter{delegate=org.springframework.cloud.gateway.filter.RemoveCachedBodyFilter@7227926b}, order = -2147483648], [GatewayFilterAdapter{delegate=org.springframework.cloud.gateway.filter.AdaptCachedBodyGlobalFilter@79617c3d}, order = -2147482648], [GatewayFilterAdapter{delegate=com.forvmom.MomentForeverAPIGateway.filter.JwtAuthenticationFilter@35a9e665}, order = -1], [GatewayFilterAdapter{delegate=org.springframework.cloud.gateway.filter.NettyWriteResponseFilter@1b632442}, order = -1], [GatewayFilterAdapter{delegate=org.springframework.cloud.gateway.filter.ForwardPathFilter@57a982f9}, order = 0], [GatewayFilterAdapter{delegate=org.springframework.cloud.gateway.filter.GatewayMetricsFilter@1b69fc07}, order = 0], [[StripPrefix parts = 1], order = 1], [GatewayFilterAdapter{delegate=org.springframework.cloud.gateway.filter.RouteToRequestUrlFilter@2f75a9b1}, order = 10000], [GatewayFilterAdapter{delegate=org.springframework.cloud.gateway.filter.ReactiveLoadBalancerClientFilter@362be0cd}, order = 10150], [GatewayFilterAdapter{delegate=org.springframework.cloud.gateway.filter.LoadBalancerServiceInstanceCookieFilter@2dde0a34}, order = 10151], [GatewayFilterAdapter{delegate=org.springframework.cloud.gateway.filter.WebsocketRoutingFilter@19d3f6ad}, order = 2147483646], [GatewayFilterAdapter{delegate=com.forvmom.MomentForeverAPIGateway.filter.GatewayRequestLoggingFilter@6a04d2a4}, order = 2147483647], [GatewayFilterAdapter{delegate=org.springframework.cloud.gateway.filter.NettyRoutingFilter@61836cd9}, order = 2147483647], [GatewayFilterAdapter{delegate=org.springframework.cloud.gateway.filter.ForwardRoutingFilter@556aed22}, order = 2147483647]]
2026-10-08 21:40:26.028 [reactor-http-nio-9] [39mDEBUG[0;39m [36mo.s.c.g.handler.FilteringWebHandler[0;39m - Sorted gatewayFilterFactories: [[GatewayFilterAdapter{delegate=org.springframework.cloud.gateway.filter.RemoveCachedBodyFilter@7227926b}, order = -2147483648], [GatewayFilterAdapter{delegate=org.springframework.cloud.gateway.filter.AdaptCachedBodyGlobalFilter@79617c3d}, order = -2147482648], [GatewayFilterAdapter{delegate=com.forvmom.MomentForeverAPIGateway.filter.JwtAuthenticationFilter@35a9e665}, order = -1], [GatewayFilterAdapter{delegate=org.springframework.cloud.gateway.filter.NettyWriteResponseFilter@1b632442}, order = -1], [GatewayFilterAdapter{delegate=org.springframework.cloud.gateway.filter.ForwardPathFilter@57a982f9}, order = 0], [GatewayFilterAdapter{delegate=org.springframework.cloud.gateway.filter.GatewayMetricsFilter@1b69fc07}, order = 0], [[StripPrefix parts = 1], order = 1], [GatewayFilterAdapter{delegate=org.springframework.cloud.gateway.filter.RouteToRequestUrlFilter@2f75a9b1}, order = 10000], [GatewayFilterAdapter{delegate=org.springframework.cloud.gateway.filter.ReactiveLoadBalancerClientFilter@362be0cd}, order = 10150], [GatewayFilterAdapter{delegate=org.springframework.cloud.gateway.filter.LoadBalancerServiceInstanceCookieFilter@2dde0a34}, order = 10151], [GatewayFilterAdapter{delegate=org.springframework.cloud.gateway.filter.WebsocketRoutingFilter@19d3f6ad}, order = 2147483646], [GatewayFilterAdapter{delegate=com.forvmom.MomentForeverAPIGateway.filter.GatewayRequestLoggingFilter@6a04d2a4}, order = 2147483647], [GatewayFilterAdapter{delegate=org.springframework.cloud.gateway.filter.NettyRoutingFilter@61836cd9}, order = 2147483647], [GatewayFilterAdapter{delegate=org.springframework.cloud.gateway.filter.ForwardRoutingFilter@556aed22}, order = 2147483647]]
2026-10-08 21:40:26.053 [boundedElastic-12] [39mDEBUG[0;39m [36mo.s.c.g.f.h.o.ObservedRequestHttpHeadersFilter[0;39m - Will instrument the HTTP request headers [host:"localhost:8086", sec-ch-ua-platform:""Windows"", authorization:"Bearer eyJhbGciOiJIUzI1NiJ9.eyJyb2xlcyI6IlNVUEVSX0FETUlOIiwidXNlcklkIjoxLCJlbmFibGVkIjp0cnVlLCJ1c2VybmFtZSI6InN1cGVyYWRtaW5AY2hlcmlzaHguY29tIiwiYWNjb3VudE5vbkxvY2tlZCI6dHJ1ZSwic3ViIjoic3VwZXJhZG1pbkBjaGVyaXNoeC5jb20iLCJpYXQiOjE3OTE0NjgzMjEsImV4cCI6MTc5MTU1NDcyMSwiaXNzIjoibW9tZW50LWZvcmV2ZXItYXBwIiwiYXVkIjoibW9tZW50LWZvcmV2ZXItY2xpZW50In0.MSh7MAgomTQN20GrkE0ylIFKJcho7PbSp53bCRBE2-Y", sec-ch-ua:""Chromium";v="154", "Microsoft Edge";v="154", "Not A(Brand";v="99"", accesstoken:"eyJhbGciOiJIUzI1NiJ9.eyJyb2xlcyI6IlNVUEVSX0FETUlOIiwidXNlcklkIjoxLCJlbmFibGVkIjp0cnVlLCJ1c2VybmFtZSI6InN1cGVyYWRtaW5AY2hlcmlzaHguY29tIiwiYWNjb3VudE5vbkxvY2tlZCI6dHJ1ZSwic3ViIjoic3VwZXJhZG1pbkBjaGVyaXNoeC5jb20iLCJpYXQiOjE3OTE0NjgzMjEsImV4cCI6MTc5MTU1NDcyMSwiaXNzIjoibW9tZW50LWZvcmV2ZXItYXBwIiwiYXVkIjoibW9tZW50LWZvcmV2ZXItY2xpZW50In0.MSh7MAgomTQN20GrkE0ylIFKJcho7PbSp53bCRBE2-Y", sec-ch-ua-mobile:"?0", x-requested-with:"XMLHttpRequest", x-pm-header:"[object Object]", accept:"application/json", user-agent:"Mozilla/5.0 (Windows NT 10.0; Win64; x64) AppleWebKit/537.36 (KHTML, like Gecko) Chrome/154.0.0.0 Safari/537.36 Edg/154.0.0.0", sec-fetch-site:"same-origin", sec-fetch-mode:"cors", sec-fetch-dest:"empty", referer:"http://localhost:5173/admin/locations", accept-encoding:"gzip, deflate, br, zstd", accept-language:"en-GB,en;q=0.9,en-US;q=0.8,en-IN;q=0.7", X-User-Id:"1", X-User-Roles:"SUPER_ADMIN", Forwarded:"proto=http;host="localhost:8086";for="[0:0:0:0:0:0:0:1]:62187"", X-Forwarded-For:"0:0:0:0:0:0:0:1", X-Forwarded-Proto:"http", X-Forwarded-Prefix:"/api", X-Forwarded-Port:"8086", X-Forwarded-Host:"localhost:8086"]
2026-10-08 21:40:26.053 [boundedElastic-14] [39mDEBUG[0;39m [36mo.s.c.g.f.h.o.ObservedRequestHttpHeadersFilter[0;39m - Will instrument the HTTP request headers [host:"localhost:8086", sec-ch-ua-platform:""Windows"", authorization:"Bearer eyJhbGciOiJIUzI1NiJ9.eyJyb2xlcyI6IlNVUEVSX0FETUlOIiwidXNlcklkIjoxLCJlbmFibGVkIjp0cnVlLCJ1c2VybmFtZSI6InN1cGVyYWRtaW5AY2hlcmlzaHguY29tIiwiYWNjb3VudE5vbkxvY2tlZCI6dHJ1ZSwic3ViIjoic3VwZXJhZG1pbkBjaGVyaXNoeC5jb20iLCJpYXQiOjE3OTE0NjgzMjEsImV4cCI6MTc5MTU1NDcyMSwiaXNzIjoibW9tZW50LWZvcmV2ZXItYXBwIiwiYXVkIjoibW9tZW50LWZvcmV2ZXItY2xpZW50In0.MSh7MAgomTQN20GrkE0ylIFKJcho7PbSp53bCRBE2-Y", sec-ch-ua:""Chromium";v="154", "Microsoft Edge";v="154", "Not A(Brand";v="99"", accesstoken:"eyJhbGciOiJIUzI1NiJ9.eyJyb2xlcyI6IlNVUEVSX0FETUlOIiwidXNlcklkIjoxLCJlbmFibGVkIjp0cnVlLCJ1c2VybmFtZSI6InN1cGVyYWRtaW5AY2hlcmlzaHguY29tIiwiYWNjb3VudE5vbkxvY2tlZCI6dHJ1ZSwic3ViIjoic3VwZXJhZG1pbkBjaGVyaXNoeC5jb20iLCJpYXQiOjE3OTE0NjgzMjEsImV4cCI6MTc5MTU1NDcyMSwiaXNzIjoibW9tZW50LWZvcmV2ZXItYXBwIiwiYXVkIjoibW9tZW50LWZvcmV2ZXItY2xpZW50In0.MSh7MAgomTQN20GrkE0ylIFKJcho7PbSp53bCRBE2-Y", sec-ch-ua-mobile:"?0", x-requested-with:"XMLHttpRequest", x-pm-header:"[object Object]", accept:"application/json", user-agent:"Mozilla/5.0 (Windows NT 10.0; Win64; x64) AppleWebKit/537.36 (KHTML, like Gecko) Chrome/154.0.0.0 Safari/537.36 Edg/154.0.0.0", sec-fetch-site:"same-origin", sec-fetch-mode:"cors", sec-fetch-dest:"empty", referer:"http://localhost:5173/admin/locations", accept-encoding:"gzip, deflate, br, zstd", accept-language:"en-GB,en;q=0.9,en-US;q=0.8,en-IN;q=0.7", X-User-Id:"1", X-User-Roles:"SUPER_ADMIN", Forwarded:"proto=http;host="localhost:8086";for="[0:0:0:0:0:0:0:1]:62195"", X-Forwarded-For:"0:0:0:0:0:0:0:1", X-Forwarded-Proto:"http", X-Forwarded-Prefix:"/api", X-Forwarded-Port:"8086", X-Forwarded-Host:"localhost:8086"]
2026-10-08 21:40:26.055 [boundedElastic-12] [39mDEBUG[0;39m [36mo.s.c.g.f.h.o.ObservedRequestHttpHeadersFilter[0;39m - Client observation  {name=http.client.requests(null), error=null, context=name='http.client.requests', contextualName='null', error='null', lowCardinalityKeyValues=[http.method='GET', http.status_code='UNKNOWN', spring.cloud.gateway.route.id='platform-admin', spring.cloud.gateway.route.uri='lb://MOMENT-FOREVER-PLATFORM'], highCardinalityKeyValues=[http.uri='http://localhost:8086/platform/admin/locations'], map=[class io.micrometer.core.instrument.Timer$Sample='io.micrometer.core.instrument.Timer$Sample@1bf20d0', class io.micrometer.core.instrument.LongTaskTimer$Sample='SampleImpl{duration(seconds)=8.41E-5, duration(nanos)=84100.0, startTimeNanos=114831262608900}'], parentObservation={name=http.server.requests(null), error=null, context=name='http.server.requests', contextualName='null', error='null', lowCardinalityKeyValues=[exception='none', method='GET', outcome='SUCCESS', status='200', uri='UNKNOWN'], highCardinalityKeyValues=[http.url='/api/platform/admin/locations'], map=[class io.micrometer.core.instrument.Timer$Sample='io.micrometer.core.instrument.Timer$Sample@15822ab0', class io.micrometer.core.instrument.LongTaskTimer$Sample='SampleImpl{duration(seconds)=0.0399245, duration(nanos)=3.99245E7, startTimeNanos=114831222877000}'], parentObservation=null}} created for the request. New headers are [host:"localhost:8086", sec-ch-ua-platform:""Windows"", authorization:"Bearer eyJhbGciOiJIUzI1NiJ9.eyJyb2xlcyI6IlNVUEVSX0FETUlOIiwidXNlcklkIjoxLCJlbmFibGVkIjp0cnVlLCJ1c2VybmFtZSI6InN1cGVyYWRtaW5AY2hlcmlzaHguY29tIiwiYWNjb3VudE5vbkxvY2tlZCI6dHJ1ZSwic3ViIjoic3VwZXJhZG1pbkBjaGVyaXNoeC5jb20iLCJpYXQiOjE3OTE0NjgzMjEsImV4cCI6MTc5MTU1NDcyMSwiaXNzIjoibW9tZW50LWZvcmV2ZXItYXBwIiwiYXVkIjoibW9tZW50LWZvcmV2ZXItY2xpZW50In0.MSh7MAgomTQN20GrkE0ylIFKJcho7PbSp53bCRBE2-Y", sec-ch-ua:""Chromium";v="154", "Microsoft Edge";v="154", "Not A(Brand";v="99"", accesstoken:"eyJhbGciOiJIUzI1NiJ9.eyJyb2xlcyI6IlNVUEVSX0FETUlOIiwidXNlcklkIjoxLCJlbmFibGVkIjp0cnVlLCJ1c2VybmFtZSI6InN1cGVyYWRtaW5AY2hlcmlzaHguY29tIiwiYWNjb3VudE5vbkxvY2tlZCI6dHJ1ZSwic3ViIjoic3VwZXJhZG1pbkBjaGVyaXNoeC5jb20iLCJpYXQiOjE3OTE0NjgzMjEsImV4cCI6MTc5MTU1NDcyMSwiaXNzIjoibW9tZW50LWZvcmV2ZXItYXBwIiwiYXVkIjoibW9tZW50LWZvcmV2ZXItY2xpZW50In0.MSh7MAgomTQN20GrkE0ylIFKJcho7PbSp53bCRBE2-Y", sec-ch-ua-mobile:"?0", x-requested-with:"XMLHttpRequest", x-pm-header:"[object Object]", accept:"application/json", user-agent:"Mozilla/5.0 (Windows NT 10.0; Win64; x64) AppleWebKit/537.36 (KHTML, like Gecko) Chrome/154.0.0.0 Safari/537.36 Edg/154.0.0.0", sec-fetch-site:"same-origin", sec-fetch-mode:"cors", sec-fetch-dest:"empty", referer:"http://localhost:5173/admin/locations", accept-encoding:"gzip, deflate, br, zstd", accept-language:"en-GB,en;q=0.9,en-US;q=0.8,en-IN;q=0.7", X-User-Id:"1", X-User-Roles:"SUPER_ADMIN", Forwarded:"proto=http;host="localhost:8086";for="[0:0:0:0:0:0:0:1]:62187"", X-Forwarded-For:"0:0:0:0:0:0:0:1", X-Forwarded-Proto:"http", X-Forwarded-Prefix:"/api", X-Forwarded-Port:"8086", X-Forwarded-Host:"localhost:8086"]
2026-10-08 21:40:26.055 [boundedElastic-14] [39mDEBUG[0;39m [36mo.s.c.g.f.h.o.ObservedRequestHttpHeadersFilter[0;39m - Client observation  {name=http.client.requests(null), error=null, context=name='http.client.requests', contextualName='null', error='null', lowCardinalityKeyValues=[http.method='GET', http.status_code='UNKNOWN', spring.cloud.gateway.route.id='platform-admin', spring.cloud.gateway.route.uri='lb://MOMENT-FOREVER-PLATFORM'], highCardinalityKeyValues=[http.uri='http://localhost:8086/platform/admin/categories'], map=[class io.micrometer.core.instrument.Timer$Sample='io.micrometer.core.instrument.Timer$Sample@59ff2ba3', class io.micrometer.core.instrument.LongTaskTimer$Sample='SampleImpl{duration(seconds)=6.51E-5, duration(nanos)=65100.0, startTimeNanos=114831262947600}'], parentObservation={name=http.server.requests(null), error=null, context=name='http.server.requests', contextualName='null', error='null', lowCardinalityKeyValues=[exception='none', method='GET', outcome='SUCCESS', status='200', uri='UNKNOWN'], highCardinalityKeyValues=[http.url='/api/platform/admin/categories'], map=[class io.micrometer.core.instrument.Timer$Sample='io.micrometer.core.instrument.Timer$Sample@ef48c29', class io.micrometer.core.instrument.LongTaskTimer$Sample='SampleImpl{duration(seconds)=0.0260735, duration(nanos)=2.60735E7, startTimeNanos=114831237144000}'], parentObservation=null}} created for the request. New headers are [host:"localhost:8086", sec-ch-ua-platform:""Windows"", authorization:"Bearer eyJhbGciOiJIUzI1NiJ9.eyJyb2xlcyI6IlNVUEVSX0FETUlOIiwidXNlcklkIjoxLCJlbmFibGVkIjp0cnVlLCJ1c2VybmFtZSI6InN1cGVyYWRtaW5AY2hlcmlzaHguY29tIiwiYWNjb3VudE5vbkxvY2tlZCI6dHJ1ZSwic3ViIjoic3VwZXJhZG1pbkBjaGVyaXNoeC5jb20iLCJpYXQiOjE3OTE0NjgzMjEsImV4cCI6MTc5MTU1NDcyMSwiaXNzIjoibW9tZW50LWZvcmV2ZXItYXBwIiwiYXVkIjoibW9tZW50LWZvcmV2ZXItY2xpZW50In0.MSh7MAgomTQN20GrkE0ylIFKJcho7PbSp53bCRBE2-Y", sec-ch-ua:""Chromium";v="154", "Microsoft Edge";v="154", "Not A(Brand";v="99"", accesstoken:"eyJhbGciOiJIUzI1NiJ9.eyJyb2xlcyI6IlNVUEVSX0FETUlOIiwidXNlcklkIjoxLCJlbmFibGVkIjp0cnVlLCJ1c2VybmFtZSI6InN1cGVyYWRtaW5AY2hlcmlzaHguY29tIiwiYWNjb3VudE5vbkxvY2tlZCI6dHJ1ZSwic3ViIjoic3VwZXJhZG1pbkBjaGVyaXNoeC5jb20iLCJpYXQiOjE3OTE0NjgzMjEsImV4cCI6MTc5MTU1NDcyMSwiaXNzIjoibW9tZW50LWZvcmV2ZXItYXBwIiwiYXVkIjoibW9tZW50LWZvcmV2ZXItY2xpZW50In0.MSh7MAgomTQN20GrkE0ylIFKJcho7PbSp53bCRBE2-Y", sec-ch-ua-mobile:"?0", x-requested-with:"XMLHttpRequest", x-pm-header:"[object Object]", accept:"application/json", user-agent:"Mozilla/5.0 (Windows NT 10.0; Win64; x64) AppleWebKit/537.36 (KHTML, like Gecko) Chrome/154.0.0.0 Safari/537.36 Edg/154.0.0.0", sec-fetch-site:"same-origin", sec-fetch-mode:"cors", sec-fetch-dest:"empty", referer:"http://localhost:5173/admin/locations", accept-encoding:"gzip, deflate, br, zstd", accept-language:"en-GB,en;q=0.9,en-US;q=0.8,en-IN;q=0.7", X-User-Id:"1", X-User-Roles:"SUPER_ADMIN", Forwarded:"proto=http;host="localhost:8086";for="[0:0:0:0:0:0:0:1]:62195"", X-Forwarded-For:"0:0:0:0:0:0:0:1", X-Forwarded-Proto:"http", X-Forwarded-Prefix:"/api", X-Forwarded-Port:"8086", X-Forwarded-Host:"localhost:8086"]
2026-10-08 21:40:26.059 [boundedElastic-18] [39mDEBUG[0;39m [36mo.s.c.g.f.h.o.ObservedRequestHttpHeadersFilter[0;39m - Will instrument the HTTP request headers [host:"localhost:8086", sec-ch-ua-platform:""Windows"", authorization:"Bearer eyJhbGciOiJIUzI1NiJ9.eyJyb2xlcyI6IlNVUEVSX0FETUlOIiwidXNlcklkIjoxLCJlbmFibGVkIjp0cnVlLCJ1c2VybmFtZSI6InN1cGVyYWRtaW5AY2hlcmlzaHguY29tIiwiYWNjb3VudE5vbkxvY2tlZCI6dHJ1ZSwic3ViIjoic3VwZXJhZG1pbkBjaGVyaXNoeC5jb20iLCJpYXQiOjE3OTE0NjgzMjEsImV4cCI6MTc5MTU1NDcyMSwiaXNzIjoibW9tZW50LWZvcmV2ZXItYXBwIiwiYXVkIjoibW9tZW50LWZvcmV2ZXItY2xpZW50In0.MSh7MAgomTQN20GrkE0ylIFKJcho7PbSp53bCRBE2-Y", sec-ch-ua:""Chromium";v="154", "Microsoft Edge";v="154", "Not A(Brand";v="99"", accesstoken:"eyJhbGciOiJIUzI1NiJ9.eyJyb2xlcyI6IlNVUEVSX0FETUlOIiwidXNlcklkIjoxLCJlbmFibGVkIjp0cnVlLCJ1c2VybmFtZSI6InN1cGVyYWRtaW5AY2hlcmlzaHguY29tIiwiYWNjb3VudE5vbkxvY2tlZCI6dHJ1ZSwic3ViIjoic3VwZXJhZG1pbkBjaGVyaXNoeC5jb20iLCJpYXQiOjE3OTE0NjgzMjEsImV4cCI6MTc5MTU1NDcyMSwiaXNzIjoibW9tZW50LWZvcmV2ZXItYXBwIiwiYXVkIjoibW9tZW50LWZvcmV2ZXItY2xpZW50In0.MSh7MAgomTQN20GrkE0ylIFKJcho7PbSp53bCRBE2-Y", sec-ch-ua-mobile:"?0", x-requested-with:"XMLHttpRequest", x-pm-header:"[object Object]", accept:"application/json", user-agent:"Mozilla/5.0 (Windows NT 10.0; Win64; x64) AppleWebKit/537.36 (KHTML, like Gecko) Chrome/154.0.0.0 Safari/537.36 Edg/154.0.0.0", sec-fetch-site:"same-origin", sec-fetch-mode:"cors", sec-fetch-dest:"empty", referer:"http://localhost:5173/admin/locations", accept-encoding:"gzip, deflate, br, zstd", accept-language:"en-GB,en;q=0.9,en-US;q=0.8,en-IN;q=0.7", X-User-Id:"1", X-User-Roles:"SUPER_ADMIN", Forwarded:"proto=http;host="localhost:8086";for="[0:0:0:0:0:0:0:1]:62194"", X-Forwarded-For:"0:0:0:0:0:0:0:1", X-Forwarded-Proto:"http", X-Forwarded-Prefix:"/api", X-Forwarded-Port:"8086", X-Forwarded-Host:"localhost:8086"]
2026-10-08 21:40:26.060 [boundedElastic-18] [39mDEBUG[0;39m [36mo.s.c.g.f.h.o.ObservedRequestHttpHeadersFilter[0;39m - Client observation  {name=http.client.requests(null), error=null, context=name='http.client.requests', contextualName='null', error='null', lowCardinalityKeyValues=[http.method='GET', http.status_code='UNKNOWN', spring.cloud.gateway.route.id='platform-admin', spring.cloud.gateway.route.uri='lb://MOMENT-FOREVER-PLATFORM'], highCardinalityKeyValues=[http.uri='http://localhost:8086/platform/admin/subcategories'], map=[class io.micrometer.core.instrument.Timer$Sample='io.micrometer.core.instrument.Timer$Sample@779d3606', class io.micrometer.core.instrument.LongTaskTimer$Sample='SampleImpl{duration(seconds)=1.289E-4, duration(nanos)=128900.0, startTimeNanos=114831267555800}'], parentObservation={name=http.server.requests(null), error=null, context=name='http.server.requests', contextualName='null', error='null', lowCardinalityKeyValues=[exception='none', method='GET', outcome='SUCCESS', status='200', uri='UNKNOWN'], highCardinalityKeyValues=[http.url='/api/platform/admin/subcategories'], map=[class io.micrometer.core.instrument.Timer$Sample='io.micrometer.core.instrument.Timer$Sample@3a08c89', class io.micrometer.core.instrument.LongTaskTimer$Sample='SampleImpl{duration(seconds)=0.0311532, duration(nanos)=3.11532E7, startTimeNanos=114831236679300}'], parentObservation=null}} created for the request. New headers are [host:"localhost:8086", sec-ch-ua-platform:""Windows"", authorization:"Bearer eyJhbGciOiJIUzI1NiJ9.eyJyb2xlcyI6IlNVUEVSX0FETUlOIiwidXNlcklkIjoxLCJlbmFibGVkIjp0cnVlLCJ1c2VybmFtZSI6InN1cGVyYWRtaW5AY2hlcmlzaHguY29tIiwiYWNjb3VudE5vbkxvY2tlZCI6dHJ1ZSwic3ViIjoic3VwZXJhZG1pbkBjaGVyaXNoeC5jb20iLCJpYXQiOjE3OTE0NjgzMjEsImV4cCI6MTc5MTU1NDcyMSwiaXNzIjoibW9tZW50LWZvcmV2ZXItYXBwIiwiYXVkIjoibW9tZW50LWZvcmV2ZXItY2xpZW50In0.MSh7MAgomTQN20GrkE0ylIFKJcho7PbSp53bCRBE2-Y", sec-ch-ua:""Chromium";v="154", "Microsoft Edge";v="154", "Not A(Brand";v="99"", accesstoken:"eyJhbGciOiJIUzI1NiJ9.eyJyb2xlcyI6IlNVUEVSX0FETUlOIiwidXNlcklkIjoxLCJlbmFibGVkIjp0cnVlLCJ1c2VybmFtZSI6InN1cGVyYWRtaW5AY2hlcmlzaHguY29tIiwiYWNjb3VudE5vbkxvY2tlZCI6dHJ1ZSwic3ViIjoic3VwZXJhZG1pbkBjaGVyaXNoeC5jb20iLCJpYXQiOjE3OTE0NjgzMjEsImV4cCI6MTc5MTU1NDcyMSwiaXNzIjoibW9tZW50LWZvcmV2ZXItYXBwIiwiYXVkIjoibW9tZW50LWZvcmV2ZXItY2xpZW50In0.MSh7MAgomTQN20GrkE0ylIFKJcho7PbSp53bCRBE2-Y", sec-ch-ua-mobile:"?0", x-requested-with:"XMLHttpRequest", x-pm-header:"[object Object]", accept:"application/json", user-agent:"Mozilla/5.0 (Windows NT 10.0; Win64; x64) AppleWebKit/537.36 (KHTML, like Gecko) Chrome/154.0.0.0 Safari/537.36 Edg/154.0.0.0", sec-fetch-site:"same-origin", sec-fetch-mode:"cors", sec-fetch-dest:"empty", referer:"http://localhost:5173/admin/locations", accept-encoding:"gzip, deflate, br, zstd", accept-language:"en-GB,en;q=0.9,en-US;q=0.8,en-IN;q=0.7", X-User-Id:"1", X-User-Roles:"SUPER_ADMIN", Forwarded:"proto=http;host="localhost:8086";for="[0:0:0:0:0:0:0:1]:62194"", X-Forwarded-For:"0:0:0:0:0:0:0:1", X-Forwarded-Proto:"http", X-Forwarded-Prefix:"/api", X-Forwarded-Port:"8086", X-Forwarded-Host:"localhost:8086"]
2026-10-08 21:40:26.113 [reactor-http-nio-2] [39mDEBUG[0;39m [36mo.s.c.g.f.h.o.ObservedResponseHttpHeadersFilter[0;39m - Will instrument the response
2026-10-08 21:40:26.113 [reactor-http-nio-2] [39mDEBUG[0;39m [36mo.s.c.g.f.h.o.ObservedResponseHttpHeadersFilter[0;39m - The response was handled for observation {name=http.client.requests(null), error=null, context=name='http.client.requests', contextualName='null', error='null', lowCardinalityKeyValues=[http.method='GET', http.status_code='UNKNOWN', spring.cloud.gateway.route.id='platform-admin', spring.cloud.gateway.route.uri='lb://MOMENT-FOREVER-PLATFORM'], highCardinalityKeyValues=[http.uri='http://localhost:8086/platform/admin/locations'], map=[class io.micrometer.core.instrument.Timer$Sample='io.micrometer.core.instrument.Timer$Sample@1bf20d0', class io.micrometer.core.instrument.LongTaskTimer$Sample='SampleImpl{duration(seconds)=0.0632845, duration(nanos)=6.32845E7, startTimeNanos=114831262608900}'], parentObservation={name=http.server.requests(null), error=null, context=name='http.server.requests', contextualName='null', error='null', lowCardinalityKeyValues=[exception='none', method='GET', outcome='SUCCESS', status='200', uri='UNKNOWN'], highCardinalityKeyValues=[http.url='/api/platform/admin/locations'], map=[class io.micrometer.core.instrument.Timer$Sample='io.micrometer.core.instrument.Timer$Sample@15822ab0', class io.micrometer.core.instrument.LongTaskTimer$Sample='SampleImpl{duration(seconds)=0.1031326, duration(nanos)=1.031326E8, startTimeNanos=114831222877000}'], parentObservation=null}}
2026-10-08 21:40:26.113 [reactor-http-nio-3] [39mDEBUG[0;39m [36mo.s.c.g.f.h.o.ObservedResponseHttpHeadersFilter[0;39m - Will instrument the response
2026-10-08 21:40:26.113 [reactor-http-nio-3] [39mDEBUG[0;39m [36mo.s.c.g.f.h.o.ObservedResponseHttpHeadersFilter[0;39m - The response was handled for observation {name=http.client.requests(null), error=null, context=name='http.client.requests', contextualName='null', error='null', lowCardinalityKeyValues=[http.method='GET', http.status_code='UNKNOWN', spring.cloud.gateway.route.id='platform-admin', spring.cloud.gateway.route.uri='lb://MOMENT-FOREVER-PLATFORM'], highCardinalityKeyValues=[http.uri='http://localhost:8086/platform/admin/subcategories'], map=[class io.micrometer.core.instrument.Timer$Sample='io.micrometer.core.instrument.Timer$Sample@779d3606', class io.micrometer.core.instrument.LongTaskTimer$Sample='SampleImpl{duration(seconds)=0.0591572, duration(nanos)=5.91572E7, startTimeNanos=114831267555800}'], parentObservation={name=http.server.requests(null), error=null, context=name='http.server.requests', contextualName='null', error='null', lowCardinalityKeyValues=[exception='none', method='GET', outcome='SUCCESS', status='200', uri='UNKNOWN'], highCardinalityKeyValues=[http.url='/api/platform/admin/subcategories'], map=[class io.micrometer.core.instrument.Timer$Sample='io.micrometer.core.instrument.Timer$Sample@3a08c89', class io.micrometer.core.instrument.LongTaskTimer$Sample='SampleImpl{duration(seconds)=0.0901112, duration(nanos)=9.01112E7, startTimeNanos=114831236679300}'], parentObservation=null}}
2026-10-08 21:40:26.113 [reactor-http-nio-2] [34mINFO [0;39m [36mc.f.M.f.GatewayRequestLoggingFilter[0;39m - GATEWAY_REQUEST method=GET path=/platform/admin/locations routeId=platform-admin target=lb://MOMENT-FOREVER-PLATFORM status=200 durationMs=60 signal=onComplete
2026-10-08 21:40:26.113 [reactor-http-nio-3] [34mINFO [0;39m [36mc.f.M.f.GatewayRequestLoggingFilter[0;39m - GATEWAY_REQUEST method=GET path=/platform/admin/subcategories routeId=platform-admin target=lb://MOMENT-FOREVER-PLATFORM status=200 durationMs=55 signal=onComplete
2026-10-08 21:40:26.191 [reactor-http-nio-12] [39mDEBUG[0;39m [36mo.s.c.g.f.h.o.ObservedResponseHttpHeadersFilter[0;39m - Will instrument the response
2026-10-08 21:40:26.192 [reactor-http-nio-12] [39mDEBUG[0;39m [36mo.s.c.g.f.h.o.ObservedResponseHttpHeadersFilter[0;39m - The response was handled for observation {name=http.client.requests(null), error=null, context=name='http.client.requests', contextualName='null', error='null', lowCardinalityKeyValues=[http.method='GET', http.status_code='UNKNOWN', spring.cloud.gateway.route.id='platform-admin', spring.cloud.gateway.route.uri='lb://MOMENT-FOREVER-PLATFORM'], highCardinalityKeyValues=[http.uri='http://localhost:8086/platform/admin/categories'], map=[class io.micrometer.core.instrument.Timer$Sample='io.micrometer.core.instrument.Timer$Sample@59ff2ba3', class io.micrometer.core.instrument.LongTaskTimer$Sample='SampleImpl{duration(seconds)=0.1369808, duration(nanos)=1.369808E8, startTimeNanos=114831262947600}'], parentObservation={name=http.server.requests(null), error=null, context=name='http.server.requests', contextualName='null', error='null', lowCardinalityKeyValues=[exception='none', method='GET', outcome='SUCCESS', status='200', uri='UNKNOWN'], highCardinalityKeyValues=[http.url='/api/platform/admin/categories'], map=[class io.micrometer.core.instrument.Timer$Sample='io.micrometer.core.instrument.Timer$Sample@ef48c29', class io.micrometer.core.instrument.LongTaskTimer$Sample='SampleImpl{duration(seconds)=0.1629837, duration(nanos)=1.629837E8, startTimeNanos=114831237144000}'], parentObservation=null}}
2026-10-08 21:40:26.192 [reactor-http-nio-12] [34mINFO [0;39m [36mc.f.M.f.GatewayRequestLoggingFilter[0;39m - GATEWAY_REQUEST method=GET path=/platform/admin/categories routeId=platform-admin target=lb://MOMENT-FOREVER-PLATFORM status=200 durationMs=139 signal=onComplete
2026-10-08 21:40:39.326 [reactor-http-nio-1] [39mDEBUG[0;39m [36mo.s.c.g.h.RoutePredicateHandlerMapping[0;39m - Route matched: platform-admin
2026-10-08 21:40:39.326 [reactor-http-nio-1] [39mDEBUG[0;39m [36mo.s.c.g.h.RoutePredicateHandlerMapping[0;39m - Mapping [Exchange: GET http://localhost:8086/api/platform/admin/locations] to Route{id='platform-admin', uri=lb://MOMENT-FOREVER-PLATFORM, order=0, predicate=Paths: [/api/platform/admin/**], match trailing slash: true, gatewayFilters=[[[StripPrefix parts = 1], order = 1]], metadata={requires-auth=true}}
2026-10-08 21:40:39.326 [reactor-http-nio-1] [39mDEBUG[0;39m [36mo.s.c.g.h.RoutePredicateHandlerMapping[0;39m - [58995ffb-937] Mapped to org.springframework.cloud.gateway.handler.FilteringWebHandler@3f7c6365
2026-10-08 21:40:39.326 [reactor-http-nio-1] [39mDEBUG[0;39m [36mo.s.c.g.handler.FilteringWebHandler[0;39m - Sorted gatewayFilterFactories: [[GatewayFilterAdapter{delegate=org.springframework.cloud.gateway.filter.RemoveCachedBodyFilter@7227926b}, order = -2147483648], [GatewayFilterAdapter{delegate=org.springframework.cloud.gateway.filter.AdaptCachedBodyGlobalFilter@79617c3d}, order = -2147482648], [GatewayFilterAdapter{delegate=com.forvmom.MomentForeverAPIGateway.filter.JwtAuthenticationFilter@35a9e665}, order = -1], [GatewayFilterAdapter{delegate=org.springframework.cloud.gateway.filter.NettyWriteResponseFilter@1b632442}, order = -1], [GatewayFilterAdapter{delegate=org.springframework.cloud.gateway.filter.ForwardPathFilter@57a982f9}, order = 0], [GatewayFilterAdapter{delegate=org.springframework.cloud.gateway.filter.GatewayMetricsFilter@1b69fc07}, order = 0], [[StripPrefix parts = 1], order = 1], [GatewayFilterAdapter{delegate=org.springframework.cloud.gateway.filter.RouteToRequestUrlFilter@2f75a9b1}, order = 10000], [GatewayFilterAdapter{delegate=org.springframework.cloud.gateway.filter.ReactiveLoadBalancerClientFilter@362be0cd}, order = 10150], [GatewayFilterAdapter{delegate=org.springframework.cloud.gateway.filter.LoadBalancerServiceInstanceCookieFilter@2dde0a34}, order = 10151], [GatewayFilterAdapter{delegate=org.springframework.cloud.gateway.filter.WebsocketRoutingFilter@19d3f6ad}, order = 2147483646], [GatewayFilterAdapter{delegate=com.forvmom.MomentForeverAPIGateway.filter.GatewayRequestLoggingFilter@6a04d2a4}, order = 2147483647], [GatewayFilterAdapter{delegate=org.springframework.cloud.gateway.filter.NettyRoutingFilter@61836cd9}, order = 2147483647], [GatewayFilterAdapter{delegate=org.springframework.cloud.gateway.filter.ForwardRoutingFilter@556aed22}, order = 2147483647]]
2026-10-08 21:40:39.344 [reactor-http-nio-4] [39mDEBUG[0;39m [36mo.s.c.g.h.RoutePredicateHandlerMapping[0;39m - Route matched: platform-user
2026-10-08 21:40:39.344 [reactor-http-nio-2] [39mDEBUG[0;39m [36mo.s.c.g.h.RoutePredicateHandlerMapping[0;39m - Route matched: platform-admin
2026-10-08 21:40:39.344 [reactor-http-nio-3] [39mDEBUG[0;39m [36mo.s.c.g.h.RoutePredicateHandlerMapping[0;39m - Route matched: platform-admin
2026-10-08 21:40:39.345 [reactor-http-nio-4] [39mDEBUG[0;39m [36mo.s.c.g.h.RoutePredicateHandlerMapping[0;39m - Mapping [Exchange: GET http://localhost:8086/api/platform/user/profile] to Route{id='platform-user', uri=lb://MOMENT-FOREVER-PLATFORM, order=0, predicate=Paths: [/api/platform/user/**], match trailing slash: true, gatewayFilters=[[[StripPrefix parts = 1], order = 1]], metadata={requires-auth=true}}
2026-10-08 21:40:39.345 [reactor-http-nio-3] [39mDEBUG[0;39m [36mo.s.c.g.h.RoutePredicateHandlerMapping[0;39m - Mapping [Exchange: GET http://localhost:8086/api/platform/admin/categories] to Route{id='platform-admin', uri=lb://MOMENT-FOREVER-PLATFORM, order=0, predicate=Paths: [/api/platform/admin/**], match trailing slash: true, gatewayFilters=[[[StripPrefix parts = 1], order = 1]], metadata={requires-auth=true}}
2026-10-08 21:40:39.345 [reactor-http-nio-3] [39mDEBUG[0;39m [36mo.s.c.g.h.RoutePredicateHandlerMapping[0;39m - [6b3a5478-938] Mapped to org.springframework.cloud.gateway.handler.FilteringWebHandler@3f7c6365
2026-10-08 21:40:39.345 [reactor-http-nio-2] [39mDEBUG[0;39m [36mo.s.c.g.h.RoutePredicateHandlerMapping[0;39m - Mapping [Exchange: GET http://localhost:8086/api/platform/admin/subcategories] to Route{id='platform-admin', uri=lb://MOMENT-FOREVER-PLATFORM, order=0, predicate=Paths: [/api/platform/admin/**], match trailing slash: true, gatewayFilters=[[[StripPrefix parts = 1], order = 1]], metadata={requires-auth=true}}
2026-10-08 21:40:39.345 [reactor-http-nio-4] [39mDEBUG[0;39m [36mo.s.c.g.h.RoutePredicateHandlerMapping[0;39m - [744b802f-939] Mapped to org.springframework.cloud.gateway.handler.FilteringWebHandler@3f7c6365
2026-10-08 21:40:39.345 [reactor-http-nio-3] [39mDEBUG[0;39m [36mo.s.c.g.handler.FilteringWebHandler[0;39m - Sorted gatewayFilterFactories: [[GatewayFilterAdapter{delegate=org.springframework.cloud.gateway.filter.RemoveCachedBodyFilter@7227926b}, order = -2147483648], [GatewayFilterAdapter{delegate=org.springframework.cloud.gateway.filter.AdaptCachedBodyGlobalFilter@79617c3d}, order = -2147482648], [GatewayFilterAdapter{delegate=com.forvmom.MomentForeverAPIGateway.filter.JwtAuthenticationFilter@35a9e665}, order = -1], [GatewayFilterAdapter{delegate=org.springframework.cloud.gateway.filter.NettyWriteResponseFilter@1b632442}, order = -1], [GatewayFilterAdapter{delegate=org.springframework.cloud.gateway.filter.ForwardPathFilter@57a982f9}, order = 0], [GatewayFilterAdapter{delegate=org.springframework.cloud.gateway.filter.GatewayMetricsFilter@1b69fc07}, order = 0], [[StripPrefix parts = 1], order = 1], [GatewayFilterAdapter{delegate=org.springframework.cloud.gateway.filter.RouteToRequestUrlFilter@2f75a9b1}, order = 10000], [GatewayFilterAdapter{delegate=org.springframework.cloud.gateway.filter.ReactiveLoadBalancerClientFilter@362be0cd}, order = 10150], [GatewayFilterAdapter{delegate=org.springframework.cloud.gateway.filter.LoadBalancerServiceInstanceCookieFilter@2dde0a34}, order = 10151], [GatewayFilterAdapter{delegate=org.springframework.cloud.gateway.filter.WebsocketRoutingFilter@19d3f6ad}, order = 2147483646], [GatewayFilterAdapter{delegate=com.forvmom.MomentForeverAPIGateway.filter.GatewayRequestLoggingFilter@6a04d2a4}, order = 2147483647], [GatewayFilterAdapter{delegate=org.springframework.cloud.gateway.filter.NettyRoutingFilter@61836cd9}, order = 2147483647], [GatewayFilterAdapter{delegate=org.springframework.cloud.gateway.filter.ForwardRoutingFilter@556aed22}, order = 2147483647]]
2026-10-08 21:40:39.345 [reactor-http-nio-2] [39mDEBUG[0;39m [36mo.s.c.g.h.RoutePredicateHandlerMapping[0;39m - [2f80b373-940] Mapped to org.springframework.cloud.gateway.handler.FilteringWebHandler@3f7c6365
2026-10-08 21:40:39.346 [reactor-http-nio-4] [39mDEBUG[0;39m [36mo.s.c.g.handler.FilteringWebHandler[0;39m - Sorted gatewayFilterFactories: [[GatewayFilterAdapter{delegate=org.springframework.cloud.gateway.filter.RemoveCachedBodyFilter@7227926b}, order = -2147483648], [GatewayFilterAdapter{delegate=org.springframework.cloud.gateway.filter.AdaptCachedBodyGlobalFilter@79617c3d}, order = -2147482648], [GatewayFilterAdapter{delegate=com.forvmom.MomentForeverAPIGateway.filter.JwtAuthenticationFilter@35a9e665}, order = -1], [GatewayFilterAdapter{delegate=org.springframework.cloud.gateway.filter.NettyWriteResponseFilter@1b632442}, order = -1], [GatewayFilterAdapter{delegate=org.springframework.cloud.gateway.filter.ForwardPathFilter@57a982f9}, order = 0], [GatewayFilterAdapter{delegate=org.springframework.cloud.gateway.filter.GatewayMetricsFilter@1b69fc07}, order = 0], [[StripPrefix parts = 1], order = 1], [GatewayFilterAdapter{delegate=org.springframework.cloud.gateway.filter.RouteToRequestUrlFilter@2f75a9b1}, order = 10000], [GatewayFilterAdapter{delegate=org.springframework.cloud.gateway.filter.ReactiveLoadBalancerClientFilter@362be0cd}, order = 10150], [GatewayFilterAdapter{delegate=org.springframework.cloud.gateway.filter.LoadBalancerServiceInstanceCookieFilter@2dde0a34}, order = 10151], [GatewayFilterAdapter{delegate=org.springframework.cloud.gateway.filter.WebsocketRoutingFilter@19d3f6ad}, order = 2147483646], [GatewayFilterAdapter{delegate=com.forvmom.MomentForeverAPIGateway.filter.GatewayRequestLoggingFilter@6a04d2a4}, order = 2147483647], [GatewayFilterAdapter{delegate=org.springframework.cloud.gateway.filter.NettyRoutingFilter@61836cd9}, order = 2147483647], [GatewayFilterAdapter{delegate=org.springframework.cloud.gateway.filter.ForwardRoutingFilter@556aed22}, order = 2147483647]]
2026-10-08 21:40:39.346 [reactor-http-nio-2] [39mDEBUG[0;39m [36mo.s.c.g.handler.FilteringWebHandler[0;39m - Sorted gatewayFilterFactories: [[GatewayFilterAdapter{delegate=org.springframework.cloud.gateway.filter.RemoveCachedBodyFilter@7227926b}, order = -2147483648], [GatewayFilterAdapter{delegate=org.springframework.cloud.gateway.filter.AdaptCachedBodyGlobalFilter@79617c3d}, order = -2147482648], [GatewayFilterAdapter{delegate=com.forvmom.MomentForeverAPIGateway.filter.JwtAuthenticationFilter@35a9e665}, order = -1], [GatewayFilterAdapter{delegate=org.springframework.cloud.gateway.filter.NettyWriteResponseFilter@1b632442}, order = -1], [GatewayFilterAdapter{delegate=org.springframework.cloud.gateway.filter.ForwardPathFilter@57a982f9}, order = 0], [GatewayFilterAdapter{delegate=org.springframework.cloud.gateway.filter.GatewayMetricsFilter@1b69fc07}, order = 0], [[StripPrefix parts = 1], order = 1], [GatewayFilterAdapter{delegate=org.springframework.cloud.gateway.filter.RouteToRequestUrlFilter@2f75a9b1}, order = 10000], [GatewayFilterAdapter{delegate=org.springframework.cloud.gateway.filter.ReactiveLoadBalancerClientFilter@362be0cd}, order = 10150], [GatewayFilterAdapter{delegate=org.springframework.cloud.gateway.filter.LoadBalancerServiceInstanceCookieFilter@2dde0a34}, order = 10151], [GatewayFilterAdapter{delegate=org.springframework.cloud.gateway.filter.WebsocketRoutingFilter@19d3f6ad}, order = 2147483646], [GatewayFilterAdapter{delegate=com.forvmom.MomentForeverAPIGateway.filter.GatewayRequestLoggingFilter@6a04d2a4}, order = 2147483647], [GatewayFilterAdapter{delegate=org.springframework.cloud.gateway.filter.NettyRoutingFilter@61836cd9}, order = 2147483647], [GatewayFilterAdapter{delegate=org.springframework.cloud.gateway.filter.ForwardRoutingFilter@556aed22}, order = 2147483647]]
2026-10-08 21:40:39.356 [boundedElastic-20] [39mDEBUG[0;39m [36mo.s.c.g.f.h.o.ObservedRequestHttpHeadersFilter[0;39m - Will instrument the HTTP request headers [host:"localhost:8086", sec-ch-ua-platform:""Windows"", authorization:"Bearer eyJhbGciOiJIUzI1NiJ9.eyJyb2xlcyI6IlNVUEVSX0FETUlOIiwidXNlcklkIjoxLCJlbmFibGVkIjp0cnVlLCJ1c2VybmFtZSI6InN1cGVyYWRtaW5AY2hlcmlzaHguY29tIiwiYWNjb3VudE5vbkxvY2tlZCI6dHJ1ZSwic3ViIjoic3VwZXJhZG1pbkBjaGVyaXNoeC5jb20iLCJpYXQiOjE3OTE0NjgzMjEsImV4cCI6MTc5MTU1NDcyMSwiaXNzIjoibW9tZW50LWZvcmV2ZXItYXBwIiwiYXVkIjoibW9tZW50LWZvcmV2ZXItY2xpZW50In0.MSh7MAgomTQN20GrkE0ylIFKJcho7PbSp53bCRBE2-Y", sec-ch-ua:""Chromium";v="154", "Microsoft Edge";v="154", "Not A(Brand";v="99"", accesstoken:"eyJhbGciOiJIUzI1NiJ9.eyJyb2xlcyI6IlNVUEVSX0FETUlOIiwidXNlcklkIjoxLCJlbmFibGVkIjp0cnVlLCJ1c2VybmFtZSI6InN1cGVyYWRtaW5AY2hlcmlzaHguY29tIiwiYWNjb3VudE5vbkxvY2tlZCI6dHJ1ZSwic3ViIjoic3VwZXJhZG1pbkBjaGVyaXNoeC5jb20iLCJpYXQiOjE3OTE0NjgzMjEsImV4cCI6MTc5MTU1NDcyMSwiaXNzIjoibW9tZW50LWZvcmV2ZXItYXBwIiwiYXVkIjoibW9tZW50LWZvcmV2ZXItY2xpZW50In0.MSh7MAgomTQN20GrkE0ylIFKJcho7PbSp53bCRBE2-Y", sec-ch-ua-mobile:"?0", x-requested-with:"XMLHttpRequest", x-pm-header:"[object Object]", accept:"application/json", user-agent:"Mozilla/5.0 (Windows NT 10.0; Win64; x64) AppleWebKit/537.36 (KHTML, like Gecko) Chrome/154.0.0.0 Safari/537.36 Edg/154.0.0.0", sec-fetch-site:"same-origin", sec-fetch-mode:"cors", sec-fetch-dest:"empty", referer:"http://localhost:5173/admin/locations", accept-encoding:"gzip, deflate, br, zstd", accept-language:"en-GB,en;q=0.9,en-US;q=0.8,en-IN;q=0.7", X-User-Id:"1", X-User-Roles:"SUPER_ADMIN", Forwarded:"proto=http;host="localhost:8086";for="[0:0:0:0:0:0:0:1]:49819"", X-Forwarded-For:"0:0:0:0:0:0:0:1", X-Forwarded-Proto:"http", X-Forwarded-Prefix:"/api", X-Forwarded-Port:"8086", X-Forwarded-Host:"localhost:8086"]
2026-10-08 21:40:39.357 [boundedElastic-20] [39mDEBUG[0;39m [36mo.s.c.g.f.h.o.ObservedRequestHttpHeadersFilter[0;39m - Client observation  {name=http.client.requests(null), error=null, context=name='http.client.requests', contextualName='null', error='null', lowCardinalityKeyValues=[http.method='GET', http.status_code='UNKNOWN', spring.cloud.gateway.route.id='platform-admin', spring.cloud.gateway.route.uri='lb://MOMENT-FOREVER-PLATFORM'], highCardinalityKeyValues=[http.uri='http://localhost:8086/platform/admin/locations'], map=[class io.micrometer.core.instrument.Timer$Sample='io.micrometer.core.instrument.Timer$Sample@712eb0fb', class io.micrometer.core.instrument.LongTaskTimer$Sample='SampleImpl{duration(seconds)=1.364E-4, duration(nanos)=136400.0, startTimeNanos=114844565060400}'], parentObservation={name=http.server.requests(null), error=null, context=name='http.server.requests', contextualName='null', error='null', lowCardinalityKeyValues=[exception='none', method='GET', outcome='SUCCESS', status='200', uri='UNKNOWN'], highCardinalityKeyValues=[http.url='/api/platform/admin/locations'], map=[class io.micrometer.core.instrument.Timer$Sample='io.micrometer.core.instrument.Timer$Sample@471f2dd4', class io.micrometer.core.instrument.LongTaskTimer$Sample='SampleImpl{duration(seconds)=0.0319822, duration(nanos)=3.19822E7, startTimeNanos=114844533365400}'], parentObservation=null}} created for the request. New headers are [host:"localhost:8086", sec-ch-ua-platform:""Windows"", authorization:"Bearer eyJhbGciOiJIUzI1NiJ9.eyJyb2xlcyI6IlNVUEVSX0FETUlOIiwidXNlcklkIjoxLCJlbmFibGVkIjp0cnVlLCJ1c2VybmFtZSI6InN1cGVyYWRtaW5AY2hlcmlzaHguY29tIiwiYWNjb3VudE5vbkxvY2tlZCI6dHJ1ZSwic3ViIjoic3VwZXJhZG1pbkBjaGVyaXNoeC5jb20iLCJpYXQiOjE3OTE0NjgzMjEsImV4cCI6MTc5MTU1NDcyMSwiaXNzIjoibW9tZW50LWZvcmV2ZXItYXBwIiwiYXVkIjoibW9tZW50LWZvcmV2ZXItY2xpZW50In0.MSh7MAgomTQN20GrkE0ylIFKJcho7PbSp53bCRBE2-Y", sec-ch-ua:""Chromium";v="154", "Microsoft Edge";v="154", "Not A(Brand";v="99"", accesstoken:"eyJhbGciOiJIUzI1NiJ9.eyJyb2xlcyI6IlNVUEVSX0FETUlOIiwidXNlcklkIjoxLCJlbmFibGVkIjp0cnVlLCJ1c2VybmFtZSI6InN1cGVyYWRtaW5AY2hlcmlzaHguY29tIiwiYWNjb3VudE5vbkxvY2tlZCI6dHJ1ZSwic3ViIjoic3VwZXJhZG1pbkBjaGVyaXNoeC5jb20iLCJpYXQiOjE3OTE0NjgzMjEsImV4cCI6MTc5MTU1NDcyMSwiaXNzIjoibW9tZW50LWZvcmV2ZXItYXBwIiwiYXVkIjoibW9tZW50LWZvcmV2ZXItY2xpZW50In0.MSh7MAgomTQN20GrkE0ylIFKJcho7PbSp53bCRBE2-Y", sec-ch-ua-mobile:"?0", x-requested-with:"XMLHttpRequest", x-pm-header:"[object Object]", accept:"application/json", user-agent:"Mozilla/5.0 (Windows NT 10.0; Win64; x64) AppleWebKit/537.36 (KHTML, like Gecko) Chrome/154.0.0.0 Safari/537.36 Edg/154.0.0.0", sec-fetch-site:"same-origin", sec-fetch-mode:"cors", sec-fetch-dest:"empty", referer:"http://localhost:5173/admin/locations", accept-encoding:"gzip, deflate, br, zstd", accept-language:"en-GB,en;q=0.9,en-US;q=0.8,en-IN;q=0.7", X-User-Id:"1", X-User-Roles:"SUPER_ADMIN", Forwarded:"proto=http;host="localhost:8086";for="[0:0:0:0:0:0:0:1]:49819"", X-Forwarded-For:"0:0:0:0:0:0:0:1", X-Forwarded-Proto:"http", X-Forwarded-Prefix:"/api", X-Forwarded-Port:"8086", X-Forwarded-Host:"localhost:8086"]
2026-10-08 21:40:39.367 [reactor-http-nio-3] [39mDEBUG[0;39m [36mo.s.c.g.f.h.o.ObservedRequestHttpHeadersFilter[0;39m - Will instrument the HTTP request headers [host:"localhost:8086", sec-ch-ua-platform:""Windows"", authorization:"Bearer eyJhbGciOiJIUzI1NiJ9.eyJyb2xlcyI6IlNVUEVSX0FETUlOIiwidXNlcklkIjoxLCJlbmFibGVkIjp0cnVlLCJ1c2VybmFtZSI6InN1cGVyYWRtaW5AY2hlcmlzaHguY29tIiwiYWNjb3VudE5vbkxvY2tlZCI6dHJ1ZSwic3ViIjoic3VwZXJhZG1pbkBjaGVyaXNoeC5jb20iLCJpYXQiOjE3OTE0NjgzMjEsImV4cCI6MTc5MTU1NDcyMSwiaXNzIjoibW9tZW50LWZvcmV2ZXItYXBwIiwiYXVkIjoibW9tZW50LWZvcmV2ZXItY2xpZW50In0.MSh7MAgomTQN20GrkE0ylIFKJcho7PbSp53bCRBE2-Y", sec-ch-ua:""Chromium";v="154", "Microsoft Edge";v="154", "Not A(Brand";v="99"", accesstoken:"eyJhbGciOiJIUzI1NiJ9.eyJyb2xlcyI6IlNVUEVSX0FETUlOIiwidXNlcklkIjoxLCJlbmFibGVkIjp0cnVlLCJ1c2VybmFtZSI6InN1cGVyYWRtaW5AY2hlcmlzaHguY29tIiwiYWNjb3VudE5vbkxvY2tlZCI6dHJ1ZSwic3ViIjoic3VwZXJhZG1pbkBjaGVyaXNoeC5jb20iLCJpYXQiOjE3OTE0NjgzMjEsImV4cCI6MTc5MTU1NDcyMSwiaXNzIjoibW9tZW50LWZvcmV2ZXItYXBwIiwiYXVkIjoibW9tZW50LWZvcmV2ZXItY2xpZW50In0.MSh7MAgomTQN20GrkE0ylIFKJcho7PbSp53bCRBE2-Y", sec-ch-ua-mobile:"?0", x-requested-with:"XMLHttpRequest", x-pm-header:"[object Object]", accept:"application/json", user-agent:"Mozilla/5.0 (Windows NT 10.0; Win64; x64) AppleWebKit/537.36 (KHTML, like Gecko) Chrome/154.0.0.0 Safari/537.36 Edg/154.0.0.0", sec-fetch-site:"same-origin", sec-fetch-mode:"cors", sec-fetch-dest:"empty", referer:"http://localhost:5173/admin/locations", accept-encoding:"gzip, deflate, br, zstd", accept-language:"en-GB,en;q=0.9,en-US;q=0.8,en-IN;q=0.7", X-User-Id:"1", X-User-Roles:"SUPER_ADMIN", Forwarded:"proto=http;host="localhost:8086";for="[0:0:0:0:0:0:0:1]:64107"", X-Forwarded-For:"0:0:0:0:0:0:0:1", X-Forwarded-Proto:"http", X-Forwarded-Prefix:"/api", X-Forwarded-Port:"8086", X-Forwarded-Host:"localhost:8086"]
2026-10-08 21:40:39.367 [reactor-http-nio-4] [39mDEBUG[0;39m [36mo.s.c.g.f.h.o.ObservedRequestHttpHeadersFilter[0;39m - Will instrument the HTTP request headers [host:"localhost:8086", sec-ch-ua-platform:""Windows"", authorization:"Bearer eyJhbGciOiJIUzI1NiJ9.eyJyb2xlcyI6IlNVUEVSX0FETUlOIiwidXNlcklkIjoxLCJlbmFibGVkIjp0cnVlLCJ1c2VybmFtZSI6InN1cGVyYWRtaW5AY2hlcmlzaHguY29tIiwiYWNjb3VudE5vbkxvY2tlZCI6dHJ1ZSwic3ViIjoic3VwZXJhZG1pbkBjaGVyaXNoeC5jb20iLCJpYXQiOjE3OTE0NjgzMjEsImV4cCI6MTc5MTU1NDcyMSwiaXNzIjoibW9tZW50LWZvcmV2ZXItYXBwIiwiYXVkIjoibW9tZW50LWZvcmV2ZXItY2xpZW50In0.MSh7MAgomTQN20GrkE0ylIFKJcho7PbSp53bCRBE2-Y", sec-ch-ua:""Chromium";v="154", "Microsoft Edge";v="154", "Not A(Brand";v="99"", accesstoken:"eyJhbGciOiJIUzI1NiJ9.eyJyb2xlcyI6IlNVUEVSX0FETUlOIiwidXNlcklkIjoxLCJlbmFibGVkIjp0cnVlLCJ1c2VybmFtZSI6InN1cGVyYWRtaW5AY2hlcmlzaHguY29tIiwiYWNjb3VudE5vbkxvY2tlZCI6dHJ1ZSwic3ViIjoic3VwZXJhZG1pbkBjaGVyaXNoeC5jb20iLCJpYXQiOjE3OTE0NjgzMjEsImV4cCI6MTc5MTU1NDcyMSwiaXNzIjoibW9tZW50LWZvcmV2ZXItYXBwIiwiYXVkIjoibW9tZW50LWZvcmV2ZXItY2xpZW50In0.MSh7MAgomTQN20GrkE0ylIFKJcho7PbSp53bCRBE2-Y", sec-ch-ua-mobile:"?0", x-requested-with:"XMLHttpRequest", x-pm-header:"[object Object]", accept:"application/json", user-agent:"Mozilla/5.0 (Windows NT 10.0; Win64; x64) AppleWebKit/537.36 (KHTML, like Gecko) Chrome/154.0.0.0 Safari/537.36 Edg/154.0.0.0", sec-fetch-site:"same-origin", sec-fetch-mode:"cors", sec-fetch-dest:"empty", referer:"http://localhost:5173/admin/locations", accept-encoding:"gzip, deflate, br, zstd", accept-language:"en-GB,en;q=0.9,en-US;q=0.8,en-IN;q=0.7", X-User-Id:"1", X-User-Roles:"SUPER_ADMIN", Forwarded:"proto=http;host="localhost:8086";for="[0:0:0:0:0:0:0:1]:64108"", X-Forwarded-For:"0:0:0:0:0:0:0:1", X-Forwarded-Proto:"http", X-Forwarded-Prefix:"/api", X-Forwarded-Port:"8086", X-Forwarded-Host:"localhost:8086"]
2026-10-08 21:40:39.368 [reactor-http-nio-3] [39mDEBUG[0;39m [36mo.s.c.g.f.h.o.ObservedRequestHttpHeadersFilter[0;39m - Client observation  {name=http.client.requests(null), error=null, context=name='http.client.requests', contextualName='null', error='null', lowCardinalityKeyValues=[http.method='GET', http.status_code='UNKNOWN', spring.cloud.gateway.route.id='platform-admin', spring.cloud.gateway.route.uri='lb://MOMENT-FOREVER-PLATFORM'], highCardinalityKeyValues=[http.uri='http://localhost:8086/platform/admin/categories'], map=[class io.micrometer.core.instrument.Timer$Sample='io.micrometer.core.instrument.Timer$Sample@7832a184', class io.micrometer.core.instrument.LongTaskTimer$Sample='SampleImpl{duration(seconds)=1.31E-4, duration(nanos)=131000.0, startTimeNanos=114844575521200}'], parentObservation={name=http.server.requests(null), error=null, context=name='http.server.requests', contextualName='null', error='null', lowCardinalityKeyValues=[exception='none', method='GET', outcome='SUCCESS', status='200', uri='UNKNOWN'], highCardinalityKeyValues=[http.url='/api/platform/admin/categories'], map=[class io.micrometer.core.instrument.Timer$Sample='io.micrometer.core.instrument.Timer$Sample@71c75141', class io.micrometer.core.instrument.LongTaskTimer$Sample='SampleImpl{duration(seconds)=0.0243834, duration(nanos)=2.43834E7, startTimeNanos=114844551426100}'], parentObservation=null}} created for the request. New headers are [host:"localhost:8086", sec-ch-ua-platform:""Windows"", authorization:"Bearer eyJhbGciOiJIUzI1NiJ9.eyJyb2xlcyI6IlNVUEVSX0FETUlOIiwidXNlcklkIjoxLCJlbmFibGVkIjp0cnVlLCJ1c2VybmFtZSI6InN1cGVyYWRtaW5AY2hlcmlzaHguY29tIiwiYWNjb3VudE5vbkxvY2tlZCI6dHJ1ZSwic3ViIjoic3VwZXJhZG1pbkBjaGVyaXNoeC5jb20iLCJpYXQiOjE3OTE0NjgzMjEsImV4cCI6MTc5MTU1NDcyMSwiaXNzIjoibW9tZW50LWZvcmV2ZXItYXBwIiwiYXVkIjoibW9tZW50LWZvcmV2ZXItY2xpZW50In0.MSh7MAgomTQN20GrkE0ylIFKJcho7PbSp53bCRBE2-Y", sec-ch-ua:""Chromium";v="154", "Microsoft Edge";v="154", "Not A(Brand";v="99"", accesstoken:"eyJhbGciOiJIUzI1NiJ9.eyJyb2xlcyI6IlNVUEVSX0FETUlOIiwidXNlcklkIjoxLCJlbmFibGVkIjp0cnVlLCJ1c2VybmFtZSI6InN1cGVyYWRtaW5AY2hlcmlzaHguY29tIiwiYWNjb3VudE5vbkxvY2tlZCI6dHJ1ZSwic3ViIjoic3VwZXJhZG1pbkBjaGVyaXNoeC5jb20iLCJpYXQiOjE3OTE0NjgzMjEsImV4cCI6MTc5MTU1NDcyMSwiaXNzIjoibW9tZW50LWZvcmV2ZXItYXBwIiwiYXVkIjoibW9tZW50LWZvcmV2ZXItY2xpZW50In0.MSh7MAgomTQN20GrkE0ylIFKJcho7PbSp53bCRBE2-Y", sec-ch-ua-mobile:"?0", x-requested-with:"XMLHttpRequest", x-pm-header:"[object Object]", accept:"application/json", user-agent:"Mozilla/5.0 (Windows NT 10.0; Win64; x64) AppleWebKit/537.36 (KHTML, like Gecko) Chrome/154.0.0.0 Safari/537.36 Edg/154.0.0.0", sec-fetch-site:"same-origin", sec-fetch-mode:"cors", sec-fetch-dest:"empty", referer:"http://localhost:5173/admin/locations", accept-encoding:"gzip, deflate, br, zstd", accept-language:"en-GB,en;q=0.9,en-US;q=0.8,en-IN;q=0.7", X-User-Id:"1", X-User-Roles:"SUPER_ADMIN", Forwarded:"proto=http;host="localhost:8086";for="[0:0:0:0:0:0:0:1]:64107"", X-Forwarded-For:"0:0:0:0:0:0:0:1", X-Forwarded-Proto:"http", X-Forwarded-Prefix:"/api", X-Forwarded-Port:"8086", X-Forwarded-Host:"localhost:8086"]
2026-10-08 21:40:39.368 [reactor-http-nio-4] [39mDEBUG[0;39m [36mo.s.c.g.f.h.o.ObservedRequestHttpHeadersFilter[0;39m - Client observation  {name=http.client.requests(null), error=null, context=name='http.client.requests', contextualName='null', error='null', lowCardinalityKeyValues=[http.method='GET', http.status_code='UNKNOWN', spring.cloud.gateway.route.id='platform-user', spring.cloud.gateway.route.uri='lb://MOMENT-FOREVER-PLATFORM'], highCardinalityKeyValues=[http.uri='http://localhost:8086/platform/user/profile'], map=[class io.micrometer.core.instrument.Timer$Sample='io.micrometer.core.instrument.Timer$Sample@1ecc9ee', class io.micrometer.core.instrument.LongTaskTimer$Sample='SampleImpl{duration(seconds)=1.02E-4, duration(nanos)=102000.0, startTimeNanos=114844575825800}'], parentObservation={name=http.server.requests(null), error=null, context=name='http.server.requests', contextualName='null', error='null', lowCardinalityKeyValues=[exception='none', method='GET', outcome='SUCCESS', status='200', uri='UNKNOWN'], highCardinalityKeyValues=[http.url='/api/platform/user/profile'], map=[class io.micrometer.core.instrument.Timer$Sample='io.micrometer.core.instrument.Timer$Sample@432827', class io.micrometer.core.instrument.LongTaskTimer$Sample='SampleImpl{duration(seconds)=0.0247337, duration(nanos)=2.47337E7, startTimeNanos=114844551479900}'], parentObservation=null}} created for the request. New headers are [host:"localhost:8086", sec-ch-ua-platform:""Windows"", authorization:"Bearer eyJhbGciOiJIUzI1NiJ9.eyJyb2xlcyI6IlNVUEVSX0FETUlOIiwidXNlcklkIjoxLCJlbmFibGVkIjp0cnVlLCJ1c2VybmFtZSI6InN1cGVyYWRtaW5AY2hlcmlzaHguY29tIiwiYWNjb3VudE5vbkxvY2tlZCI6dHJ1ZSwic3ViIjoic3VwZXJhZG1pbkBjaGVyaXNoeC5jb20iLCJpYXQiOjE3OTE0NjgzMjEsImV4cCI6MTc5MTU1NDcyMSwiaXNzIjoibW9tZW50LWZvcmV2ZXItYXBwIiwiYXVkIjoibW9tZW50LWZvcmV2ZXItY2xpZW50In0.MSh7MAgomTQN20GrkE0ylIFKJcho7PbSp53bCRBE2-Y", sec-ch-ua:""Chromium";v="154", "Microsoft Edge";v="154", "Not A(Brand";v="99"", accesstoken:"eyJhbGciOiJIUzI1NiJ9.eyJyb2xlcyI6IlNVUEVSX0FETUlOIiwidXNlcklkIjoxLCJlbmFibGVkIjp0cnVlLCJ1c2VybmFtZSI6InN1cGVyYWRtaW5AY2hlcmlzaHguY29tIiwiYWNjb3VudE5vbkxvY2tlZCI6dHJ1ZSwic3ViIjoic3VwZXJhZG1pbkBjaGVyaXNoeC5jb20iLCJpYXQiOjE3OTE0NjgzMjEsImV4cCI6MTc5MTU1NDcyMSwiaXNzIjoibW9tZW50LWZvcmV2ZXItYXBwIiwiYXVkIjoibW9tZW50LWZvcmV2ZXItY2xpZW50In0.MSh7MAgomTQN20GrkE0ylIFKJcho7PbSp53bCRBE2-Y", sec-ch-ua-mobile:"?0", x-requested-with:"XMLHttpRequest", x-pm-header:"[object Object]", accept:"application/json", user-agent:"Mozilla/5.0 (Windows NT 10.0; Win64; x64) AppleWebKit/537.36 (KHTML, like Gecko) Chrome/154.0.0.0 Safari/537.36 Edg/154.0.0.0", sec-fetch-site:"same-origin", sec-fetch-mode:"cors", sec-fetch-dest:"empty", referer:"http://localhost:5173/admin/locations", accept-encoding:"gzip, deflate, br, zstd", accept-language:"en-GB,en;q=0.9,en-US;q=0.8,en-IN;q=0.7", X-User-Id:"1", X-User-Roles:"SUPER_ADMIN", Forwarded:"proto=http;host="localhost:8086";for="[0:0:0:0:0:0:0:1]:64108"", X-Forwarded-For:"0:0:0:0:0:0:0:1", X-Forwarded-Proto:"http", X-Forwarded-Prefix:"/api", X-Forwarded-Port:"8086", X-Forwarded-Host:"localhost:8086"]
2026-10-08 21:40:39.369 [reactor-http-nio-2] [39mDEBUG[0;39m [36mo.s.c.g.f.h.o.ObservedRequestHttpHeadersFilter[0;39m - Will instrument the HTTP request headers [host:"localhost:8086", sec-ch-ua-platform:""Windows"", authorization:"Bearer eyJhbGciOiJIUzI1NiJ9.eyJyb2xlcyI6IlNVUEVSX0FETUlOIiwidXNlcklkIjoxLCJlbmFibGVkIjp0cnVlLCJ1c2VybmFtZSI6InN1cGVyYWRtaW5AY2hlcmlzaHguY29tIiwiYWNjb3VudE5vbkxvY2tlZCI6dHJ1ZSwic3ViIjoic3VwZXJhZG1pbkBjaGVyaXNoeC5jb20iLCJpYXQiOjE3OTE0NjgzMjEsImV4cCI6MTc5MTU1NDcyMSwiaXNzIjoibW9tZW50LWZvcmV2ZXItYXBwIiwiYXVkIjoibW9tZW50LWZvcmV2ZXItY2xpZW50In0.MSh7MAgomTQN20GrkE0ylIFKJcho7PbSp53bCRBE2-Y", sec-ch-ua:""Chromium";v="154", "Microsoft Edge";v="154", "Not A(Brand";v="99"", accesstoken:"eyJhbGciOiJIUzI1NiJ9.eyJyb2xlcyI6IlNVUEVSX0FETUlOIiwidXNlcklkIjoxLCJlbmFibGVkIjp0cnVlLCJ1c2VybmFtZSI6InN1cGVyYWRtaW5AY2hlcmlzaHguY29tIiwiYWNjb3VudE5vbkxvY2tlZCI6dHJ1ZSwic3ViIjoic3VwZXJhZG1pbkBjaGVyaXNoeC5jb20iLCJpYXQiOjE3OTE0NjgzMjEsImV4cCI6MTc5MTU1NDcyMSwiaXNzIjoibW9tZW50LWZvcmV2ZXItYXBwIiwiYXVkIjoibW9tZW50LWZvcmV2ZXItY2xpZW50In0.MSh7MAgomTQN20GrkE0ylIFKJcho7PbSp53bCRBE2-Y", sec-ch-ua-mobile:"?0", x-requested-with:"XMLHttpRequest", x-pm-header:"[object Object]", accept:"application/json", user-agent:"Mozilla/5.0 (Windows NT 10.0; Win64; x64) AppleWebKit/537.36 (KHTML, like Gecko) Chrome/154.0.0.0 Safari/537.36 Edg/154.0.0.0", sec-fetch-site:"same-origin", sec-fetch-mode:"cors", sec-fetch-dest:"empty", referer:"http://localhost:5173/admin/locations", accept-encoding:"gzip, deflate, br, zstd", accept-language:"en-GB,en;q=0.9,en-US;q=0.8,en-IN;q=0.7", X-User-Id:"1", X-User-Roles:"SUPER_ADMIN", Forwarded:"proto=http;host="localhost:8086";for="[0:0:0:0:0:0:0:1]:64106"", X-Forwarded-For:"0:0:0:0:0:0:0:1", X-Forwarded-Proto:"http", X-Forwarded-Prefix:"/api", X-Forwarded-Port:"8086", X-Forwarded-Host:"localhost:8086"]
2026-10-08 21:40:39.370 [reactor-http-nio-2] [39mDEBUG[0;39m [36mo.s.c.g.f.h.o.ObservedRequestHttpHeadersFilter[0;39m - Client observation  {name=http.client.requests(null), error=null, context=name='http.client.requests', contextualName='null', error='null', lowCardinalityKeyValues=[http.method='GET', http.status_code='UNKNOWN', spring.cloud.gateway.route.id='platform-admin', spring.cloud.gateway.route.uri='lb://MOMENT-FOREVER-PLATFORM'], highCardinalityKeyValues=[http.uri='http://localhost:8086/platform/admin/subcategories'], map=[class io.micrometer.core.instrument.Timer$Sample='io.micrometer.core.instrument.Timer$Sample@6f7777a', class io.micrometer.core.instrument.LongTaskTimer$Sample='SampleImpl{duration(seconds)=7.88E-5, duration(nanos)=78800.0, startTimeNanos=114844577487700}'], parentObservation={name=http.server.requests(null), error=null, context=name='http.server.requests', contextualName='null', error='null', lowCardinalityKeyValues=[exception='none', method='GET', outcome='SUCCESS', status='200', uri='UNKNOWN'], highCardinalityKeyValues=[http.url='/api/platform/admin/subcategories'], map=[class io.micrometer.core.instrument.Timer$Sample='io.micrometer.core.instrument.Timer$Sample@7501776', class io.micrometer.core.instrument.LongTaskTimer$Sample='SampleImpl{duration(seconds)=0.0261788, duration(nanos)=2.61788E7, startTimeNanos=114844551471200}'], parentObservation=null}} created for the request. New headers are [host:"localhost:8086", sec-ch-ua-platform:""Windows"", authorization:"Bearer eyJhbGciOiJIUzI1NiJ9.eyJyb2xlcyI6IlNVUEVSX0FETUlOIiwidXNlcklkIjoxLCJlbmFibGVkIjp0cnVlLCJ1c2VybmFtZSI6InN1cGVyYWRtaW5AY2hlcmlzaHguY29tIiwiYWNjb3VudE5vbkxvY2tlZCI6dHJ1ZSwic3ViIjoic3VwZXJhZG1pbkBjaGVyaXNoeC5jb20iLCJpYXQiOjE3OTE0NjgzMjEsImV4cCI6MTc5MTU1NDcyMSwiaXNzIjoibW9tZW50LWZvcmV2ZXItYXBwIiwiYXVkIjoibW9tZW50LWZvcmV2ZXItY2xpZW50In0.MSh7MAgomTQN20GrkE0ylIFKJcho7PbSp53bCRBE2-Y", sec-ch-ua:""Chromium";v="154", "Microsoft Edge";v="154", "Not A(Brand";v="99"", accesstoken:"eyJhbGciOiJIUzI1NiJ9.eyJyb2xlcyI6IlNVUEVSX0FETUlOIiwidXNlcklkIjoxLCJlbmFibGVkIjp0cnVlLCJ1c2VybmFtZSI6InN1cGVyYWRtaW5AY2hlcmlzaHguY29tIiwiYWNjb3VudE5vbkxvY2tlZCI6dHJ1ZSwic3ViIjoic3VwZXJhZG1pbkBjaGVyaXNoeC5jb20iLCJpYXQiOjE3OTE0NjgzMjEsImV4cCI6MTc5MTU1NDcyMSwiaXNzIjoibW9tZW50LWZvcmV2ZXItYXBwIiwiYXVkIjoibW9tZW50LWZvcmV2ZXItY2xpZW50In0.MSh7MAgomTQN20GrkE0ylIFKJcho7PbSp53bCRBE2-Y", sec-ch-ua-mobile:"?0", x-requested-with:"XMLHttpRequest", x-pm-header:"[object Object]", accept:"application/json", user-agent:"Mozilla/5.0 (Windows NT 10.0; Win64; x64) AppleWebKit/537.36 (KHTML, like Gecko) Chrome/154.0.0.0 Safari/537.36 Edg/154.0.0.0", sec-fetch-site:"same-origin", sec-fetch-mode:"cors", sec-fetch-dest:"empty", referer:"http://localhost:5173/admin/locations", accept-encoding:"gzip, deflate, br, zstd", accept-language:"en-GB,en;q=0.9,en-US;q=0.8,en-IN;q=0.7", X-User-Id:"1", X-User-Roles:"SUPER_ADMIN", Forwarded:"proto=http;host="localhost:8086";for="[0:0:0:0:0:0:0:1]:64106"", X-Forwarded-For:"0:0:0:0:0:0:0:1", X-Forwarded-Proto:"http", X-Forwarded-Prefix:"/api", X-Forwarded-Port:"8086", X-Forwarded-Host:"localhost:8086"]
2026-10-08 21:40:39.455 [reactor-http-nio-4] [39mDEBUG[0;39m [36mo.s.c.g.f.h.o.ObservedResponseHttpHeadersFilter[0;39m - Will instrument the response
2026-10-08 21:40:39.455 [reactor-http-nio-4] [39mDEBUG[0;39m [36mo.s.c.g.f.h.o.ObservedResponseHttpHeadersFilter[0;39m - The response was handled for observation {name=http.client.requests(null), error=null, context=name='http.client.requests', contextualName='null', error='null', lowCardinalityKeyValues=[http.method='GET', http.status_code='UNKNOWN', spring.cloud.gateway.route.id='platform-user', spring.cloud.gateway.route.uri='lb://MOMENT-FOREVER-PLATFORM'], highCardinalityKeyValues=[http.uri='http://localhost:8086/platform/user/profile'], map=[class io.micrometer.core.instrument.Timer$Sample='io.micrometer.core.instrument.Timer$Sample@1ecc9ee', class io.micrometer.core.instrument.LongTaskTimer$Sample='SampleImpl{duration(seconds)=0.0914245, duration(nanos)=9.14245E7, startTimeNanos=114844575825800}'], parentObservation={name=http.server.requests(null), error=null, context=name='http.server.requests', contextualName='null', error='null', lowCardinalityKeyValues=[exception='none', method='GET', outcome='SUCCESS', status='200', uri='UNKNOWN'], highCardinalityKeyValues=[http.url='/api/platform/user/profile'], map=[class io.micrometer.core.instrument.Timer$Sample='io.micrometer.core.instrument.Timer$Sample@432827', class io.micrometer.core.instrument.LongTaskTimer$Sample='SampleImpl{duration(seconds)=0.1163988, duration(nanos)=1.163988E8, startTimeNanos=114844551479900}'], parentObservation=null}}
2026-10-08 21:40:39.461 [reactor-http-nio-4] [34mINFO [0;39m [36mc.f.M.f.GatewayRequestLoggingFilter[0;39m - GATEWAY_REQUEST method=GET path=/platform/user/profile routeId=platform-user target=lb://MOMENT-FOREVER-PLATFORM status=200 durationMs=95 signal=onComplete
2026-10-08 21:40:39.464 [reactor-http-nio-2] [39mDEBUG[0;39m [36mo.s.c.g.f.h.o.ObservedResponseHttpHeadersFilter[0;39m - Will instrument the response
2026-10-08 21:40:39.464 [reactor-http-nio-2] [39mDEBUG[0;39m [36mo.s.c.g.f.h.o.ObservedResponseHttpHeadersFilter[0;39m - The response was handled for observation {name=http.client.requests(null), error=null, context=name='http.client.requests', contextualName='null', error='null', lowCardinalityKeyValues=[http.method='GET', http.status_code='UNKNOWN', spring.cloud.gateway.route.id='platform-admin', spring.cloud.gateway.route.uri='lb://MOMENT-FOREVER-PLATFORM'], highCardinalityKeyValues=[http.uri='http://localhost:8086/platform/admin/subcategories'], map=[class io.micrometer.core.instrument.Timer$Sample='io.micrometer.core.instrument.Timer$Sample@6f7777a', class io.micrometer.core.instrument.LongTaskTimer$Sample='SampleImpl{duration(seconds)=0.0961378, duration(nanos)=9.61378E7, startTimeNanos=114844577487700}'], parentObservation={name=http.server.requests(null), error=null, context=name='http.server.requests', contextualName='null', error='null', lowCardinalityKeyValues=[exception='none', method='GET', outcome='SUCCESS', status='200', uri='UNKNOWN'], highCardinalityKeyValues=[http.url='/api/platform/admin/subcategories'], map=[class io.micrometer.core.instrument.Timer$Sample='io.micrometer.core.instrument.Timer$Sample@7501776', class io.micrometer.core.instrument.LongTaskTimer$Sample='SampleImpl{duration(seconds)=0.1222224, duration(nanos)=1.222224E8, startTimeNanos=114844551471200}'], parentObservation=null}}
2026-10-08 21:40:39.464 [reactor-http-nio-2] [34mINFO [0;39m [36mc.f.M.f.GatewayRequestLoggingFilter[0;39m - GATEWAY_REQUEST method=GET path=/platform/admin/subcategories routeId=platform-admin target=lb://MOMENT-FOREVER-PLATFORM status=200 durationMs=96 signal=onComplete
2026-10-08 21:40:39.480 [reactor-http-nio-11] [39mDEBUG[0;39m [36mo.s.c.g.f.h.o.ObservedResponseHttpHeadersFilter[0;39m - Will instrument the response
2026-10-08 21:40:39.482 [reactor-http-nio-11] [39mDEBUG[0;39m [36mo.s.c.g.f.h.o.ObservedResponseHttpHeadersFilter[0;39m - The response was handled for observation {name=http.client.requests(null), error=null, context=name='http.client.requests', contextualName='null', error='null', lowCardinalityKeyValues=[http.method='GET', http.status_code='UNKNOWN', spring.cloud.gateway.route.id='platform-admin', spring.cloud.gateway.route.uri='lb://MOMENT-FOREVER-PLATFORM'], highCardinalityKeyValues=[http.uri='http://localhost:8086/platform/admin/locations'], map=[class io.micrometer.core.instrument.Timer$Sample='io.micrometer.core.instrument.Timer$Sample@712eb0fb', class io.micrometer.core.instrument.LongTaskTimer$Sample='SampleImpl{duration(seconds)=0.125356, duration(nanos)=1.25356E8, startTimeNanos=114844565060400}'], parentObservation={name=http.server.requests(null), error=null, context=name='http.server.requests', contextualName='null', error='null', lowCardinalityKeyValues=[exception='none', method='GET', outcome='SUCCESS', status='200', uri='UNKNOWN'], highCardinalityKeyValues=[http.url='/api/platform/admin/locations'], map=[class io.micrometer.core.instrument.Timer$Sample='io.micrometer.core.instrument.Timer$Sample@471f2dd4', class io.micrometer.core.instrument.LongTaskTimer$Sample='SampleImpl{duration(seconds)=0.1571695, duration(nanos)=1.571695E8, startTimeNanos=114844533365400}'], parentObservation=null}}
2026-10-08 21:40:39.482 [reactor-http-nio-11] [34mINFO [0;39m [36mc.f.M.f.GatewayRequestLoggingFilter[0;39m - GATEWAY_REQUEST method=GET path=/platform/admin/locations routeId=platform-admin target=lb://MOMENT-FOREVER-PLATFORM status=200 durationMs=127 signal=onComplete
2026-10-08 21:40:39.492 [reactor-http-nio-1] [39mDEBUG[0;39m [36mo.s.c.g.f.h.o.ObservedResponseHttpHeadersFilter[0;39m - Will instrument the response
2026-10-08 21:40:39.492 [reactor-http-nio-1] [39mDEBUG[0;39m [36mo.s.c.g.f.h.o.ObservedResponseHttpHeadersFilter[0;39m - The response was handled for observation {name=http.client.requests(null), error=null, context=name='http.client.requests', contextualName='null', error='null', lowCardinalityKeyValues=[http.method='GET', http.status_code='UNKNOWN', spring.cloud.gateway.route.id='platform-admin', spring.cloud.gateway.route.uri='lb://MOMENT-FOREVER-PLATFORM'], highCardinalityKeyValues=[http.uri='http://localhost:8086/platform/admin/categories'], map=[class io.micrometer.core.instrument.Timer$Sample='io.micrometer.core.instrument.Timer$Sample@7832a184', class io.micrometer.core.instrument.LongTaskTimer$Sample='SampleImpl{duration(seconds)=0.1256845, duration(nanos)=1.256845E8, startTimeNanos=114844575521200}'], parentObservation={name=http.server.requests(null), error=null, context=name='http.server.requests', contextualName='null', error='null', lowCardinalityKeyValues=[exception='none', method='GET', outcome='SUCCESS', status='200', uri='UNKNOWN'], highCardinalityKeyValues=[http.url='/api/platform/admin/categories'], map=[class io.micrometer.core.instrument.Timer$Sample='io.micrometer.core.instrument.Timer$Sample@71c75141', class io.micrometer.core.instrument.LongTaskTimer$Sample='SampleImpl{duration(seconds)=0.1498863, duration(nanos)=1.498863E8, startTimeNanos=114844551426100}'], parentObservation=null}}
2026-10-08 21:40:39.494 [reactor-http-nio-1] [34mINFO [0;39m [36mc.f.M.f.GatewayRequestLoggingFilter[0;39m - GATEWAY_REQUEST method=GET path=/platform/admin/categories routeId=platform-admin target=lb://MOMENT-FOREVER-PLATFORM status=200 durationMs=128 signal=onComplete
2026-10-08 21:40:42.316 [reactor-http-nio-5] [39mDEBUG[0;39m [36mo.s.c.g.h.RoutePredicateHandlerMapping[0;39m - Route matched: platform-admin
2026-10-08 21:40:42.316 [reactor-http-nio-5] [39mDEBUG[0;39m [36mo.s.c.g.h.RoutePredicateHandlerMapping[0;39m - Mapping [Exchange: GET http://localhost:8086/api/platform/admin/timeslots] to Route{id='platform-admin', uri=lb://MOMENT-FOREVER-PLATFORM, order=0, predicate=Paths: [/api/platform/admin/**], match trailing slash: true, gatewayFilters=[[[StripPrefix parts = 1], order = 1]], metadata={requires-auth=true}}
2026-10-08 21:40:42.318 [reactor-http-nio-5] [39mDEBUG[0;39m [36mo.s.c.g.h.RoutePredicateHandlerMapping[0;39m - [fe2e006c-941] Mapped to org.springframework.cloud.gateway.handler.FilteringWebHandler@3f7c6365
2026-10-08 21:40:42.318 [reactor-http-nio-5] [39mDEBUG[0;39m [36mo.s.c.g.handler.FilteringWebHandler[0;39m - Sorted gatewayFilterFactories: [[GatewayFilterAdapter{delegate=org.springframework.cloud.gateway.filter.RemoveCachedBodyFilter@7227926b}, order = -2147483648], [GatewayFilterAdapter{delegate=org.springframework.cloud.gateway.filter.AdaptCachedBodyGlobalFilter@79617c3d}, order = -2147482648], [GatewayFilterAdapter{delegate=com.forvmom.MomentForeverAPIGateway.filter.JwtAuthenticationFilter@35a9e665}, order = -1], [GatewayFilterAdapter{delegate=org.springframework.cloud.gateway.filter.NettyWriteResponseFilter@1b632442}, order = -1], [GatewayFilterAdapter{delegate=org.springframework.cloud.gateway.filter.ForwardPathFilter@57a982f9}, order = 0], [GatewayFilterAdapter{delegate=org.springframework.cloud.gateway.filter.GatewayMetricsFilter@1b69fc07}, order = 0], [[StripPrefix parts = 1], order = 1], [GatewayFilterAdapter{delegate=org.springframework.cloud.gateway.filter.RouteToRequestUrlFilter@2f75a9b1}, order = 10000], [GatewayFilterAdapter{delegate=org.springframework.cloud.gateway.filter.ReactiveLoadBalancerClientFilter@362be0cd}, order = 10150], [GatewayFilterAdapter{delegate=org.springframework.cloud.gateway.filter.LoadBalancerServiceInstanceCookieFilter@2dde0a34}, order = 10151], [GatewayFilterAdapter{delegate=org.springframework.cloud.gateway.filter.WebsocketRoutingFilter@19d3f6ad}, order = 2147483646], [GatewayFilterAdapter{delegate=com.forvmom.MomentForeverAPIGateway.filter.GatewayRequestLoggingFilter@6a04d2a4}, order = 2147483647], [GatewayFilterAdapter{delegate=org.springframework.cloud.gateway.filter.NettyRoutingFilter@61836cd9}, order = 2147483647], [GatewayFilterAdapter{delegate=org.springframework.cloud.gateway.filter.ForwardRoutingFilter@556aed22}, order = 2147483647]]
2026-10-08 21:40:42.353 [reactor-http-nio-5] [39mDEBUG[0;39m [36mo.s.c.g.f.h.o.ObservedRequestHttpHeadersFilter[0;39m - Will instrument the HTTP request headers [host:"localhost:8086", sec-ch-ua-platform:""Windows"", authorization:"Bearer eyJhbGciOiJIUzI1NiJ9.eyJyb2xlcyI6IlNVUEVSX0FETUlOIiwidXNlcklkIjoxLCJlbmFibGVkIjp0cnVlLCJ1c2VybmFtZSI6InN1cGVyYWRtaW5AY2hlcmlzaHguY29tIiwiYWNjb3VudE5vbkxvY2tlZCI6dHJ1ZSwic3ViIjoic3VwZXJhZG1pbkBjaGVyaXNoeC5jb20iLCJpYXQiOjE3OTE0NjgzMjEsImV4cCI6MTc5MTU1NDcyMSwiaXNzIjoibW9tZW50LWZvcmV2ZXItYXBwIiwiYXVkIjoibW9tZW50LWZvcmV2ZXItY2xpZW50In0.MSh7MAgomTQN20GrkE0ylIFKJcho7PbSp53bCRBE2-Y", sec-ch-ua:""Chromium";v="154", "Microsoft Edge";v="154", "Not A(Brand";v="99"", accesstoken:"eyJhbGciOiJIUzI1NiJ9.eyJyb2xlcyI6IlNVUEVSX0FETUlOIiwidXNlcklkIjoxLCJlbmFibGVkIjp0cnVlLCJ1c2VybmFtZSI6InN1cGVyYWRtaW5AY2hlcmlzaHguY29tIiwiYWNjb3VudE5vbkxvY2tlZCI6dHJ1ZSwic3ViIjoic3VwZXJhZG1pbkBjaGVyaXNoeC5jb20iLCJpYXQiOjE3OTE0NjgzMjEsImV4cCI6MTc5MTU1NDcyMSwiaXNzIjoibW9tZW50LWZvcmV2ZXItYXBwIiwiYXVkIjoibW9tZW50LWZvcmV2ZXItY2xpZW50In0.MSh7MAgomTQN20GrkE0ylIFKJcho7PbSp53bCRBE2-Y", sec-ch-ua-mobile:"?0", x-requested-with:"XMLHttpRequest", x-pm-header:"[object Object]", accept:"application/json", user-agent:"Mozilla/5.0 (Windows NT 10.0; Win64; x64) AppleWebKit/537.36 (KHTML, like Gecko) Chrome/154.0.0.0 Safari/537.36 Edg/154.0.0.0", sec-fetch-site:"same-origin", sec-fetch-mode:"cors", sec-fetch-dest:"empty", referer:"http://localhost:5173/admin/slots", accept-encoding:"gzip, deflate, br, zstd", accept-language:"en-GB,en;q=0.9,en-US;q=0.8,en-IN;q=0.7", X-User-Id:"1", X-User-Roles:"SUPER_ADMIN", Forwarded:"proto=http;host="localhost:8086";for="[0:0:0:0:0:0:0:1]:60023"", X-Forwarded-For:"0:0:0:0:0:0:0:1", X-Forwarded-Proto:"http", X-Forwarded-Prefix:"/api", X-Forwarded-Port:"8086", X-Forwarded-Host:"localhost:8086"]
2026-10-08 21:40:42.353 [reactor-http-nio-5] [39mDEBUG[0;39m [36mo.s.c.g.f.h.o.ObservedRequestHttpHeadersFilter[0;39m - Client observation  {name=http.client.requests(null), error=null, context=name='http.client.requests', contextualName='null', error='null', lowCardinalityKeyValues=[http.method='GET', http.status_code='UNKNOWN', spring.cloud.gateway.route.id='platform-admin', spring.cloud.gateway.route.uri='lb://MOMENT-FOREVER-PLATFORM'], highCardinalityKeyValues=[http.uri='http://localhost:8086/platform/admin/timeslots'], map=[class io.micrometer.core.instrument.Timer$Sample='io.micrometer.core.instrument.Timer$Sample@75254309', class io.micrometer.core.instrument.LongTaskTimer$Sample='SampleImpl{duration(seconds)=1.162E-4, duration(nanos)=116200.0, startTimeNanos=114847561395300}'], parentObservation={name=http.server.requests(null), error=null, context=name='http.server.requests', contextualName='null', error='null', lowCardinalityKeyValues=[exception='none', method='GET', outcome='SUCCESS', status='200', uri='UNKNOWN'], highCardinalityKeyValues=[http.url='/api/platform/admin/timeslots'], map=[class io.micrometer.core.instrument.Timer$Sample='io.micrometer.core.instrument.Timer$Sample@38491bcf', class io.micrometer.core.instrument.LongTaskTimer$Sample='SampleImpl{duration(seconds)=0.0369054, duration(nanos)=3.69054E7, startTimeNanos=114847524746300}'], parentObservation=null}} created for the request. New headers are [host:"localhost:8086", sec-ch-ua-platform:""Windows"", authorization:"Bearer eyJhbGciOiJIUzI1NiJ9.eyJyb2xlcyI6IlNVUEVSX0FETUlOIiwidXNlcklkIjoxLCJlbmFibGVkIjp0cnVlLCJ1c2VybmFtZSI6InN1cGVyYWRtaW5AY2hlcmlzaHguY29tIiwiYWNjb3VudE5vbkxvY2tlZCI6dHJ1ZSwic3ViIjoic3VwZXJhZG1pbkBjaGVyaXNoeC5jb20iLCJpYXQiOjE3OTE0NjgzMjEsImV4cCI6MTc5MTU1NDcyMSwiaXNzIjoibW9tZW50LWZvcmV2ZXItYXBwIiwiYXVkIjoibW9tZW50LWZvcmV2ZXItY2xpZW50In0.MSh7MAgomTQN20GrkE0ylIFKJcho7PbSp53bCRBE2-Y", sec-ch-ua:""Chromium";v="154", "Microsoft Edge";v="154", "Not A(Brand";v="99"", accesstoken:"eyJhbGciOiJIUzI1NiJ9.eyJyb2xlcyI6IlNVUEVSX0FETUlOIiwidXNlcklkIjoxLCJlbmFibGVkIjp0cnVlLCJ1c2VybmFtZSI6InN1cGVyYWRtaW5AY2hlcmlzaHguY29tIiwiYWNjb3VudE5vbkxvY2tlZCI6dHJ1ZSwic3ViIjoic3VwZXJhZG1pbkBjaGVyaXNoeC5jb20iLCJpYXQiOjE3OTE0NjgzMjEsImV4cCI6MTc5MTU1NDcyMSwiaXNzIjoibW9tZW50LWZvcmV2ZXItYXBwIiwiYXVkIjoibW9tZW50LWZvcmV2ZXItY2xpZW50In0.MSh7MAgomTQN20GrkE0ylIFKJcho7PbSp53bCRBE2-Y", sec-ch-ua-mobile:"?0", x-requested-with:"XMLHttpRequest", x-pm-header:"[object Object]", accept:"application/json", user-agent:"Mozilla/5.0 (Windows NT 10.0; Win64; x64) AppleWebKit/537.36 (KHTML, like Gecko) Chrome/154.0.0.0 Safari/537.36 Edg/154.0.0.0", sec-fetch-site:"same-origin", sec-fetch-mode:"cors", sec-fetch-dest:"empty", referer:"http://localhost:5173/admin/slots", accept-encoding:"gzip, deflate, br, zstd", accept-language:"en-GB,en;q=0.9,en-US;q=0.8,en-IN;q=0.7", X-User-Id:"1", X-User-Roles:"SUPER_ADMIN", Forwarded:"proto=http;host="localhost:8086";for="[0:0:0:0:0:0:0:1]:60023"", X-Forwarded-For:"0:0:0:0:0:0:0:1", X-Forwarded-Proto:"http", X-Forwarded-Prefix:"/api", X-Forwarded-Port:"8086", X-Forwarded-Host:"localhost:8086"]
2026-10-08 21:40:42.402 [reactor-http-nio-3] [39mDEBUG[0;39m [36mo.s.c.g.f.h.o.ObservedResponseHttpHeadersFilter[0;39m - Will instrument the response
2026-10-08 21:40:42.405 [reactor-http-nio-3] [39mDEBUG[0;39m [36mo.s.c.g.f.h.o.ObservedResponseHttpHeadersFilter[0;39m - The response was handled for observation {name=http.client.requests(null), error=null, context=name='http.client.requests', contextualName='null', error='null', lowCardinalityKeyValues=[http.method='GET', http.status_code='UNKNOWN', spring.cloud.gateway.route.id='platform-admin', spring.cloud.gateway.route.uri='lb://MOMENT-FOREVER-PLATFORM'], highCardinalityKeyValues=[http.uri='http://localhost:8086/platform/admin/timeslots'], map=[class io.micrometer.core.instrument.Timer$Sample='io.micrometer.core.instrument.Timer$Sample@75254309', class io.micrometer.core.instrument.LongTaskTimer$Sample='SampleImpl{duration(seconds)=0.0517221, duration(nanos)=5.17221E7, startTimeNanos=114847561395300}'], parentObservation={name=http.server.requests(null), error=null, context=name='http.server.requests', contextualName='null', error='null', lowCardinalityKeyValues=[exception='none', method='GET', outcome='SUCCESS', status='200', uri='UNKNOWN'], highCardinalityKeyValues=[http.url='/api/platform/admin/timeslots'], map=[class io.micrometer.core.instrument.Timer$Sample='io.micrometer.core.instrument.Timer$Sample@38491bcf', class io.micrometer.core.instrument.LongTaskTimer$Sample='SampleImpl{duration(seconds)=0.0884987, duration(nanos)=8.84987E7, startTimeNanos=114847524746300}'], parentObservation=null}}
2026-10-08 21:40:42.406 [reactor-http-nio-3] [34mINFO [0;39m [36mc.f.M.f.GatewayRequestLoggingFilter[0;39m - GATEWAY_REQUEST method=GET path=/platform/admin/timeslots routeId=platform-admin target=lb://MOMENT-FOREVER-PLATFORM status=200 durationMs=59 signal=onComplete
2026-10-08 21:40:43.288 [reactor-http-nio-6] [39mDEBUG[0;39m [36mo.s.c.g.h.RoutePredicateHandlerMapping[0;39m - Route matched: platform-admin
2026-10-08 21:40:43.288 [reactor-http-nio-8] [39mDEBUG[0;39m [36mo.s.c.g.h.RoutePredicateHandlerMapping[0;39m - Route matched: platform-admin
2026-10-08 21:40:43.288 [reactor-http-nio-6] [39mDEBUG[0;39m [36mo.s.c.g.h.RoutePredicateHandlerMapping[0;39m - Mapping [Exchange: GET http://localhost:8086/api/platform/admin/locations] to Route{id='platform-admin', uri=lb://MOMENT-FOREVER-PLATFORM, order=0, predicate=Paths: [/api/platform/admin/**], match trailing slash: true, gatewayFilters=[[[StripPrefix parts = 1], order = 1]], metadata={requires-auth=true}}
2026-10-08 21:40:43.288 [reactor-http-nio-6] [39mDEBUG[0;39m [36mo.s.c.g.h.RoutePredicateHandlerMapping[0;39m - [9fecb718-942] Mapped to org.springframework.cloud.gateway.handler.FilteringWebHandler@3f7c6365
2026-10-08 21:40:43.288 [reactor-http-nio-7] [39mDEBUG[0;39m [36mo.s.c.g.h.RoutePredicateHandlerMapping[0;39m - Route matched: platform-admin
2026-10-08 21:40:43.288 [reactor-http-nio-6] [39mDEBUG[0;39m [36mo.s.c.g.handler.FilteringWebHandler[0;39m - Sorted gatewayFilterFactories: [[GatewayFilterAdapter{delegate=org.springframework.cloud.gateway.filter.RemoveCachedBodyFilter@7227926b}, order = -2147483648], [GatewayFilterAdapter{delegate=org.springframework.cloud.gateway.filter.AdaptCachedBodyGlobalFilter@79617c3d}, order = -2147482648], [GatewayFilterAdapter{delegate=com.forvmom.MomentForeverAPIGateway.filter.JwtAuthenticationFilter@35a9e665}, order = -1], [GatewayFilterAdapter{delegate=org.springframework.cloud.gateway.filter.NettyWriteResponseFilter@1b632442}, order = -1], [GatewayFilterAdapter{delegate=org.springframework.cloud.gateway.filter.ForwardPathFilter@57a982f9}, order = 0], [GatewayFilterAdapter{delegate=org.springframework.cloud.gateway.filter.GatewayMetricsFilter@1b69fc07}, order = 0], [[StripPrefix parts = 1], order = 1], [GatewayFilterAdapter{delegate=org.springframework.cloud.gateway.filter.RouteToRequestUrlFilter@2f75a9b1}, order = 10000], [GatewayFilterAdapter{delegate=org.springframework.cloud.gateway.filter.ReactiveLoadBalancerClientFilter@362be0cd}, order = 10150], [GatewayFilterAdapter{delegate=org.springframework.cloud.gateway.filter.LoadBalancerServiceInstanceCookieFilter@2dde0a34}, order = 10151], [GatewayFilterAdapter{delegate=org.springframework.cloud.gateway.filter.WebsocketRoutingFilter@19d3f6ad}, order = 2147483646], [GatewayFilterAdapter{delegate=com.forvmom.MomentForeverAPIGateway.filter.GatewayRequestLoggingFilter@6a04d2a4}, order = 2147483647], [GatewayFilterAdapter{delegate=org.springframework.cloud.gateway.filter.NettyRoutingFilter@61836cd9}, order = 2147483647], [GatewayFilterAdapter{delegate=org.springframework.cloud.gateway.filter.ForwardRoutingFilter@556aed22}, order = 2147483647]]
2026-10-08 21:40:43.288 [reactor-http-nio-8] [39mDEBUG[0;39m [36mo.s.c.g.h.RoutePredicateHandlerMapping[0;39m - Mapping [Exchange: GET http://localhost:8086/api/platform/admin/categories] to Route{id='platform-admin', uri=lb://MOMENT-FOREVER-PLATFORM, order=0, predicate=Paths: [/api/platform/admin/**], match trailing slash: true, gatewayFilters=[[[StripPrefix parts = 1], order = 1]], metadata={requires-auth=true}}
2026-10-08 21:40:43.288 [reactor-http-nio-7] [39mDEBUG[0;39m [36mo.s.c.g.h.RoutePredicateHandlerMapping[0;39m - Mapping [Exchange: GET http://localhost:8086/api/platform/admin/subcategories] to Route{id='platform-admin', uri=lb://MOMENT-FOREVER-PLATFORM, order=0, predicate=Paths: [/api/platform/admin/**], match trailing slash: true, gatewayFilters=[[[StripPrefix parts = 1], order = 1]], metadata={requires-auth=true}}
2026-10-08 21:40:43.288 [reactor-http-nio-8] [39mDEBUG[0;39m [36mo.s.c.g.h.RoutePredicateHandlerMapping[0;39m - [a66e86c7-944] Mapped to org.springframework.cloud.gateway.handler.FilteringWebHandler@3f7c6365
2026-10-08 21:40:43.292 [reactor-http-nio-7] [39mDEBUG[0;39m [36mo.s.c.g.h.RoutePredicateHandlerMapping[0;39m - [4abff813-943] Mapped to org.springframework.cloud.gateway.handler.FilteringWebHandler@3f7c6365
2026-10-08 21:40:43.292 [reactor-http-nio-8] [39mDEBUG[0;39m [36mo.s.c.g.handler.FilteringWebHandler[0;39m - Sorted gatewayFilterFactories: [[GatewayFilterAdapter{delegate=org.springframework.cloud.gateway.filter.RemoveCachedBodyFilter@7227926b}, order = -2147483648], [GatewayFilterAdapter{delegate=org.springframework.cloud.gateway.filter.AdaptCachedBodyGlobalFilter@79617c3d}, order = -2147482648], [GatewayFilterAdapter{delegate=com.forvmom.MomentForeverAPIGateway.filter.JwtAuthenticationFilter@35a9e665}, order = -1], [GatewayFilterAdapter{delegate=org.springframework.cloud.gateway.filter.NettyWriteResponseFilter@1b632442}, order = -1], [GatewayFilterAdapter{delegate=org.springframework.cloud.gateway.filter.ForwardPathFilter@57a982f9}, order = 0], [GatewayFilterAdapter{delegate=org.springframework.cloud.gateway.filter.GatewayMetricsFilter@1b69fc07}, order = 0], [[StripPrefix parts = 1], order = 1], [GatewayFilterAdapter{delegate=org.springframework.cloud.gateway.filter.RouteToRequestUrlFilter@2f75a9b1}, order = 10000], [GatewayFilterAdapter{delegate=org.springframework.cloud.gateway.filter.ReactiveLoadBalancerClientFilter@362be0cd}, order = 10150], [GatewayFilterAdapter{delegate=org.springframework.cloud.gateway.filter.LoadBalancerServiceInstanceCookieFilter@2dde0a34}, order = 10151], [GatewayFilterAdapter{delegate=org.springframework.cloud.gateway.filter.WebsocketRoutingFilter@19d3f6ad}, order = 2147483646], [GatewayFilterAdapter{delegate=com.forvmom.MomentForeverAPIGateway.filter.GatewayRequestLoggingFilter@6a04d2a4}, order = 2147483647], [GatewayFilterAdapter{delegate=org.springframework.cloud.gateway.filter.NettyRoutingFilter@61836cd9}, order = 2147483647], [GatewayFilterAdapter{delegate=org.springframework.cloud.gateway.filter.ForwardRoutingFilter@556aed22}, order = 2147483647]]
2026-10-08 21:40:43.292 [reactor-http-nio-7] [39mDEBUG[0;39m [36mo.s.c.g.handler.FilteringWebHandler[0;39m - Sorted gatewayFilterFactories: [[GatewayFilterAdapter{delegate=org.springframework.cloud.gateway.filter.RemoveCachedBodyFilter@7227926b}, order = -2147483648], [GatewayFilterAdapter{delegate=org.springframework.cloud.gateway.filter.AdaptCachedBodyGlobalFilter@79617c3d}, order = -2147482648], [GatewayFilterAdapter{delegate=com.forvmom.MomentForeverAPIGateway.filter.JwtAuthenticationFilter@35a9e665}, order = -1], [GatewayFilterAdapter{delegate=org.springframework.cloud.gateway.filter.NettyWriteResponseFilter@1b632442}, order = -1], [GatewayFilterAdapter{delegate=org.springframework.cloud.gateway.filter.ForwardPathFilter@57a982f9}, order = 0], [GatewayFilterAdapter{delegate=org.springframework.cloud.gateway.filter.GatewayMetricsFilter@1b69fc07}, order = 0], [[StripPrefix parts = 1], order = 1], [GatewayFilterAdapter{delegate=org.springframework.cloud.gateway.filter.RouteToRequestUrlFilter@2f75a9b1}, order = 10000], [GatewayFilterAdapter{delegate=org.springframework.cloud.gateway.filter.ReactiveLoadBalancerClientFilter@362be0cd}, order = 10150], [GatewayFilterAdapter{delegate=org.springframework.cloud.gateway.filter.LoadBalancerServiceInstanceCookieFilter@2dde0a34}, order = 10151], [GatewayFilterAdapter{delegate=org.springframework.cloud.gateway.filter.WebsocketRoutingFilter@19d3f6ad}, order = 2147483646], [GatewayFilterAdapter{delegate=com.forvmom.MomentForeverAPIGateway.filter.GatewayRequestLoggingFilter@6a04d2a4}, order = 2147483647], [GatewayFilterAdapter{delegate=org.springframework.cloud.gateway.filter.NettyRoutingFilter@61836cd9}, order = 2147483647], [GatewayFilterAdapter{delegate=org.springframework.cloud.gateway.filter.ForwardRoutingFilter@556aed22}, order = 2147483647]]
2026-10-08 21:40:43.306 [reactor-http-nio-6] [39mDEBUG[0;39m [36mo.s.c.g.f.h.o.ObservedRequestHttpHeadersFilter[0;39m - Will instrument the HTTP request headers [host:"localhost:8086", sec-ch-ua-platform:""Windows"", authorization:"Bearer eyJhbGciOiJIUzI1NiJ9.eyJyb2xlcyI6IlNVUEVSX0FETUlOIiwidXNlcklkIjoxLCJlbmFibGVkIjp0cnVlLCJ1c2VybmFtZSI6InN1cGVyYWRtaW5AY2hlcmlzaHguY29tIiwiYWNjb3VudE5vbkxvY2tlZCI6dHJ1ZSwic3ViIjoic3VwZXJhZG1pbkBjaGVyaXNoeC5jb20iLCJpYXQiOjE3OTE0NjgzMjEsImV4cCI6MTc5MTU1NDcyMSwiaXNzIjoibW9tZW50LWZvcmV2ZXItYXBwIiwiYXVkIjoibW9tZW50LWZvcmV2ZXItY2xpZW50In0.MSh7MAgomTQN20GrkE0ylIFKJcho7PbSp53bCRBE2-Y", sec-ch-ua:""Chromium";v="154", "Microsoft Edge";v="154", "Not A(Brand";v="99"", accesstoken:"eyJhbGciOiJIUzI1NiJ9.eyJyb2xlcyI6IlNVUEVSX0FETUlOIiwidXNlcklkIjoxLCJlbmFibGVkIjp0cnVlLCJ1c2VybmFtZSI6InN1cGVyYWRtaW5AY2hlcmlzaHguY29tIiwiYWNjb3VudE5vbkxvY2tlZCI6dHJ1ZSwic3ViIjoic3VwZXJhZG1pbkBjaGVyaXNoeC5jb20iLCJpYXQiOjE3OTE0NjgzMjEsImV4cCI6MTc5MTU1NDcyMSwiaXNzIjoibW9tZW50LWZvcmV2ZXItYXBwIiwiYXVkIjoibW9tZW50LWZvcmV2ZXItY2xpZW50In0.MSh7MAgomTQN20GrkE0ylIFKJcho7PbSp53bCRBE2-Y", sec-ch-ua-mobile:"?0", x-requested-with:"XMLHttpRequest", x-pm-header:"[object Object]", accept:"application/json", user-agent:"Mozilla/5.0 (Windows NT 10.0; Win64; x64) AppleWebKit/537.36 (KHTML, like Gecko) Chrome/154.0.0.0 Safari/537.36 Edg/154.0.0.0", sec-fetch-site:"same-origin", sec-fetch-mode:"cors", sec-fetch-dest:"empty", referer:"http://localhost:5173/admin/locations", accept-encoding:"gzip, deflate, br, zstd", accept-language:"en-GB,en;q=0.9,en-US;q=0.8,en-IN;q=0.7", X-User-Id:"1", X-User-Roles:"SUPER_ADMIN", Forwarded:"proto=http;host="localhost:8086";for="[0:0:0:0:0:0:0:1]:62927"", X-Forwarded-For:"0:0:0:0:0:0:0:1", X-Forwarded-Proto:"http", X-Forwarded-Prefix:"/api", X-Forwarded-Port:"8086", X-Forwarded-Host:"localhost:8086"]
2026-10-08 21:40:43.307 [reactor-http-nio-6] [39mDEBUG[0;39m [36mo.s.c.g.f.h.o.ObservedRequestHttpHeadersFilter[0;39m - Client observation  {name=http.client.requests(null), error=null, context=name='http.client.requests', contextualName='null', error='null', lowCardinalityKeyValues=[http.method='GET', http.status_code='UNKNOWN', spring.cloud.gateway.route.id='platform-admin', spring.cloud.gateway.route.uri='lb://MOMENT-FOREVER-PLATFORM'], highCardinalityKeyValues=[http.uri='http://localhost:8086/platform/admin/locations'], map=[class io.micrometer.core.instrument.Timer$Sample='io.micrometer.core.instrument.Timer$Sample@6dd78c61', class io.micrometer.core.instrument.LongTaskTimer$Sample='SampleImpl{duration(seconds)=2.25E-4, duration(nanos)=225000.0, startTimeNanos=114848514822400}'], parentObservation={name=http.server.requests(null), error=null, context=name='http.server.requests', contextualName='null', error='null', lowCardinalityKeyValues=[exception='none', method='GET', outcome='SUCCESS', status='200', uri='UNKNOWN'], highCardinalityKeyValues=[http.url='/api/platform/admin/locations'], map=[class io.micrometer.core.instrument.Timer$Sample='io.micrometer.core.instrument.Timer$Sample@63dce901', class io.micrometer.core.instrument.LongTaskTimer$Sample='SampleImpl{duration(seconds)=0.0165742, duration(nanos)=1.65742E7, startTimeNanos=114848498709900}'], parentObservation=null}} created for the request. New headers are [host:"localhost:8086", sec-ch-ua-platform:""Windows"", authorization:"Bearer eyJhbGciOiJIUzI1NiJ9.eyJyb2xlcyI6IlNVUEVSX0FETUlOIiwidXNlcklkIjoxLCJlbmFibGVkIjp0cnVlLCJ1c2VybmFtZSI6InN1cGVyYWRtaW5AY2hlcmlzaHguY29tIiwiYWNjb3VudE5vbkxvY2tlZCI6dHJ1ZSwic3ViIjoic3VwZXJhZG1pbkBjaGVyaXNoeC5jb20iLCJpYXQiOjE3OTE0NjgzMjEsImV4cCI6MTc5MTU1NDcyMSwiaXNzIjoibW9tZW50LWZvcmV2ZXItYXBwIiwiYXVkIjoibW9tZW50LWZvcmV2ZXItY2xpZW50In0.MSh7MAgomTQN20GrkE0ylIFKJcho7PbSp53bCRBE2-Y", sec-ch-ua:""Chromium";v="154", "Microsoft Edge";v="154", "Not A(Brand";v="99"", accesstoken:"eyJhbGciOiJIUzI1NiJ9.eyJyb2xlcyI6IlNVUEVSX0FETUlOIiwidXNlcklkIjoxLCJlbmFibGVkIjp0cnVlLCJ1c2VybmFtZSI6InN1cGVyYWRtaW5AY2hlcmlzaHguY29tIiwiYWNjb3VudE5vbkxvY2tlZCI6dHJ1ZSwic3ViIjoic3VwZXJhZG1pbkBjaGVyaXNoeC5jb20iLCJpYXQiOjE3OTE0NjgzMjEsImV4cCI6MTc5MTU1NDcyMSwiaXNzIjoibW9tZW50LWZvcmV2ZXItYXBwIiwiYXVkIjoibW9tZW50LWZvcmV2ZXItY2xpZW50In0.MSh7MAgomTQN20GrkE0ylIFKJcho7PbSp53bCRBE2-Y", sec-ch-ua-mobile:"?0", x-requested-with:"XMLHttpRequest", x-pm-header:"[object Object]", accept:"application/json", user-agent:"Mozilla/5.0 (Windows NT 10.0; Win64; x64) AppleWebKit/537.36 (KHTML, like Gecko) Chrome/154.0.0.0 Safari/537.36 Edg/154.0.0.0", sec-fetch-site:"same-origin", sec-fetch-mode:"cors", sec-fetch-dest:"empty", referer:"http://localhost:5173/admin/locations", accept-encoding:"gzip, deflate, br, zstd", accept-language:"en-GB,en;q=0.9,en-US;q=0.8,en-IN;q=0.7", X-User-Id:"1", X-User-Roles:"SUPER_ADMIN", Forwarded:"proto=http;host="localhost:8086";for="[0:0:0:0:0:0:0:1]:62927"", X-Forwarded-For:"0:0:0:0:0:0:0:1", X-Forwarded-Proto:"http", X-Forwarded-Prefix:"/api", X-Forwarded-Port:"8086", X-Forwarded-Host:"localhost:8086"]
2026-10-08 21:40:43.307 [reactor-http-nio-8] [39mDEBUG[0;39m [36mo.s.c.g.f.h.o.ObservedRequestHttpHeadersFilter[0;39m - Will instrument the HTTP request headers [host:"localhost:8086", sec-ch-ua-platform:""Windows"", authorization:"Bearer eyJhbGciOiJIUzI1NiJ9.eyJyb2xlcyI6IlNVUEVSX0FETUlOIiwidXNlcklkIjoxLCJlbmFibGVkIjp0cnVlLCJ1c2VybmFtZSI6InN1cGVyYWRtaW5AY2hlcmlzaHguY29tIiwiYWNjb3VudE5vbkxvY2tlZCI6dHJ1ZSwic3ViIjoic3VwZXJhZG1pbkBjaGVyaXNoeC5jb20iLCJpYXQiOjE3OTE0NjgzMjEsImV4cCI6MTc5MTU1NDcyMSwiaXNzIjoibW9tZW50LWZvcmV2ZXItYXBwIiwiYXVkIjoibW9tZW50LWZvcmV2ZXItY2xpZW50In0.MSh7MAgomTQN20GrkE0ylIFKJcho7PbSp53bCRBE2-Y", sec-ch-ua:""Chromium";v="154", "Microsoft Edge";v="154", "Not A(Brand";v="99"", accesstoken:"eyJhbGciOiJIUzI1NiJ9.eyJyb2xlcyI6IlNVUEVSX0FETUlOIiwidXNlcklkIjoxLCJlbmFibGVkIjp0cnVlLCJ1c2VybmFtZSI6InN1cGVyYWRtaW5AY2hlcmlzaHguY29tIiwiYWNjb3VudE5vbkxvY2tlZCI6dHJ1ZSwic3ViIjoic3VwZXJhZG1pbkBjaGVyaXNoeC5jb20iLCJpYXQiOjE3OTE0NjgzMjEsImV4cCI6MTc5MTU1NDcyMSwiaXNzIjoibW9tZW50LWZvcmV2ZXItYXBwIiwiYXVkIjoibW9tZW50LWZvcmV2ZXItY2xpZW50In0.MSh7MAgomTQN20GrkE0ylIFKJcho7PbSp53bCRBE2-Y", sec-ch-ua-mobile:"?0", x-requested-with:"XMLHttpRequest", x-pm-header:"[object Object]", accept:"application/json", user-agent:"Mozilla/5.0 (Windows NT 10.0; Win64; x64) AppleWebKit/537.36 (KHTML, like Gecko) Chrome/154.0.0.0 Safari/537.36 Edg/154.0.0.0", sec-fetch-site:"same-origin", sec-fetch-mode:"cors", sec-fetch-dest:"empty", referer:"http://localhost:5173/admin/locations", accept-encoding:"gzip, deflate, br, zstd", accept-language:"en-GB,en;q=0.9,en-US;q=0.8,en-IN;q=0.7", X-User-Id:"1", X-User-Roles:"SUPER_ADMIN", Forwarded:"proto=http;host="localhost:8086";for="[0:0:0:0:0:0:0:1]:62929"", X-Forwarded-For:"0:0:0:0:0:0:0:1", X-Forwarded-Proto:"http", X-Forwarded-Prefix:"/api", X-Forwarded-Port:"8086", X-Forwarded-Host:"localhost:8086"]
2026-10-08 21:40:43.307 [reactor-http-nio-7] [39mDEBUG[0;39m [36mo.s.c.g.f.h.o.ObservedRequestHttpHeadersFilter[0;39m - Will instrument the HTTP request headers [host:"localhost:8086", sec-ch-ua-platform:""Windows"", authorization:"Bearer eyJhbGciOiJIUzI1NiJ9.eyJyb2xlcyI6IlNVUEVSX0FETUlOIiwidXNlcklkIjoxLCJlbmFibGVkIjp0cnVlLCJ1c2VybmFtZSI6InN1cGVyYWRtaW5AY2hlcmlzaHguY29tIiwiYWNjb3VudE5vbkxvY2tlZCI6dHJ1ZSwic3ViIjoic3VwZXJhZG1pbkBjaGVyaXNoeC5jb20iLCJpYXQiOjE3OTE0NjgzMjEsImV4cCI6MTc5MTU1NDcyMSwiaXNzIjoibW9tZW50LWZvcmV2ZXItYXBwIiwiYXVkIjoibW9tZW50LWZvcmV2ZXItY2xpZW50In0.MSh7MAgomTQN20GrkE0ylIFKJcho7PbSp53bCRBE2-Y", sec-ch-ua:""Chromium";v="154", "Microsoft Edge";v="154", "Not A(Brand";v="99"", accesstoken:"eyJhbGciOiJIUzI1NiJ9.eyJyb2xlcyI6IlNVUEVSX0FETUlOIiwidXNlcklkIjoxLCJlbmFibGVkIjp0cnVlLCJ1c2VybmFtZSI6InN1cGVyYWRtaW5AY2hlcmlzaHguY29tIiwiYWNjb3VudE5vbkxvY2tlZCI6dHJ1ZSwic3ViIjoic3VwZXJhZG1pbkBjaGVyaXNoeC5jb20iLCJpYXQiOjE3OTE0NjgzMjEsImV4cCI6MTc5MTU1NDcyMSwiaXNzIjoibW9tZW50LWZvcmV2ZXItYXBwIiwiYXVkIjoibW9tZW50LWZvcmV2ZXItY2xpZW50In0.MSh7MAgomTQN20GrkE0ylIFKJcho7PbSp53bCRBE2-Y", sec-ch-ua-mobile:"?0", x-requested-with:"XMLHttpRequest", x-pm-header:"[object Object]", accept:"application/json", user-agent:"Mozilla/5.0 (Windows NT 10.0; Win64; x64) AppleWebKit/537.36 (KHTML, like Gecko) Chrome/154.0.0.0 Safari/537.36 Edg/154.0.0.0", sec-fetch-site:"same-origin", sec-fetch-mode:"cors", sec-fetch-dest:"empty", referer:"http://localhost:5173/admin/locations", accept-encoding:"gzip, deflate, br, zstd", accept-language:"en-GB,en;q=0.9,en-US;q=0.8,en-IN;q=0.7", X-User-Id:"1", X-User-Roles:"SUPER_ADMIN", Forwarded:"proto=http;host="localhost:8086";for="[0:0:0:0:0:0:0:1]:62928"", X-Forwarded-For:"0:0:0:0:0:0:0:1", X-Forwarded-Proto:"http", X-Forwarded-Prefix:"/api", X-Forwarded-Port:"8086", X-Forwarded-Host:"localhost:8086"]
2026-10-08 21:40:43.310 [reactor-http-nio-7] [39mDEBUG[0;39m [36mo.s.c.g.f.h.o.ObservedRequestHttpHeadersFilter[0;39m - Client observation  {name=http.client.requests(null), error=null, context=name='http.client.requests', contextualName='null', error='null', lowCardinalityKeyValues=[http.method='GET', http.status_code='UNKNOWN', spring.cloud.gateway.route.id='platform-admin', spring.cloud.gateway.route.uri='lb://MOMENT-FOREVER-PLATFORM'], highCardinalityKeyValues=[http.uri='http://localhost:8086/platform/admin/subcategories'], map=[class io.micrometer.core.instrument.Timer$Sample='io.micrometer.core.instrument.Timer$Sample@5ed09e90', class io.micrometer.core.instrument.LongTaskTimer$Sample='SampleImpl{duration(seconds)=8.96E-5, duration(nanos)=89600.0, startTimeNanos=114848517800400}'], parentObservation={name=http.server.requests(null), error=null, context=name='http.server.requests', contextualName='null', error='null', lowCardinalityKeyValues=[exception='none', method='GET', outcome='SUCCESS', status='200', uri='UNKNOWN'], highCardinalityKeyValues=[http.url='/api/platform/admin/subcategories'], map=[class io.micrometer.core.instrument.Timer$Sample='io.micrometer.core.instrument.Timer$Sample@7454a40', class io.micrometer.core.instrument.LongTaskTimer$Sample='SampleImpl{duration(seconds)=0.0191324, duration(nanos)=1.91324E7, startTimeNanos=114848498838800}'], parentObservation=null}} created for the request. New headers are [host:"localhost:8086", sec-ch-ua-platform:""Windows"", authorization:"Bearer eyJhbGciOiJIUzI1NiJ9.eyJyb2xlcyI6IlNVUEVSX0FETUlOIiwidXNlcklkIjoxLCJlbmFibGVkIjp0cnVlLCJ1c2VybmFtZSI6InN1cGVyYWRtaW5AY2hlcmlzaHguY29tIiwiYWNjb3VudE5vbkxvY2tlZCI6dHJ1ZSwic3ViIjoic3VwZXJhZG1pbkBjaGVyaXNoeC5jb20iLCJpYXQiOjE3OTE0NjgzMjEsImV4cCI6MTc5MTU1NDcyMSwiaXNzIjoibW9tZW50LWZvcmV2ZXItYXBwIiwiYXVkIjoibW9tZW50LWZvcmV2ZXItY2xpZW50In0.MSh7MAgomTQN20GrkE0ylIFKJcho7PbSp53bCRBE2-Y", sec-ch-ua:""Chromium";v="154", "Microsoft Edge";v="154", "Not A(Brand";v="99"", accesstoken:"eyJhbGciOiJIUzI1NiJ9.eyJyb2xlcyI6IlNVUEVSX0FETUlOIiwidXNlcklkIjoxLCJlbmFibGVkIjp0cnVlLCJ1c2VybmFtZSI6InN1cGVyYWRtaW5AY2hlcmlzaHguY29tIiwiYWNjb3VudE5vbkxvY2tlZCI6dHJ1ZSwic3ViIjoic3VwZXJhZG1pbkBjaGVyaXNoeC5jb20iLCJpYXQiOjE3OTE0NjgzMjEsImV4cCI6MTc5MTU1NDcyMSwiaXNzIjoibW9tZW50LWZvcmV2ZXItYXBwIiwiYXVkIjoibW9tZW50LWZvcmV2ZXItY2xpZW50In0.MSh7MAgomTQN20GrkE0ylIFKJcho7PbSp53bCRBE2-Y", sec-ch-ua-mobile:"?0", x-requested-with:"XMLHttpRequest", x-pm-header:"[object Object]", accept:"application/json", user-agent:"Mozilla/5.0 (Windows NT 10.0; Win64; x64) AppleWebKit/537.36 (KHTML, like Gecko) Chrome/154.0.0.0 Safari/537.36 Edg/154.0.0.0", sec-fetch-site:"same-origin", sec-fetch-mode:"cors", sec-fetch-dest:"empty", referer:"http://localhost:5173/admin/locations", accept-encoding:"gzip, deflate, br, zstd", accept-language:"en-GB,en;q=0.9,en-US;q=0.8,en-IN;q=0.7", X-User-Id:"1", X-User-Roles:"SUPER_ADMIN", Forwarded:"proto=http;host="localhost:8086";for="[0:0:0:0:0:0:0:1]:62928"", X-Forwarded-For:"0:0:0:0:0:0:0:1", X-Forwarded-Proto:"http", X-Forwarded-Prefix:"/api", X-Forwarded-Port:"8086", X-Forwarded-Host:"localhost:8086"]
2026-10-08 21:40:43.310 [reactor-http-nio-8] [39mDEBUG[0;39m [36mo.s.c.g.f.h.o.ObservedRequestHttpHeadersFilter[0;39m - Client observation  {name=http.client.requests(null), error=null, context=name='http.client.requests', contextualName='null', error='null', lowCardinalityKeyValues=[http.method='GET', http.status_code='UNKNOWN', spring.cloud.gateway.route.id='platform-admin', spring.cloud.gateway.route.uri='lb://MOMENT-FOREVER-PLATFORM'], highCardinalityKeyValues=[http.uri='http://localhost:8086/platform/admin/categories'], map=[class io.micrometer.core.instrument.Timer$Sample='io.micrometer.core.instrument.Timer$Sample@346e4472', class io.micrometer.core.instrument.LongTaskTimer$Sample='SampleImpl{duration(seconds)=4.011E-4, duration(nanos)=401100.0, startTimeNanos=114848517234600}'], parentObservation={name=http.server.requests(null), error=null, context=name='http.server.requests', contextualName='null', error='null', lowCardinalityKeyValues=[exception='none', method='GET', outcome='SUCCESS', status='200', uri='UNKNOWN'], highCardinalityKeyValues=[http.url='/api/platform/admin/categories'], map=[class io.micrometer.core.instrument.Timer$Sample='io.micrometer.core.instrument.Timer$Sample@678b8620', class io.micrometer.core.instrument.LongTaskTimer$Sample='SampleImpl{duration(seconds)=0.0190903, duration(nanos)=1.90903E7, startTimeNanos=114848498868300}'], parentObservation=null}} created for the request. New headers are [host:"localhost:8086", sec-ch-ua-platform:""Windows"", authorization:"Bearer eyJhbGciOiJIUzI1NiJ9.eyJyb2xlcyI6IlNVUEVSX0FETUlOIiwidXNlcklkIjoxLCJlbmFibGVkIjp0cnVlLCJ1c2VybmFtZSI6InN1cGVyYWRtaW5AY2hlcmlzaHguY29tIiwiYWNjb3VudE5vbkxvY2tlZCI6dHJ1ZSwic3ViIjoic3VwZXJhZG1pbkBjaGVyaXNoeC5jb20iLCJpYXQiOjE3OTE0NjgzMjEsImV4cCI6MTc5MTU1NDcyMSwiaXNzIjoibW9tZW50LWZvcmV2ZXItYXBwIiwiYXVkIjoibW9tZW50LWZvcmV2ZXItY2xpZW50In0.MSh7MAgomTQN20GrkE0ylIFKJcho7PbSp53bCRBE2-Y", sec-ch-ua:""Chromium";v="154", "Microsoft Edge";v="154", "Not A(Brand";v="99"", accesstoken:"eyJhbGciOiJIUzI1NiJ9.eyJyb2xlcyI6IlNVUEVSX0FETUlOIiwidXNlcklkIjoxLCJlbmFibGVkIjp0cnVlLCJ1c2VybmFtZSI6InN1cGVyYWRtaW5AY2hlcmlzaHguY29tIiwiYWNjb3VudE5vbkxvY2tlZCI6dHJ1ZSwic3ViIjoic3VwZXJhZG1pbkBjaGVyaXNoeC5jb20iLCJpYXQiOjE3OTE0NjgzMjEsImV4cCI6MTc5MTU1NDcyMSwiaXNzIjoibW9tZW50LWZvcmV2ZXItYXBwIiwiYXVkIjoibW9tZW50LWZvcmV2ZXItY2xpZW50In0.MSh7MAgomTQN20GrkE0ylIFKJcho7PbSp53bCRBE2-Y", sec-ch-ua-mobile:"?0", x-requested-with:"XMLHttpRequest", x-pm-header:"[object Object]", accept:"application/json", user-agent:"Mozilla/5.0 (Windows NT 10.0; Win64; x64) AppleWebKit/537.36 (KHTML, like Gecko) Chrome/154.0.0.0 Safari/537.36 Edg/154.0.0.0", sec-fetch-site:"same-origin", sec-fetch-mode:"cors", sec-fetch-dest:"empty", referer:"http://localhost:5173/admin/locations", accept-encoding:"gzip, deflate, br, zstd", accept-language:"en-GB,en;q=0.9,en-US;q=0.8,en-IN;q=0.7", X-User-Id:"1", X-User-Roles:"SUPER_ADMIN", Forwarded:"proto=http;host="localhost:8086";for="[0:0:0:0:0:0:0:1]:62929"", X-Forwarded-For:"0:0:0:0:0:0:0:1", X-Forwarded-Proto:"http", X-Forwarded-Prefix:"/api", X-Forwarded-Port:"8086", X-Forwarded-Host:"localhost:8086"]
2026-10-08 21:40:43.380 [reactor-http-nio-2] [39mDEBUG[0;39m [36mo.s.c.g.f.h.o.ObservedResponseHttpHeadersFilter[0;39m - Will instrument the response
2026-10-08 21:40:43.380 [reactor-http-nio-2] [39mDEBUG[0;39m [36mo.s.c.g.f.h.o.ObservedResponseHttpHeadersFilter[0;39m - The response was handled for observation {name=http.client.requests(null), error=null, context=name='http.client.requests', contextualName='null', error='null', lowCardinalityKeyValues=[http.method='GET', http.status_code='UNKNOWN', spring.cloud.gateway.route.id='platform-admin', spring.cloud.gateway.route.uri='lb://MOMENT-FOREVER-PLATFORM'], highCardinalityKeyValues=[http.uri='http://localhost:8086/platform/admin/subcategories'], map=[class io.micrometer.core.instrument.Timer$Sample='io.micrometer.core.instrument.Timer$Sample@5ed09e90', class io.micrometer.core.instrument.LongTaskTimer$Sample='SampleImpl{duration(seconds)=0.0703503, duration(nanos)=7.03503E7, startTimeNanos=114848517800400}'], parentObservation={name=http.server.requests(null), error=null, context=name='http.server.requests', contextualName='null', error='null', lowCardinalityKeyValues=[exception='none', method='GET', outcome='SUCCESS', status='200', uri='UNKNOWN'], highCardinalityKeyValues=[http.url='/api/platform/admin/subcategories'], map=[class io.micrometer.core.instrument.Timer$Sample='io.micrometer.core.instrument.Timer$Sample@7454a40', class io.micrometer.core.instrument.LongTaskTimer$Sample='SampleImpl{duration(seconds)=0.0893776, duration(nanos)=8.93776E7, startTimeNanos=114848498838800}'], parentObservation=null}}
2026-10-08 21:40:43.381 [reactor-http-nio-2] [34mINFO [0;39m [36mc.f.M.f.GatewayRequestLoggingFilter[0;39m - GATEWAY_REQUEST method=GET path=/platform/admin/subcategories routeId=platform-admin target=lb://MOMENT-FOREVER-PLATFORM status=200 durationMs=74 signal=onComplete
2026-10-08 21:40:43.401 [reactor-http-nio-12] [39mDEBUG[0;39m [36mo.s.c.g.f.h.o.ObservedResponseHttpHeadersFilter[0;39m - Will instrument the response
2026-10-08 21:40:43.401 [reactor-http-nio-12] [39mDEBUG[0;39m [36mo.s.c.g.f.h.o.ObservedResponseHttpHeadersFilter[0;39m - The response was handled for observation {name=http.client.requests(null), error=null, context=name='http.client.requests', contextualName='null', error='null', lowCardinalityKeyValues=[http.method='GET', http.status_code='UNKNOWN', spring.cloud.gateway.route.id='platform-admin', spring.cloud.gateway.route.uri='lb://MOMENT-FOREVER-PLATFORM'], highCardinalityKeyValues=[http.uri='http://localhost:8086/platform/admin/locations'], map=[class io.micrometer.core.instrument.Timer$Sample='io.micrometer.core.instrument.Timer$Sample@6dd78c61', class io.micrometer.core.instrument.LongTaskTimer$Sample='SampleImpl{duration(seconds)=0.0949932, duration(nanos)=9.49932E7, startTimeNanos=114848514822400}'], parentObservation={name=http.server.requests(null), error=null, context=name='http.server.requests', contextualName='null', error='null', lowCardinalityKeyValues=[exception='none', method='GET', outcome='SUCCESS', status='200', uri='UNKNOWN'], highCardinalityKeyValues=[http.url='/api/platform/admin/locations'], map=[class io.micrometer.core.instrument.Timer$Sample='io.micrometer.core.instrument.Timer$Sample@63dce901', class io.micrometer.core.instrument.LongTaskTimer$Sample='SampleImpl{duration(seconds)=0.1112983, duration(nanos)=1.112983E8, startTimeNanos=114848498709900}'], parentObservation=null}}
2026-10-08 21:40:43.401 [reactor-http-nio-12] [34mINFO [0;39m [36mc.f.M.f.GatewayRequestLoggingFilter[0;39m - GATEWAY_REQUEST method=GET path=/platform/admin/locations routeId=platform-admin target=lb://MOMENT-FOREVER-PLATFORM status=200 durationMs=100 signal=onComplete
2026-10-08 21:40:43.404 [reactor-http-nio-4] [39mDEBUG[0;39m [36mo.s.c.g.f.h.o.ObservedResponseHttpHeadersFilter[0;39m - Will instrument the response
2026-10-08 21:40:43.405 [reactor-http-nio-4] [39mDEBUG[0;39m [36mo.s.c.g.f.h.o.ObservedResponseHttpHeadersFilter[0;39m - The response was handled for observation {name=http.client.requests(null), error=null, context=name='http.client.requests', contextualName='null', error='null', lowCardinalityKeyValues=[http.method='GET', http.status_code='UNKNOWN', spring.cloud.gateway.route.id='platform-admin', spring.cloud.gateway.route.uri='lb://MOMENT-FOREVER-PLATFORM'], highCardinalityKeyValues=[http.uri='http://localhost:8086/platform/admin/categories'], map=[class io.micrometer.core.instrument.Timer$Sample='io.micrometer.core.instrument.Timer$Sample@346e4472', class io.micrometer.core.instrument.LongTaskTimer$Sample='SampleImpl{duration(seconds)=0.0959779, duration(nanos)=9.59779E7, startTimeNanos=114848517234600}'], parentObservation={name=http.server.requests(null), error=null, context=name='http.server.requests', contextualName='null', error='null', lowCardinalityKeyValues=[exception='none', method='GET', outcome='SUCCESS', status='200', uri='UNKNOWN'], highCardinalityKeyValues=[http.url='/api/platform/admin/categories'], map=[class io.micrometer.core.instrument.Timer$Sample='io.micrometer.core.instrument.Timer$Sample@678b8620', class io.micrometer.core.instrument.LongTaskTimer$Sample='SampleImpl{duration(seconds)=0.1144323, duration(nanos)=1.144323E8, startTimeNanos=114848498868300}'], parentObservation=null}}
2026-10-08 21:40:43.405 [reactor-http-nio-4] [34mINFO [0;39m [36mc.f.M.f.GatewayRequestLoggingFilter[0;39m - GATEWAY_REQUEST method=GET path=/platform/admin/categories routeId=platform-admin target=lb://MOMENT-FOREVER-PLATFORM status=200 durationMs=98 signal=onComplete
2026-10-08 21:40:46.617 [reactor-http-nio-10] [39mDEBUG[0;39m [36mo.s.c.g.h.RoutePredicateHandlerMapping[0;39m - Route matched: platform-admin
2026-10-08 21:40:46.617 [reactor-http-nio-11] [39mDEBUG[0;39m [36mo.s.c.g.h.RoutePredicateHandlerMapping[0;39m - Route matched: platform-admin
2026-10-08 21:40:46.617 [reactor-http-nio-10] [39mDEBUG[0;39m [36mo.s.c.g.h.RoutePredicateHandlerMapping[0;39m - Mapping [Exchange: GET http://localhost:8086/api/platform/admin/locations/1/subcategories] to Route{id='platform-admin', uri=lb://MOMENT-FOREVER-PLATFORM, order=0, predicate=Paths: [/api/platform/admin/**], match trailing slash: true, gatewayFilters=[[[StripPrefix parts = 1], order = 1]], metadata={requires-auth=true}}
2026-10-08 21:40:46.617 [reactor-http-nio-11] [39mDEBUG[0;39m [36mo.s.c.g.h.RoutePredicateHandlerMapping[0;39m - Mapping [Exchange: GET http://localhost:8086/api/platform/admin/locations/1/categories] to Route{id='platform-admin', uri=lb://MOMENT-FOREVER-PLATFORM, order=0, predicate=Paths: [/api/platform/admin/**], match trailing slash: true, gatewayFilters=[[[StripPrefix parts = 1], order = 1]], metadata={requires-auth=true}}
2026-10-08 21:40:46.617 [reactor-http-nio-10] [39mDEBUG[0;39m [36mo.s.c.g.h.RoutePredicateHandlerMapping[0;39m - [238290f0-946] Mapped to org.springframework.cloud.gateway.handler.FilteringWebHandler@3f7c6365
2026-10-08 21:40:46.625 [reactor-http-nio-11] [39mDEBUG[0;39m [36mo.s.c.g.h.RoutePredicateHandlerMapping[0;39m - [7bcbd87a-947] Mapped to org.springframework.cloud.gateway.handler.FilteringWebHandler@3f7c6365
2026-10-08 21:40:46.625 [reactor-http-nio-10] [39mDEBUG[0;39m [36mo.s.c.g.handler.FilteringWebHandler[0;39m - Sorted gatewayFilterFactories: [[GatewayFilterAdapter{delegate=org.springframework.cloud.gateway.filter.RemoveCachedBodyFilter@7227926b}, order = -2147483648], [GatewayFilterAdapter{delegate=org.springframework.cloud.gateway.filter.AdaptCachedBodyGlobalFilter@79617c3d}, order = -2147482648], [GatewayFilterAdapter{delegate=com.forvmom.MomentForeverAPIGateway.filter.JwtAuthenticationFilter@35a9e665}, order = -1], [GatewayFilterAdapter{delegate=org.springframework.cloud.gateway.filter.NettyWriteResponseFilter@1b632442}, order = -1], [GatewayFilterAdapter{delegate=org.springframework.cloud.gateway.filter.ForwardPathFilter@57a982f9}, order = 0], [GatewayFilterAdapter{delegate=org.springframework.cloud.gateway.filter.GatewayMetricsFilter@1b69fc07}, order = 0], [[StripPrefix parts = 1], order = 1], [GatewayFilterAdapter{delegate=org.springframework.cloud.gateway.filter.RouteToRequestUrlFilter@2f75a9b1}, order = 10000], [GatewayFilterAdapter{delegate=org.springframework.cloud.gateway.filter.ReactiveLoadBalancerClientFilter@362be0cd}, order = 10150], [GatewayFilterAdapter{delegate=org.springframework.cloud.gateway.filter.LoadBalancerServiceInstanceCookieFilter@2dde0a34}, order = 10151], [GatewayFilterAdapter{delegate=org.springframework.cloud.gateway.filter.WebsocketRoutingFilter@19d3f6ad}, order = 2147483646], [GatewayFilterAdapter{delegate=com.forvmom.MomentForeverAPIGateway.filter.GatewayRequestLoggingFilter@6a04d2a4}, order = 2147483647], [GatewayFilterAdapter{delegate=org.springframework.cloud.gateway.filter.NettyRoutingFilter@61836cd9}, order = 2147483647], [GatewayFilterAdapter{delegate=org.springframework.cloud.gateway.filter.ForwardRoutingFilter@556aed22}, order = 2147483647]]
2026-10-08 21:40:46.625 [reactor-http-nio-11] [39mDEBUG[0;39m [36mo.s.c.g.handler.FilteringWebHandler[0;39m - Sorted gatewayFilterFactories: [[GatewayFilterAdapter{delegate=org.springframework.cloud.gateway.filter.RemoveCachedBodyFilter@7227926b}, order = -2147483648], [GatewayFilterAdapter{delegate=org.springframework.cloud.gateway.filter.AdaptCachedBodyGlobalFilter@79617c3d}, order = -2147482648], [GatewayFilterAdapter{delegate=com.forvmom.MomentForeverAPIGateway.filter.JwtAuthenticationFilter@35a9e665}, order = -1], [GatewayFilterAdapter{delegate=org.springframework.cloud.gateway.filter.NettyWriteResponseFilter@1b632442}, order = -1], [GatewayFilterAdapter{delegate=org.springframework.cloud.gateway.filter.ForwardPathFilter@57a982f9}, order = 0], [GatewayFilterAdapter{delegate=org.springframework.cloud.gateway.filter.GatewayMetricsFilter@1b69fc07}, order = 0], [[StripPrefix parts = 1], order = 1], [GatewayFilterAdapter{delegate=org.springframework.cloud.gateway.filter.RouteToRequestUrlFilter@2f75a9b1}, order = 10000], [GatewayFilterAdapter{delegate=org.springframework.cloud.gateway.filter.ReactiveLoadBalancerClientFilter@362be0cd}, order = 10150], [GatewayFilterAdapter{delegate=org.springframework.cloud.gateway.filter.LoadBalancerServiceInstanceCookieFilter@2dde0a34}, order = 10151], [GatewayFilterAdapter{delegate=org.springframework.cloud.gateway.filter.WebsocketRoutingFilter@19d3f6ad}, order = 2147483646], [GatewayFilterAdapter{delegate=com.forvmom.MomentForeverAPIGateway.filter.GatewayRequestLoggingFilter@6a04d2a4}, order = 2147483647], [GatewayFilterAdapter{delegate=org.springframework.cloud.gateway.filter.NettyRoutingFilter@61836cd9}, order = 2147483647], [GatewayFilterAdapter{delegate=org.springframework.cloud.gateway.filter.ForwardRoutingFilter@556aed22}, order = 2147483647]]
2026-10-08 21:40:46.646 [boundedElastic-22] [39mDEBUG[0;39m [36mo.s.c.g.f.h.o.ObservedRequestHttpHeadersFilter[0;39m - Will instrument the HTTP request headers [host:"localhost:8086", sec-ch-ua-platform:""Windows"", authorization:"Bearer eyJhbGciOiJIUzI1NiJ9.eyJyb2xlcyI6IlNVUEVSX0FETUlOIiwidXNlcklkIjoxLCJlbmFibGVkIjp0cnVlLCJ1c2VybmFtZSI6InN1cGVyYWRtaW5AY2hlcmlzaHguY29tIiwiYWNjb3VudE5vbkxvY2tlZCI6dHJ1ZSwic3ViIjoic3VwZXJhZG1pbkBjaGVyaXNoeC5jb20iLCJpYXQiOjE3OTE0NjgzMjEsImV4cCI6MTc5MTU1NDcyMSwiaXNzIjoibW9tZW50LWZvcmV2ZXItYXBwIiwiYXVkIjoibW9tZW50LWZvcmV2ZXItY2xpZW50In0.MSh7MAgomTQN20GrkE0ylIFKJcho7PbSp53bCRBE2-Y", sec-ch-ua:""Chromium";v="154", "Microsoft Edge";v="154", "Not A(Brand";v="99"", accesstoken:"eyJhbGciOiJIUzI1NiJ9.eyJyb2xlcyI6IlNVUEVSX0FETUlOIiwidXNlcklkIjoxLCJlbmFibGVkIjp0cnVlLCJ1c2VybmFtZSI6InN1cGVyYWRtaW5AY2hlcmlzaHguY29tIiwiYWNjb3VudE5vbkxvY2tlZCI6dHJ1ZSwic3ViIjoic3VwZXJhZG1pbkBjaGVyaXNoeC5jb20iLCJpYXQiOjE3OTE0NjgzMjEsImV4cCI6MTc5MTU1NDcyMSwiaXNzIjoibW9tZW50LWZvcmV2ZXItYXBwIiwiYXVkIjoibW9tZW50LWZvcmV2ZXItY2xpZW50In0.MSh7MAgomTQN20GrkE0ylIFKJcho7PbSp53bCRBE2-Y", sec-ch-ua-mobile:"?0", x-requested-with:"XMLHttpRequest", x-pm-header:"[object Object]", accept:"application/json", user-agent:"Mozilla/5.0 (Windows NT 10.0; Win64; x64) AppleWebKit/537.36 (KHTML, like Gecko) Chrome/154.0.0.0 Safari/537.36 Edg/154.0.0.0", sec-fetch-site:"same-origin", sec-fetch-mode:"cors", sec-fetch-dest:"empty", referer:"http://localhost:5173/admin/locations", accept-encoding:"gzip, deflate, br, zstd", accept-language:"en-GB,en;q=0.9,en-US;q=0.8,en-IN;q=0.7", X-User-Id:"1", X-User-Roles:"SUPER_ADMIN", Forwarded:"proto=http;host="localhost:8086";for="[0:0:0:0:0:0:0:1]:54415"", X-Forwarded-For:"0:0:0:0:0:0:0:1", X-Forwarded-Proto:"http", X-Forwarded-Prefix:"/api", X-Forwarded-Port:"8086", X-Forwarded-Host:"localhost:8086"]
2026-10-08 21:40:46.646 [boundedElastic-12] [39mDEBUG[0;39m [36mo.s.c.g.f.h.o.ObservedRequestHttpHeadersFilter[0;39m - Will instrument the HTTP request headers [host:"localhost:8086", sec-ch-ua-platform:""Windows"", authorization:"Bearer eyJhbGciOiJIUzI1NiJ9.eyJyb2xlcyI6IlNVUEVSX0FETUlOIiwidXNlcklkIjoxLCJlbmFibGVkIjp0cnVlLCJ1c2VybmFtZSI6InN1cGVyYWRtaW5AY2hlcmlzaHguY29tIiwiYWNjb3VudE5vbkxvY2tlZCI6dHJ1ZSwic3ViIjoic3VwZXJhZG1pbkBjaGVyaXNoeC5jb20iLCJpYXQiOjE3OTE0NjgzMjEsImV4cCI6MTc5MTU1NDcyMSwiaXNzIjoibW9tZW50LWZvcmV2ZXItYXBwIiwiYXVkIjoibW9tZW50LWZvcmV2ZXItY2xpZW50In0.MSh7MAgomTQN20GrkE0ylIFKJcho7PbSp53bCRBE2-Y", sec-ch-ua:""Chromium";v="154", "Microsoft Edge";v="154", "Not A(Brand";v="99"", accesstoken:"eyJhbGciOiJIUzI1NiJ9.eyJyb2xlcyI6IlNVUEVSX0FETUlOIiwidXNlcklkIjoxLCJlbmFibGVkIjp0cnVlLCJ1c2VybmFtZSI6InN1cGVyYWRtaW5AY2hlcmlzaHguY29tIiwiYWNjb3VudE5vbkxvY2tlZCI6dHJ1ZSwic3ViIjoic3VwZXJhZG1pbkBjaGVyaXNoeC5jb20iLCJpYXQiOjE3OTE0NjgzMjEsImV4cCI6MTc5MTU1NDcyMSwiaXNzIjoibW9tZW50LWZvcmV2ZXItYXBwIiwiYXVkIjoibW9tZW50LWZvcmV2ZXItY2xpZW50In0.MSh7MAgomTQN20GrkE0ylIFKJcho7PbSp53bCRBE2-Y", sec-ch-ua-mobile:"?0", x-requested-with:"XMLHttpRequest", x-pm-header:"[object Object]", accept:"application/json", user-agent:"Mozilla/5.0 (Windows NT 10.0; Win64; x64) AppleWebKit/537.36 (KHTML, like Gecko) Chrome/154.0.0.0 Safari/537.36 Edg/154.0.0.0", sec-fetch-site:"same-origin", sec-fetch-mode:"cors", sec-fetch-dest:"empty", referer:"http://localhost:5173/admin/locations", accept-encoding:"gzip, deflate, br, zstd", accept-language:"en-GB,en;q=0.9,en-US;q=0.8,en-IN;q=0.7", X-User-Id:"1", X-User-Roles:"SUPER_ADMIN", Forwarded:"proto=http;host="localhost:8086";for="[0:0:0:0:0:0:0:1]:54414"", X-Forwarded-For:"0:0:0:0:0:0:0:1", X-Forwarded-Proto:"http", X-Forwarded-Prefix:"/api", X-Forwarded-Port:"8086", X-Forwarded-Host:"localhost:8086"]
2026-10-08 21:40:46.647 [boundedElastic-12] [39mDEBUG[0;39m [36mo.s.c.g.f.h.o.ObservedRequestHttpHeadersFilter[0;39m - Client observation  {name=http.client.requests(null), error=null, context=name='http.client.requests', contextualName='null', error='null', lowCardinalityKeyValues=[http.method='GET', http.status_code='UNKNOWN', spring.cloud.gateway.route.id='platform-admin', spring.cloud.gateway.route.uri='lb://MOMENT-FOREVER-PLATFORM'], highCardinalityKeyValues=[http.uri='http://localhost:8086/platform/admin/locations/1/subcategories'], map=[class io.micrometer.core.instrument.Timer$Sample='io.micrometer.core.instrument.Timer$Sample@2e108839', class io.micrometer.core.instrument.LongTaskTimer$Sample='SampleImpl{duration(seconds)=1.19E-4, duration(nanos)=119000.0, startTimeNanos=114851855019000}'], parentObservation={name=http.server.requests(null), error=null, context=name='http.server.requests', contextualName='null', error='null', lowCardinalityKeyValues=[exception='none', method='GET', outcome='SUCCESS', status='200', uri='UNKNOWN'], highCardinalityKeyValues=[http.url='/api/platform/admin/locations/1/subcategories'], map=[class io.micrometer.core.instrument.Timer$Sample='io.micrometer.core.instrument.Timer$Sample@4efa47f4', class io.micrometer.core.instrument.LongTaskTimer$Sample='SampleImpl{duration(seconds)=0.0235225, duration(nanos)=2.35225E7, startTimeNanos=114851831746300}'], parentObservation=null}} created for the request. New headers are [host:"localhost:8086", sec-ch-ua-platform:""Windows"", authorization:"Bearer eyJhbGciOiJIUzI1NiJ9.eyJyb2xlcyI6IlNVUEVSX0FETUlOIiwidXNlcklkIjoxLCJlbmFibGVkIjp0cnVlLCJ1c2VybmFtZSI6InN1cGVyYWRtaW5AY2hlcmlzaHguY29tIiwiYWNjb3VudE5vbkxvY2tlZCI6dHJ1ZSwic3ViIjoic3VwZXJhZG1pbkBjaGVyaXNoeC5jb20iLCJpYXQiOjE3OTE0NjgzMjEsImV4cCI6MTc5MTU1NDcyMSwiaXNzIjoibW9tZW50LWZvcmV2ZXItYXBwIiwiYXVkIjoibW9tZW50LWZvcmV2ZXItY2xpZW50In0.MSh7MAgomTQN20GrkE0ylIFKJcho7PbSp53bCRBE2-Y", sec-ch-ua:""Chromium";v="154", "Microsoft Edge";v="154", "Not A(Brand";v="99"", accesstoken:"eyJhbGciOiJIUzI1NiJ9.eyJyb2xlcyI6IlNVUEVSX0FETUlOIiwidXNlcklkIjoxLCJlbmFibGVkIjp0cnVlLCJ1c2VybmFtZSI6InN1cGVyYWRtaW5AY2hlcmlzaHguY29tIiwiYWNjb3VudE5vbkxvY2tlZCI6dHJ1ZSwic3ViIjoic3VwZXJhZG1pbkBjaGVyaXNoeC5jb20iLCJpYXQiOjE3OTE0NjgzMjEsImV4cCI6MTc5MTU1NDcyMSwiaXNzIjoibW9tZW50LWZvcmV2ZXItYXBwIiwiYXVkIjoibW9tZW50LWZvcmV2ZXItY2xpZW50In0.MSh7MAgomTQN20GrkE0ylIFKJcho7PbSp53bCRBE2-Y", sec-ch-ua-mobile:"?0", x-requested-with:"XMLHttpRequest", x-pm-header:"[object Object]", accept:"application/json", user-agent:"Mozilla/5.0 (Windows NT 10.0; Win64; x64) AppleWebKit/537.36 (KHTML, like Gecko) Chrome/154.0.0.0 Safari/537.36 Edg/154.0.0.0", sec-fetch-site:"same-origin", sec-fetch-mode:"cors", sec-fetch-dest:"empty", referer:"http://localhost:5173/admin/locations", accept-encoding:"gzip, deflate, br, zstd", accept-language:"en-GB,en;q=0.9,en-US;q=0.8,en-IN;q=0.7", X-User-Id:"1", X-User-Roles:"SUPER_ADMIN", Forwarded:"proto=http;host="localhost:8086";for="[0:0:0:0:0:0:0:1]:54414"", X-Forwarded-For:"0:0:0:0:0:0:0:1", X-Forwarded-Proto:"http", X-Forwarded-Prefix:"/api", X-Forwarded-Port:"8086", X-Forwarded-Host:"localhost:8086"]
2026-10-08 21:40:46.647 [boundedElastic-22] [39mDEBUG[0;39m [36mo.s.c.g.f.h.o.ObservedRequestHttpHeadersFilter[0;39m - Client observation  {name=http.client.requests(null), error=null, context=name='http.client.requests', contextualName='null', error='null', lowCardinalityKeyValues=[http.method='GET', http.status_code='UNKNOWN', spring.cloud.gateway.route.id='platform-admin', spring.cloud.gateway.route.uri='lb://MOMENT-FOREVER-PLATFORM'], highCardinalityKeyValues=[http.uri='http://localhost:8086/platform/admin/locations/1/categories'], map=[class io.micrometer.core.instrument.Timer$Sample='io.micrometer.core.instrument.Timer$Sample@381a5ce3', class io.micrometer.core.instrument.LongTaskTimer$Sample='SampleImpl{duration(seconds)=1.574E-4, duration(nanos)=157400.0, startTimeNanos=114851855008100}'], parentObservation={name=http.server.requests(null), error=null, context=name='http.server.requests', contextualName='null', error='null', lowCardinalityKeyValues=[exception='none', method='GET', outcome='SUCCESS', status='200', uri='UNKNOWN'], highCardinalityKeyValues=[http.url='/api/platform/admin/locations/1/categories'], map=[class io.micrometer.core.instrument.Timer$Sample='io.micrometer.core.instrument.Timer$Sample@50fedb4c', class io.micrometer.core.instrument.LongTaskTimer$Sample='SampleImpl{duration(seconds)=0.023307, duration(nanos)=2.3307E7, startTimeNanos=114851831993500}'], parentObservation=null}} created for the request. New headers are [host:"localhost:8086", sec-ch-ua-platform:""Windows"", authorization:"Bearer eyJhbGciOiJIUzI1NiJ9.eyJyb2xlcyI6IlNVUEVSX0FETUlOIiwidXNlcklkIjoxLCJlbmFibGVkIjp0cnVlLCJ1c2VybmFtZSI6InN1cGVyYWRtaW5AY2hlcmlzaHguY29tIiwiYWNjb3VudE5vbkxvY2tlZCI6dHJ1ZSwic3ViIjoic3VwZXJhZG1pbkBjaGVyaXNoeC5jb20iLCJpYXQiOjE3OTE0NjgzMjEsImV4cCI6MTc5MTU1NDcyMSwiaXNzIjoibW9tZW50LWZvcmV2ZXItYXBwIiwiYXVkIjoibW9tZW50LWZvcmV2ZXItY2xpZW50In0.MSh7MAgomTQN20GrkE0ylIFKJcho7PbSp53bCRBE2-Y", sec-ch-ua:""Chromium";v="154", "Microsoft Edge";v="154", "Not A(Brand";v="99"", accesstoken:"eyJhbGciOiJIUzI1NiJ9.eyJyb2xlcyI6IlNVUEVSX0FETUlOIiwidXNlcklkIjoxLCJlbmFibGVkIjp0cnVlLCJ1c2VybmFtZSI6InN1cGVyYWRtaW5AY2hlcmlzaHguY29tIiwiYWNjb3VudE5vbkxvY2tlZCI6dHJ1ZSwic3ViIjoic3VwZXJhZG1pbkBjaGVyaXNoeC5jb20iLCJpYXQiOjE3OTE0NjgzMjEsImV4cCI6MTc5MTU1NDcyMSwiaXNzIjoibW9tZW50LWZvcmV2ZXItYXBwIiwiYXVkIjoibW9tZW50LWZvcmV2ZXItY2xpZW50In0.MSh7MAgomTQN20GrkE0ylIFKJcho7PbSp53bCRBE2-Y", sec-ch-ua-mobile:"?0", x-requested-with:"XMLHttpRequest", x-pm-header:"[object Object]", accept:"application/json", user-agent:"Mozilla/5.0 (Windows NT 10.0; Win64; x64) AppleWebKit/537.36 (KHTML, like Gecko) Chrome/154.0.0.0 Safari/537.36 Edg/154.0.0.0", sec-fetch-site:"same-origin", sec-fetch-mode:"cors", sec-fetch-dest:"empty", referer:"http://localhost:5173/admin/locations", accept-encoding:"gzip, deflate, br, zstd", accept-language:"en-GB,en;q=0.9,en-US;q=0.8,en-IN;q=0.7", X-User-Id:"1", X-User-Roles:"SUPER_ADMIN", Forwarded:"proto=http;host="localhost:8086";for="[0:0:0:0:0:0:0:1]:54415"", X-Forwarded-For:"0:0:0:0:0:0:0:1", X-Forwarded-Proto:"http", X-Forwarded-Prefix:"/api", X-Forwarded-Port:"8086", X-Forwarded-Host:"localhost:8086"]
2026-10-08 21:40:46.717 [reactor-http-nio-11] [39mDEBUG[0;39m [36mo.s.c.g.f.h.o.ObservedResponseHttpHeadersFilter[0;39m - Will instrument the response
2026-10-08 21:40:46.717 [reactor-http-nio-11] [39mDEBUG[0;39m [36mo.s.c.g.f.h.o.ObservedResponseHttpHeadersFilter[0;39m - The response was handled for observation {name=http.client.requests(null), error=null, context=name='http.client.requests', contextualName='null', error='null', lowCardinalityKeyValues=[http.method='GET', http.status_code='UNKNOWN', spring.cloud.gateway.route.id='platform-admin', spring.cloud.gateway.route.uri='lb://MOMENT-FOREVER-PLATFORM'], highCardinalityKeyValues=[http.uri='http://localhost:8086/platform/admin/locations/1/subcategories'], map=[class io.micrometer.core.instrument.Timer$Sample='io.micrometer.core.instrument.Timer$Sample@2e108839', class io.micrometer.core.instrument.LongTaskTimer$Sample='SampleImpl{duration(seconds)=0.0714213, duration(nanos)=7.14213E7, startTimeNanos=114851855019000}'], parentObservation={name=http.server.requests(null), error=null, context=name='http.server.requests', contextualName='null', error='null', lowCardinalityKeyValues=[exception='none', method='GET', outcome='SUCCESS', status='200', uri='UNKNOWN'], highCardinalityKeyValues=[http.url='/api/platform/admin/locations/1/subcategories'], map=[class io.micrometer.core.instrument.Timer$Sample='io.micrometer.core.instrument.Timer$Sample@4efa47f4', class io.micrometer.core.instrument.LongTaskTimer$Sample='SampleImpl{duration(seconds)=0.0947655, duration(nanos)=9.47655E7, startTimeNanos=114851831746300}'], parentObservation=null}}
2026-10-08 21:40:46.717 [reactor-http-nio-11] [34mINFO [0;39m [36mc.f.M.f.GatewayRequestLoggingFilter[0;39m - GATEWAY_REQUEST method=GET path=/platform/admin/locations/1/subcategories routeId=platform-admin target=lb://MOMENT-FOREVER-PLATFORM status=200 durationMs=71 signal=onComplete
2026-10-08 21:40:46.722 [reactor-http-nio-1] [39mDEBUG[0;39m [36mo.s.c.g.f.h.o.ObservedResponseHttpHeadersFilter[0;39m - Will instrument the response
2026-10-08 21:40:46.724 [reactor-http-nio-1] [39mDEBUG[0;39m [36mo.s.c.g.f.h.o.ObservedResponseHttpHeadersFilter[0;39m - The response was handled for observation {name=http.client.requests(null), error=null, context=name='http.client.requests', contextualName='null', error='null', lowCardinalityKeyValues=[http.method='GET', http.status_code='UNKNOWN', spring.cloud.gateway.route.id='platform-admin', spring.cloud.gateway.route.uri='lb://MOMENT-FOREVER-PLATFORM'], highCardinalityKeyValues=[http.uri='http://localhost:8086/platform/admin/locations/1/categories'], map=[class io.micrometer.core.instrument.Timer$Sample='io.micrometer.core.instrument.Timer$Sample@381a5ce3', class io.micrometer.core.instrument.LongTaskTimer$Sample='SampleImpl{duration(seconds)=0.0768972, duration(nanos)=7.68972E7, startTimeNanos=114851855008100}'], parentObservation={name=http.server.requests(null), error=null, context=name='http.server.requests', contextualName='null', error='null', lowCardinalityKeyValues=[exception='none', method='GET', outcome='SUCCESS', status='200', uri='UNKNOWN'], highCardinalityKeyValues=[http.url='/api/platform/admin/locations/1/categories'], map=[class io.micrometer.core.instrument.Timer$Sample='io.micrometer.core.instrument.Timer$Sample@50fedb4c', class io.micrometer.core.instrument.LongTaskTimer$Sample='SampleImpl{duration(seconds)=0.0999892, duration(nanos)=9.99892E7, startTimeNanos=114851831993500}'], parentObservation=null}}
2026-10-08 21:40:46.724 [reactor-http-nio-1] [34mINFO [0;39m [36mc.f.M.f.GatewayRequestLoggingFilter[0;39m - GATEWAY_REQUEST method=GET path=/platform/admin/locations/1/categories routeId=platform-admin target=lb://MOMENT-FOREVER-PLATFORM status=200 durationMs=78 signal=onComplete
2026-10-08 22:16:16.766 [reactor-http-nio-7] [39mDEBUG[0;39m [36mo.s.c.g.h.RoutePredicateHandlerMapping[0;39m - Route matched: platform-admin
2026-10-08 22:16:16.768 [reactor-http-nio-8] [39mDEBUG[0;39m [36mo.s.c.g.h.RoutePredicateHandlerMapping[0;39m - Route matched: platform-admin
2026-10-08 22:16:16.768 [reactor-http-nio-9] [39mDEBUG[0;39m [36mo.s.c.g.h.RoutePredicateHandlerMapping[0;39m - Route matched: platform-admin
2026-10-08 22:16:16.768 [reactor-http-nio-10] [39mDEBUG[0;39m [36mo.s.c.g.h.RoutePredicateHandlerMapping[0;39m - Route matched: platform-user
2026-10-08 22:16:16.768 [reactor-http-nio-7] [39mDEBUG[0;39m [36mo.s.c.g.h.RoutePredicateHandlerMapping[0;39m - Mapping [Exchange: GET http://localhost:8086/api/platform/admin/locations] to Route{id='platform-admin', uri=lb://MOMENT-FOREVER-PLATFORM, order=0, predicate=Paths: [/api/platform/admin/**], match trailing slash: true, gatewayFilters=[[[StripPrefix parts = 1], order = 1]], metadata={requires-auth=true}}
2026-10-08 22:16:16.768 [reactor-http-nio-10] [39mDEBUG[0;39m [36mo.s.c.g.h.RoutePredicateHandlerMapping[0;39m - Mapping [Exchange: GET http://localhost:8086/api/platform/user/profile] to Route{id='platform-user', uri=lb://MOMENT-FOREVER-PLATFORM, order=0, predicate=Paths: [/api/platform/user/**], match trailing slash: true, gatewayFilters=[[[StripPrefix parts = 1], order = 1]], metadata={requires-auth=true}}
2026-10-08 22:16:16.768 [reactor-http-nio-9] [39mDEBUG[0;39m [36mo.s.c.g.h.RoutePredicateHandlerMapping[0;39m - Mapping [Exchange: GET http://localhost:8086/api/platform/admin/categories] to Route{id='platform-admin', uri=lb://MOMENT-FOREVER-PLATFORM, order=0, predicate=Paths: [/api/platform/admin/**], match trailing slash: true, gatewayFilters=[[[StripPrefix parts = 1], order = 1]], metadata={requires-auth=true}}
2026-10-08 22:16:16.768 [reactor-http-nio-8] [39mDEBUG[0;39m [36mo.s.c.g.h.RoutePredicateHandlerMapping[0;39m - Mapping [Exchange: GET http://localhost:8086/api/platform/admin/subcategories] to Route{id='platform-admin', uri=lb://MOMENT-FOREVER-PLATFORM, order=0, predicate=Paths: [/api/platform/admin/**], match trailing slash: true, gatewayFilters=[[[StripPrefix parts = 1], order = 1]], metadata={requires-auth=true}}
2026-10-08 22:16:16.768 [reactor-http-nio-7] [39mDEBUG[0;39m [36mo.s.c.g.h.RoutePredicateHandlerMapping[0;39m - [4c2eb1a6-1159] Mapped to org.springframework.cloud.gateway.handler.FilteringWebHandler@3f7c6365
2026-10-08 22:16:16.768 [reactor-http-nio-10] [39mDEBUG[0;39m [36mo.s.c.g.h.RoutePredicateHandlerMapping[0;39m - [1c358b7c-1162] Mapped to org.springframework.cloud.gateway.handler.FilteringWebHandler@3f7c6365
2026-10-08 22:16:16.768 [reactor-http-nio-9] [39mDEBUG[0;39m [36mo.s.c.g.h.RoutePredicateHandlerMapping[0;39m - [da2db9f3-1161] Mapped to org.springframework.cloud.gateway.handler.FilteringWebHandler@3f7c6365
2026-10-08 22:16:16.768 [reactor-http-nio-8] [39mDEBUG[0;39m [36mo.s.c.g.h.RoutePredicateHandlerMapping[0;39m - [de7c420e-1160] Mapped to org.springframework.cloud.gateway.handler.FilteringWebHandler@3f7c6365
2026-10-08 22:16:16.770 [reactor-http-nio-7] [39mDEBUG[0;39m [36mo.s.c.g.handler.FilteringWebHandler[0;39m - Sorted gatewayFilterFactories: [[GatewayFilterAdapter{delegate=org.springframework.cloud.gateway.filter.RemoveCachedBodyFilter@7227926b}, order = -2147483648], [GatewayFilterAdapter{delegate=org.springframework.cloud.gateway.filter.AdaptCachedBodyGlobalFilter@79617c3d}, order = -2147482648], [GatewayFilterAdapter{delegate=com.forvmom.MomentForeverAPIGateway.filter.JwtAuthenticationFilter@35a9e665}, order = -1], [GatewayFilterAdapter{delegate=org.springframework.cloud.gateway.filter.NettyWriteResponseFilter@1b632442}, order = -1], [GatewayFilterAdapter{delegate=org.springframework.cloud.gateway.filter.ForwardPathFilter@57a982f9}, order = 0], [GatewayFilterAdapter{delegate=org.springframework.cloud.gateway.filter.GatewayMetricsFilter@1b69fc07}, order = 0], [[StripPrefix parts = 1], order = 1], [GatewayFilterAdapter{delegate=org.springframework.cloud.gateway.filter.RouteToRequestUrlFilter@2f75a9b1}, order = 10000], [GatewayFilterAdapter{delegate=org.springframework.cloud.gateway.filter.ReactiveLoadBalancerClientFilter@362be0cd}, order = 10150], [GatewayFilterAdapter{delegate=org.springframework.cloud.gateway.filter.LoadBalancerServiceInstanceCookieFilter@2dde0a34}, order = 10151], [GatewayFilterAdapter{delegate=org.springframework.cloud.gateway.filter.WebsocketRoutingFilter@19d3f6ad}, order = 2147483646], [GatewayFilterAdapter{delegate=com.forvmom.MomentForeverAPIGateway.filter.GatewayRequestLoggingFilter@6a04d2a4}, order = 2147483647], [GatewayFilterAdapter{delegate=org.springframework.cloud.gateway.filter.NettyRoutingFilter@61836cd9}, order = 2147483647], [GatewayFilterAdapter{delegate=org.springframework.cloud.gateway.filter.ForwardRoutingFilter@556aed22}, order = 2147483647]]
2026-10-08 22:16:16.770 [reactor-http-nio-8] [39mDEBUG[0;39m [36mo.s.c.g.handler.FilteringWebHandler[0;39m - Sorted gatewayFilterFactories: [[GatewayFilterAdapter{delegate=org.springframework.cloud.gateway.filter.RemoveCachedBodyFilter@7227926b}, order = -2147483648], [GatewayFilterAdapter{delegate=org.springframework.cloud.gateway.filter.AdaptCachedBodyGlobalFilter@79617c3d}, order = -2147482648], [GatewayFilterAdapter{delegate=com.forvmom.MomentForeverAPIGateway.filter.JwtAuthenticationFilter@35a9e665}, order = -1], [GatewayFilterAdapter{delegate=org.springframework.cloud.gateway.filter.NettyWriteResponseFilter@1b632442}, order = -1], [GatewayFilterAdapter{delegate=org.springframework.cloud.gateway.filter.ForwardPathFilter@57a982f9}, order = 0], [GatewayFilterAdapter{delegate=org.springframework.cloud.gateway.filter.GatewayMetricsFilter@1b69fc07}, order = 0], [[StripPrefix parts = 1], order = 1], [GatewayFilterAdapter{delegate=org.springframework.cloud.gateway.filter.RouteToRequestUrlFilter@2f75a9b1}, order = 10000], [GatewayFilterAdapter{delegate=org.springframework.cloud.gateway.filter.ReactiveLoadBalancerClientFilter@362be0cd}, order = 10150], [GatewayFilterAdapter{delegate=org.springframework.cloud.gateway.filter.LoadBalancerServiceInstanceCookieFilter@2dde0a34}, order = 10151], [GatewayFilterAdapter{delegate=org.springframework.cloud.gateway.filter.WebsocketRoutingFilter@19d3f6ad}, order = 2147483646], [GatewayFilterAdapter{delegate=com.forvmom.MomentForeverAPIGateway.filter.GatewayRequestLoggingFilter@6a04d2a4}, order = 2147483647], [GatewayFilterAdapter{delegate=org.springframework.cloud.gateway.filter.NettyRoutingFilter@61836cd9}, order = 2147483647], [GatewayFilterAdapter{delegate=org.springframework.cloud.gateway.filter.ForwardRoutingFilter@556aed22}, order = 2147483647]]
2026-10-08 22:16:16.770 [reactor-http-nio-10] [39mDEBUG[0;39m [36mo.s.c.g.handler.FilteringWebHandler[0;39m - Sorted gatewayFilterFactories: [[GatewayFilterAdapter{delegate=org.springframework.cloud.gateway.filter.RemoveCachedBodyFilter@7227926b}, order = -2147483648], [GatewayFilterAdapter{delegate=org.springframework.cloud.gateway.filter.AdaptCachedBodyGlobalFilter@79617c3d}, order = -2147482648], [GatewayFilterAdapter{delegate=com.forvmom.MomentForeverAPIGateway.filter.JwtAuthenticationFilter@35a9e665}, order = -1], [GatewayFilterAdapter{delegate=org.springframework.cloud.gateway.filter.NettyWriteResponseFilter@1b632442}, order = -1], [GatewayFilterAdapter{delegate=org.springframework.cloud.gateway.filter.ForwardPathFilter@57a982f9}, order = 0], [GatewayFilterAdapter{delegate=org.springframework.cloud.gateway.filter.GatewayMetricsFilter@1b69fc07}, order = 0], [[StripPrefix parts = 1], order = 1], [GatewayFilterAdapter{delegate=org.springframework.cloud.gateway.filter.RouteToRequestUrlFilter@2f75a9b1}, order = 10000], [GatewayFilterAdapter{delegate=org.springframework.cloud.gateway.filter.ReactiveLoadBalancerClientFilter@362be0cd}, order = 10150], [GatewayFilterAdapter{delegate=org.springframework.cloud.gateway.filter.LoadBalancerServiceInstanceCookieFilter@2dde0a34}, order = 10151], [GatewayFilterAdapter{delegate=org.springframework.cloud.gateway.filter.WebsocketRoutingFilter@19d3f6ad}, order = 2147483646], [GatewayFilterAdapter{delegate=com.forvmom.MomentForeverAPIGateway.filter.GatewayRequestLoggingFilter@6a04d2a4}, order = 2147483647], [GatewayFilterAdapter{delegate=org.springframework.cloud.gateway.filter.NettyRoutingFilter@61836cd9}, order = 2147483647], [GatewayFilterAdapter{delegate=org.springframework.cloud.gateway.filter.ForwardRoutingFilter@556aed22}, order = 2147483647]]
2026-10-08 22:16:16.770 [reactor-http-nio-9] [39mDEBUG[0;39m [36mo.s.c.g.handler.FilteringWebHandler[0;39m - Sorted gatewayFilterFactories: [[GatewayFilterAdapter{delegate=org.springframework.cloud.gateway.filter.RemoveCachedBodyFilter@7227926b}, order = -2147483648], [GatewayFilterAdapter{delegate=org.springframework.cloud.gateway.filter.AdaptCachedBodyGlobalFilter@79617c3d}, order = -2147482648], [GatewayFilterAdapter{delegate=com.forvmom.MomentForeverAPIGateway.filter.JwtAuthenticationFilter@35a9e665}, order = -1], [GatewayFilterAdapter{delegate=org.springframework.cloud.gateway.filter.NettyWriteResponseFilter@1b632442}, order = -1], [GatewayFilterAdapter{delegate=org.springframework.cloud.gateway.filter.ForwardPathFilter@57a982f9}, order = 0], [GatewayFilterAdapter{delegate=org.springframework.cloud.gateway.filter.GatewayMetricsFilter@1b69fc07}, order = 0], [[StripPrefix parts = 1], order = 1], [GatewayFilterAdapter{delegate=org.springframework.cloud.gateway.filter.RouteToRequestUrlFilter@2f75a9b1}, order = 10000], [GatewayFilterAdapter{delegate=org.springframework.cloud.gateway.filter.ReactiveLoadBalancerClientFilter@362be0cd}, order = 10150], [GatewayFilterAdapter{delegate=org.springframework.cloud.gateway.filter.LoadBalancerServiceInstanceCookieFilter@2dde0a34}, order = 10151], [GatewayFilterAdapter{delegate=org.springframework.cloud.gateway.filter.WebsocketRoutingFilter@19d3f6ad}, order = 2147483646], [GatewayFilterAdapter{delegate=com.forvmom.MomentForeverAPIGateway.filter.GatewayRequestLoggingFilter@6a04d2a4}, order = 2147483647], [GatewayFilterAdapter{delegate=org.springframework.cloud.gateway.filter.NettyRoutingFilter@61836cd9}, order = 2147483647], [GatewayFilterAdapter{delegate=org.springframework.cloud.gateway.filter.ForwardRoutingFilter@556aed22}, order = 2147483647]]
2026-10-08 22:16:16.820 [boundedElastic-18] [39mDEBUG[0;39m [36mo.s.c.g.f.h.o.ObservedRequestHttpHeadersFilter[0;39m - Will instrument the HTTP request headers [host:"localhost:8086", sec-ch-ua-platform:""Windows"", authorization:"Bearer eyJhbGciOiJIUzI1NiJ9.eyJyb2xlcyI6IlNVUEVSX0FETUlOIiwidXNlcklkIjoxLCJlbmFibGVkIjp0cnVlLCJ1c2VybmFtZSI6InN1cGVyYWRtaW5AY2hlcmlzaHguY29tIiwiYWNjb3VudE5vbkxvY2tlZCI6dHJ1ZSwic3ViIjoic3VwZXJhZG1pbkBjaGVyaXNoeC5jb20iLCJpYXQiOjE3OTE0NjgzMjEsImV4cCI6MTc5MTU1NDcyMSwiaXNzIjoibW9tZW50LWZvcmV2ZXItYXBwIiwiYXVkIjoibW9tZW50LWZvcmV2ZXItY2xpZW50In0.MSh7MAgomTQN20GrkE0ylIFKJcho7PbSp53bCRBE2-Y", sec-ch-ua:""Chromium";v="154", "Microsoft Edge";v="154", "Not A(Brand";v="99"", accesstoken:"eyJhbGciOiJIUzI1NiJ9.eyJyb2xlcyI6IlNVUEVSX0FETUlOIiwidXNlcklkIjoxLCJlbmFibGVkIjp0cnVlLCJ1c2VybmFtZSI6InN1cGVyYWRtaW5AY2hlcmlzaHguY29tIiwiYWNjb3VudE5vbkxvY2tlZCI6dHJ1ZSwic3ViIjoic3VwZXJhZG1pbkBjaGVyaXNoeC5jb20iLCJpYXQiOjE3OTE0NjgzMjEsImV4cCI6MTc5MTU1NDcyMSwiaXNzIjoibW9tZW50LWZvcmV2ZXItYXBwIiwiYXVkIjoibW9tZW50LWZvcmV2ZXItY2xpZW50In0.MSh7MAgomTQN20GrkE0ylIFKJcho7PbSp53bCRBE2-Y", sec-ch-ua-mobile:"?0", x-requested-with:"XMLHttpRequest", x-pm-header:"[object Object]", accept:"application/json", user-agent:"Mozilla/5.0 (Windows NT 10.0; Win64; x64) AppleWebKit/537.36 (KHTML, like Gecko) Chrome/154.0.0.0 Safari/537.36 Edg/154.0.0.0", sec-fetch-site:"same-origin", sec-fetch-mode:"cors", sec-fetch-dest:"empty", referer:"http://localhost:5173/admin/locations", accept-encoding:"gzip, deflate, br, zstd", accept-language:"en-GB,en;q=0.9,en-US;q=0.8,en-IN;q=0.7", X-User-Id:"1", X-User-Roles:"SUPER_ADMIN", Forwarded:"proto=http;host="localhost:8086";for="[0:0:0:0:0:0:0:1]:50196"", X-Forwarded-For:"0:0:0:0:0:0:0:1", X-Forwarded-Proto:"http", X-Forwarded-Prefix:"/api", X-Forwarded-Port:"8086", X-Forwarded-Host:"localhost:8086"]
2026-10-08 22:16:16.820 [boundedElastic-24] [39mDEBUG[0;39m [36mo.s.c.g.f.h.o.ObservedRequestHttpHeadersFilter[0;39m - Will instrument the HTTP request headers [host:"localhost:8086", sec-ch-ua-platform:""Windows"", authorization:"Bearer eyJhbGciOiJIUzI1NiJ9.eyJyb2xlcyI6IlNVUEVSX0FETUlOIiwidXNlcklkIjoxLCJlbmFibGVkIjp0cnVlLCJ1c2VybmFtZSI6InN1cGVyYWRtaW5AY2hlcmlzaHguY29tIiwiYWNjb3VudE5vbkxvY2tlZCI6dHJ1ZSwic3ViIjoic3VwZXJhZG1pbkBjaGVyaXNoeC5jb20iLCJpYXQiOjE3OTE0NjgzMjEsImV4cCI6MTc5MTU1NDcyMSwiaXNzIjoibW9tZW50LWZvcmV2ZXItYXBwIiwiYXVkIjoibW9tZW50LWZvcmV2ZXItY2xpZW50In0.MSh7MAgomTQN20GrkE0ylIFKJcho7PbSp53bCRBE2-Y", sec-ch-ua:""Chromium";v="154", "Microsoft Edge";v="154", "Not A(Brand";v="99"", accesstoken:"eyJhbGciOiJIUzI1NiJ9.eyJyb2xlcyI6IlNVUEVSX0FETUlOIiwidXNlcklkIjoxLCJlbmFibGVkIjp0cnVlLCJ1c2VybmFtZSI6InN1cGVyYWRtaW5AY2hlcmlzaHguY29tIiwiYWNjb3VudE5vbkxvY2tlZCI6dHJ1ZSwic3ViIjoic3VwZXJhZG1pbkBjaGVyaXNoeC5jb20iLCJpYXQiOjE3OTE0NjgzMjEsImV4cCI6MTc5MTU1NDcyMSwiaXNzIjoibW9tZW50LWZvcmV2ZXItYXBwIiwiYXVkIjoibW9tZW50LWZvcmV2ZXItY2xpZW50In0.MSh7MAgomTQN20GrkE0ylIFKJcho7PbSp53bCRBE2-Y", sec-ch-ua-mobile:"?0", x-requested-with:"XMLHttpRequest", x-pm-header:"[object Object]", accept:"application/json", user-agent:"Mozilla/5.0 (Windows NT 10.0; Win64; x64) AppleWebKit/537.36 (KHTML, like Gecko) Chrome/154.0.0.0 Safari/537.36 Edg/154.0.0.0", sec-fetch-site:"same-origin", sec-fetch-mode:"cors", sec-fetch-dest:"empty", referer:"http://localhost:5173/admin/locations", accept-encoding:"gzip, deflate, br, zstd", accept-language:"en-GB,en;q=0.9,en-US;q=0.8,en-IN;q=0.7", X-User-Id:"1", X-User-Roles:"SUPER_ADMIN", Forwarded:"proto=http;host="localhost:8086";for="[0:0:0:0:0:0:0:1]:50197"", X-Forwarded-For:"0:0:0:0:0:0:0:1", X-Forwarded-Proto:"http", X-Forwarded-Prefix:"/api", X-Forwarded-Port:"8086", X-Forwarded-Host:"localhost:8086"]
2026-10-08 22:16:16.820 [boundedElastic-29] [39mDEBUG[0;39m [36mo.s.c.g.f.h.o.ObservedRequestHttpHeadersFilter[0;39m - Will instrument the HTTP request headers [host:"localhost:8086", sec-ch-ua-platform:""Windows"", authorization:"Bearer eyJhbGciOiJIUzI1NiJ9.eyJyb2xlcyI6IlNVUEVSX0FETUlOIiwidXNlcklkIjoxLCJlbmFibGVkIjp0cnVlLCJ1c2VybmFtZSI6InN1cGVyYWRtaW5AY2hlcmlzaHguY29tIiwiYWNjb3VudE5vbkxvY2tlZCI6dHJ1ZSwic3ViIjoic3VwZXJhZG1pbkBjaGVyaXNoeC5jb20iLCJpYXQiOjE3OTE0NjgzMjEsImV4cCI6MTc5MTU1NDcyMSwiaXNzIjoibW9tZW50LWZvcmV2ZXItYXBwIiwiYXVkIjoibW9tZW50LWZvcmV2ZXItY2xpZW50In0.MSh7MAgomTQN20GrkE0ylIFKJcho7PbSp53bCRBE2-Y", sec-ch-ua:""Chromium";v="154", "Microsoft Edge";v="154", "Not A(Brand";v="99"", accesstoken:"eyJhbGciOiJIUzI1NiJ9.eyJyb2xlcyI6IlNVUEVSX0FETUlOIiwidXNlcklkIjoxLCJlbmFibGVkIjp0cnVlLCJ1c2VybmFtZSI6InN1cGVyYWRtaW5AY2hlcmlzaHguY29tIiwiYWNjb3VudE5vbkxvY2tlZCI6dHJ1ZSwic3ViIjoic3VwZXJhZG1pbkBjaGVyaXNoeC5jb20iLCJpYXQiOjE3OTE0NjgzMjEsImV4cCI6MTc5MTU1NDcyMSwiaXNzIjoibW9tZW50LWZvcmV2ZXItYXBwIiwiYXVkIjoibW9tZW50LWZvcmV2ZXItY2xpZW50In0.MSh7MAgomTQN20GrkE0ylIFKJcho7PbSp53bCRBE2-Y", sec-ch-ua-mobile:"?0", x-requested-with:"XMLHttpRequest", x-pm-header:"[object Object]", accept:"application/json", user-agent:"Mozilla/5.0 (Windows NT 10.0; Win64; x64) AppleWebKit/537.36 (KHTML, like Gecko) Chrome/154.0.0.0 Safari/537.36 Edg/154.0.0.0", sec-fetch-site:"same-origin", sec-fetch-mode:"cors", sec-fetch-dest:"empty", referer:"http://localhost:5173/admin/locations", accept-encoding:"gzip, deflate, br, zstd", accept-language:"en-GB,en;q=0.9,en-US;q=0.8,en-IN;q=0.7", X-User-Id:"1", X-User-Roles:"SUPER_ADMIN", Forwarded:"proto=http;host="localhost:8086";for="[0:0:0:0:0:0:0:1]:50195"", X-Forwarded-For:"0:0:0:0:0:0:0:1", X-Forwarded-Proto:"http", X-Forwarded-Prefix:"/api", X-Forwarded-Port:"8086", X-Forwarded-Host:"localhost:8086"]
2026-10-08 22:16:16.826 [boundedElastic-24] [39mDEBUG[0;39m [36mo.s.c.g.f.h.o.ObservedRequestHttpHeadersFilter[0;39m - Client observation  {name=http.client.requests(null), error=null, context=name='http.client.requests', contextualName='null', error='null', lowCardinalityKeyValues=[http.method='GET', http.status_code='UNKNOWN', spring.cloud.gateway.route.id='platform-admin', spring.cloud.gateway.route.uri='lb://MOMENT-FOREVER-PLATFORM'], highCardinalityKeyValues=[http.uri='http://localhost:8086/platform/admin/categories'], map=[class io.micrometer.core.instrument.Timer$Sample='io.micrometer.core.instrument.Timer$Sample@3d7d27bb', class io.micrometer.core.instrument.LongTaskTimer$Sample='SampleImpl{duration(seconds)=1.259E-4, duration(nanos)=125900.0, startTimeNanos=116982033770600}'], parentObservation={name=http.server.requests(null), error=null, context=name='http.server.requests', contextualName='null', error='null', lowCardinalityKeyValues=[exception='none', method='GET', outcome='SUCCESS', status='200', uri='UNKNOWN'], highCardinalityKeyValues=[http.url='/api/platform/admin/categories'], map=[class io.micrometer.core.instrument.Timer$Sample='io.micrometer.core.instrument.Timer$Sample@4a2787f7', class io.micrometer.core.instrument.LongTaskTimer$Sample='SampleImpl{duration(seconds)=0.0585004, duration(nanos)=5.85004E7, startTimeNanos=116981975724300}'], parentObservation=null}} created for the request. New headers are [host:"localhost:8086", sec-ch-ua-platform:""Windows"", authorization:"Bearer eyJhbGciOiJIUzI1NiJ9.eyJyb2xlcyI6IlNVUEVSX0FETUlOIiwidXNlcklkIjoxLCJlbmFibGVkIjp0cnVlLCJ1c2VybmFtZSI6InN1cGVyYWRtaW5AY2hlcmlzaHguY29tIiwiYWNjb3VudE5vbkxvY2tlZCI6dHJ1ZSwic3ViIjoic3VwZXJhZG1pbkBjaGVyaXNoeC5jb20iLCJpYXQiOjE3OTE0NjgzMjEsImV4cCI6MTc5MTU1NDcyMSwiaXNzIjoibW9tZW50LWZvcmV2ZXItYXBwIiwiYXVkIjoibW9tZW50LWZvcmV2ZXItY2xpZW50In0.MSh7MAgomTQN20GrkE0ylIFKJcho7PbSp53bCRBE2-Y", sec-ch-ua:""Chromium";v="154", "Microsoft Edge";v="154", "Not A(Brand";v="99"", accesstoken:"eyJhbGciOiJIUzI1NiJ9.eyJyb2xlcyI6IlNVUEVSX0FETUlOIiwidXNlcklkIjoxLCJlbmFibGVkIjp0cnVlLCJ1c2VybmFtZSI6InN1cGVyYWRtaW5AY2hlcmlzaHguY29tIiwiYWNjb3VudE5vbkxvY2tlZCI6dHJ1ZSwic3ViIjoic3VwZXJhZG1pbkBjaGVyaXNoeC5jb20iLCJpYXQiOjE3OTE0NjgzMjEsImV4cCI6MTc5MTU1NDcyMSwiaXNzIjoibW9tZW50LWZvcmV2ZXItYXBwIiwiYXVkIjoibW9tZW50LWZvcmV2ZXItY2xpZW50In0.MSh7MAgomTQN20GrkE0ylIFKJcho7PbSp53bCRBE2-Y", sec-ch-ua-mobile:"?0", x-requested-with:"XMLHttpRequest", x-pm-header:"[object Object]", accept:"application/json", user-agent:"Mozilla/5.0 (Windows NT 10.0; Win64; x64) AppleWebKit/537.36 (KHTML, like Gecko) Chrome/154.0.0.0 Safari/537.36 Edg/154.0.0.0", sec-fetch-site:"same-origin", sec-fetch-mode:"cors", sec-fetch-dest:"empty", referer:"http://localhost:5173/admin/locations", accept-encoding:"gzip, deflate, br, zstd", accept-language:"en-GB,en;q=0.9,en-US;q=0.8,en-IN;q=0.7", X-User-Id:"1", X-User-Roles:"SUPER_ADMIN", Forwarded:"proto=http;host="localhost:8086";for="[0:0:0:0:0:0:0:1]:50197"", X-Forwarded-For:"0:0:0:0:0:0:0:1", X-Forwarded-Proto:"http", X-Forwarded-Prefix:"/api", X-Forwarded-Port:"8086", X-Forwarded-Host:"localhost:8086"]
2026-10-08 22:16:16.826 [boundedElastic-18] [39mDEBUG[0;39m [36mo.s.c.g.f.h.o.ObservedRequestHttpHeadersFilter[0;39m - Client observation  {name=http.client.requests(null), error=null, context=name='http.client.requests', contextualName='null', error='null', lowCardinalityKeyValues=[http.method='GET', http.status_code='UNKNOWN', spring.cloud.gateway.route.id='platform-admin', spring.cloud.gateway.route.uri='lb://MOMENT-FOREVER-PLATFORM'], highCardinalityKeyValues=[http.uri='http://localhost:8086/platform/admin/subcategories'], map=[class io.micrometer.core.instrument.Timer$Sample='io.micrometer.core.instrument.Timer$Sample@3e315c6b', class io.micrometer.core.instrument.LongTaskTimer$Sample='SampleImpl{duration(seconds)=0.0010822, duration(nanos)=1082200.0, startTimeNanos=116982032759600}'], parentObservation={name=http.server.requests(null), error=null, context=name='http.server.requests', contextualName='null', error='null', lowCardinalityKeyValues=[exception='none', method='GET', outcome='SUCCESS', status='200', uri='UNKNOWN'], highCardinalityKeyValues=[http.url='/api/platform/admin/subcategories'], map=[class io.micrometer.core.instrument.Timer$Sample='io.micrometer.core.instrument.Timer$Sample@3dad575d', class io.micrometer.core.instrument.LongTaskTimer$Sample='SampleImpl{duration(seconds)=0.0587776, duration(nanos)=5.87776E7, startTimeNanos=116981975478900}'], parentObservation=null}} created for the request. New headers are [host:"localhost:8086", sec-ch-ua-platform:""Windows"", authorization:"Bearer eyJhbGciOiJIUzI1NiJ9.eyJyb2xlcyI6IlNVUEVSX0FETUlOIiwidXNlcklkIjoxLCJlbmFibGVkIjp0cnVlLCJ1c2VybmFtZSI6InN1cGVyYWRtaW5AY2hlcmlzaHguY29tIiwiYWNjb3VudE5vbkxvY2tlZCI6dHJ1ZSwic3ViIjoic3VwZXJhZG1pbkBjaGVyaXNoeC5jb20iLCJpYXQiOjE3OTE0NjgzMjEsImV4cCI6MTc5MTU1NDcyMSwiaXNzIjoibW9tZW50LWZvcmV2ZXItYXBwIiwiYXVkIjoibW9tZW50LWZvcmV2ZXItY2xpZW50In0.MSh7MAgomTQN20GrkE0ylIFKJcho7PbSp53bCRBE2-Y", sec-ch-ua:""Chromium";v="154", "Microsoft Edge";v="154", "Not A(Brand";v="99"", accesstoken:"eyJhbGciOiJIUzI1NiJ9.eyJyb2xlcyI6IlNVUEVSX0FETUlOIiwidXNlcklkIjoxLCJlbmFibGVkIjp0cnVlLCJ1c2VybmFtZSI6InN1cGVyYWRtaW5AY2hlcmlzaHguY29tIiwiYWNjb3VudE5vbkxvY2tlZCI6dHJ1ZSwic3ViIjoic3VwZXJhZG1pbkBjaGVyaXNoeC5jb20iLCJpYXQiOjE3OTE0NjgzMjEsImV4cCI6MTc5MTU1NDcyMSwiaXNzIjoibW9tZW50LWZvcmV2ZXItYXBwIiwiYXVkIjoibW9tZW50LWZvcmV2ZXItY2xpZW50In0.MSh7MAgomTQN20GrkE0ylIFKJcho7PbSp53bCRBE2-Y", sec-ch-ua-mobile:"?0", x-requested-with:"XMLHttpRequest", x-pm-header:"[object Object]", accept:"application/json", user-agent:"Mozilla/5.0 (Windows NT 10.0; Win64; x64) AppleWebKit/537.36 (KHTML, like Gecko) Chrome/154.0.0.0 Safari/537.36 Edg/154.0.0.0", sec-fetch-site:"same-origin", sec-fetch-mode:"cors", sec-fetch-dest:"empty", referer:"http://localhost:5173/admin/locations", accept-encoding:"gzip, deflate, br, zstd", accept-language:"en-GB,en;q=0.9,en-US;q=0.8,en-IN;q=0.7", X-User-Id:"1", X-User-Roles:"SUPER_ADMIN", Forwarded:"proto=http;host="localhost:8086";for="[0:0:0:0:0:0:0:1]:50196"", X-Forwarded-For:"0:0:0:0:0:0:0:1", X-Forwarded-Proto:"http", X-Forwarded-Prefix:"/api", X-Forwarded-Port:"8086", X-Forwarded-Host:"localhost:8086"]
2026-10-08 22:16:16.829 [boundedElastic-29] [39mDEBUG[0;39m [36mo.s.c.g.f.h.o.ObservedRequestHttpHeadersFilter[0;39m - Client observation  {name=http.client.requests(null), error=null, context=name='http.client.requests', contextualName='null', error='null', lowCardinalityKeyValues=[http.method='GET', http.status_code='UNKNOWN', spring.cloud.gateway.route.id='platform-admin', spring.cloud.gateway.route.uri='lb://MOMENT-FOREVER-PLATFORM'], highCardinalityKeyValues=[http.uri='http://localhost:8086/platform/admin/locations'], map=[class io.micrometer.core.instrument.Timer$Sample='io.micrometer.core.instrument.Timer$Sample@78147dcf', class io.micrometer.core.instrument.LongTaskTimer$Sample='SampleImpl{duration(seconds)=1.78E-4, duration(nanos)=178000.0, startTimeNanos=116982036505700}'], parentObservation={name=http.server.requests(null), error=null, context=name='http.server.requests', contextualName='null', error='null', lowCardinalityKeyValues=[exception='none', method='GET', outcome='SUCCESS', status='200', uri='UNKNOWN'], highCardinalityKeyValues=[http.url='/api/platform/admin/locations'], map=[class io.micrometer.core.instrument.Timer$Sample='io.micrometer.core.instrument.Timer$Sample@22478e87', class io.micrometer.core.instrument.LongTaskTimer$Sample='SampleImpl{duration(seconds)=0.0619094, duration(nanos)=6.19094E7, startTimeNanos=116981974952600}'], parentObservation=null}} created for the request. New headers are [host:"localhost:8086", sec-ch-ua-platform:""Windows"", authorization:"Bearer eyJhbGciOiJIUzI1NiJ9.eyJyb2xlcyI6IlNVUEVSX0FETUlOIiwidXNlcklkIjoxLCJlbmFibGVkIjp0cnVlLCJ1c2VybmFtZSI6InN1cGVyYWRtaW5AY2hlcmlzaHguY29tIiwiYWNjb3VudE5vbkxvY2tlZCI6dHJ1ZSwic3ViIjoic3VwZXJhZG1pbkBjaGVyaXNoeC5jb20iLCJpYXQiOjE3OTE0NjgzMjEsImV4cCI6MTc5MTU1NDcyMSwiaXNzIjoibW9tZW50LWZvcmV2ZXItYXBwIiwiYXVkIjoibW9tZW50LWZvcmV2ZXItY2xpZW50In0.MSh7MAgomTQN20GrkE0ylIFKJcho7PbSp53bCRBE2-Y", sec-ch-ua:""Chromium";v="154", "Microsoft Edge";v="154", "Not A(Brand";v="99"", accesstoken:"eyJhbGciOiJIUzI1NiJ9.eyJyb2xlcyI6IlNVUEVSX0FETUlOIiwidXNlcklkIjoxLCJlbmFibGVkIjp0cnVlLCJ1c2VybmFtZSI6InN1cGVyYWRtaW5AY2hlcmlzaHguY29tIiwiYWNjb3VudE5vbkxvY2tlZCI6dHJ1ZSwic3ViIjoic3VwZXJhZG1pbkBjaGVyaXNoeC5jb20iLCJpYXQiOjE3OTE0NjgzMjEsImV4cCI6MTc5MTU1NDcyMSwiaXNzIjoibW9tZW50LWZvcmV2ZXItYXBwIiwiYXVkIjoibW9tZW50LWZvcmV2ZXItY2xpZW50In0.MSh7MAgomTQN20GrkE0ylIFKJcho7PbSp53bCRBE2-Y", sec-ch-ua-mobile:"?0", x-requested-with:"XMLHttpRequest", x-pm-header:"[object Object]", accept:"application/json", user-agent:"Mozilla/5.0 (Windows NT 10.0; Win64; x64) AppleWebKit/537.36 (KHTML, like Gecko) Chrome/154.0.0.0 Safari/537.36 Edg/154.0.0.0", sec-fetch-site:"same-origin", sec-fetch-mode:"cors", sec-fetch-dest:"empty", referer:"http://localhost:5173/admin/locations", accept-encoding:"gzip, deflate, br, zstd", accept-language:"en-GB,en;q=0.9,en-US;q=0.8,en-IN;q=0.7", X-User-Id:"1", X-User-Roles:"SUPER_ADMIN", Forwarded:"proto=http;host="localhost:8086";for="[0:0:0:0:0:0:0:1]:50195"", X-Forwarded-For:"0:0:0:0:0:0:0:1", X-Forwarded-Proto:"http", X-Forwarded-Prefix:"/api", X-Forwarded-Port:"8086", X-Forwarded-Host:"localhost:8086"]
2026-10-08 22:16:16.838 [boundedElastic-28] [39mDEBUG[0;39m [36mo.s.c.g.f.h.o.ObservedRequestHttpHeadersFilter[0;39m - Will instrument the HTTP request headers [host:"localhost:8086", sec-ch-ua-platform:""Windows"", authorization:"Bearer eyJhbGciOiJIUzI1NiJ9.eyJyb2xlcyI6IlNVUEVSX0FETUlOIiwidXNlcklkIjoxLCJlbmFibGVkIjp0cnVlLCJ1c2VybmFtZSI6InN1cGVyYWRtaW5AY2hlcmlzaHguY29tIiwiYWNjb3VudE5vbkxvY2tlZCI6dHJ1ZSwic3ViIjoic3VwZXJhZG1pbkBjaGVyaXNoeC5jb20iLCJpYXQiOjE3OTE0NjgzMjEsImV4cCI6MTc5MTU1NDcyMSwiaXNzIjoibW9tZW50LWZvcmV2ZXItYXBwIiwiYXVkIjoibW9tZW50LWZvcmV2ZXItY2xpZW50In0.MSh7MAgomTQN20GrkE0ylIFKJcho7PbSp53bCRBE2-Y", sec-ch-ua:""Chromium";v="154", "Microsoft Edge";v="154", "Not A(Brand";v="99"", accesstoken:"eyJhbGciOiJIUzI1NiJ9.eyJyb2xlcyI6IlNVUEVSX0FETUlOIiwidXNlcklkIjoxLCJlbmFibGVkIjp0cnVlLCJ1c2VybmFtZSI6InN1cGVyYWRtaW5AY2hlcmlzaHguY29tIiwiYWNjb3VudE5vbkxvY2tlZCI6dHJ1ZSwic3ViIjoic3VwZXJhZG1pbkBjaGVyaXNoeC5jb20iLCJpYXQiOjE3OTE0NjgzMjEsImV4cCI6MTc5MTU1NDcyMSwiaXNzIjoibW9tZW50LWZvcmV2ZXItYXBwIiwiYXVkIjoibW9tZW50LWZvcmV2ZXItY2xpZW50In0.MSh7MAgomTQN20GrkE0ylIFKJcho7PbSp53bCRBE2-Y", sec-ch-ua-mobile:"?0", x-requested-with:"XMLHttpRequest", x-pm-header:"[object Object]", accept:"application/json", user-agent:"Mozilla/5.0 (Windows NT 10.0; Win64; x64) AppleWebKit/537.36 (KHTML, like Gecko) Chrome/154.0.0.0 Safari/537.36 Edg/154.0.0.0", sec-fetch-site:"same-origin", sec-fetch-mode:"cors", sec-fetch-dest:"empty", referer:"http://localhost:5173/admin/locations", accept-encoding:"gzip, deflate, br, zstd", accept-language:"en-GB,en;q=0.9,en-US;q=0.8,en-IN;q=0.7", X-User-Id:"1", X-User-Roles:"SUPER_ADMIN", Forwarded:"proto=http;host="localhost:8086";for="[0:0:0:0:0:0:0:1]:50198"", X-Forwarded-For:"0:0:0:0:0:0:0:1", X-Forwarded-Proto:"http", X-Forwarded-Prefix:"/api", X-Forwarded-Port:"8086", X-Forwarded-Host:"localhost:8086"]
2026-10-08 22:16:16.841 [boundedElastic-28] [39mDEBUG[0;39m [36mo.s.c.g.f.h.o.ObservedRequestHttpHeadersFilter[0;39m - Client observation  {name=http.client.requests(null), error=null, context=name='http.client.requests', contextualName='null', error='null', lowCardinalityKeyValues=[http.method='GET', http.status_code='UNKNOWN', spring.cloud.gateway.route.id='platform-user', spring.cloud.gateway.route.uri='lb://MOMENT-FOREVER-PLATFORM'], highCardinalityKeyValues=[http.uri='http://localhost:8086/platform/user/profile'], map=[class io.micrometer.core.instrument.Timer$Sample='io.micrometer.core.instrument.Timer$Sample@2a73fede', class io.micrometer.core.instrument.LongTaskTimer$Sample='SampleImpl{duration(seconds)=1.776E-4, duration(nanos)=177600.0, startTimeNanos=116982048311100}'], parentObservation={name=http.server.requests(null), error=null, context=name='http.server.requests', contextualName='null', error='null', lowCardinalityKeyValues=[exception='none', method='GET', outcome='SUCCESS', status='200', uri='UNKNOWN'], highCardinalityKeyValues=[http.url='/api/platform/user/profile'], map=[class io.micrometer.core.instrument.Timer$Sample='io.micrometer.core.instrument.Timer$Sample@e1ae218', class io.micrometer.core.instrument.LongTaskTimer$Sample='SampleImpl{duration(seconds)=0.072686, duration(nanos)=7.2686E7, startTimeNanos=116981976135700}'], parentObservation=null}} created for the request. New headers are [host:"localhost:8086", sec-ch-ua-platform:""Windows"", authorization:"Bearer eyJhbGciOiJIUzI1NiJ9.eyJyb2xlcyI6IlNVUEVSX0FETUlOIiwidXNlcklkIjoxLCJlbmFibGVkIjp0cnVlLCJ1c2VybmFtZSI6InN1cGVyYWRtaW5AY2hlcmlzaHguY29tIiwiYWNjb3VudE5vbkxvY2tlZCI6dHJ1ZSwic3ViIjoic3VwZXJhZG1pbkBjaGVyaXNoeC5jb20iLCJpYXQiOjE3OTE0NjgzMjEsImV4cCI6MTc5MTU1NDcyMSwiaXNzIjoibW9tZW50LWZvcmV2ZXItYXBwIiwiYXVkIjoibW9tZW50LWZvcmV2ZXItY2xpZW50In0.MSh7MAgomTQN20GrkE0ylIFKJcho7PbSp53bCRBE2-Y", sec-ch-ua:""Chromium";v="154", "Microsoft Edge";v="154", "Not A(Brand";v="99"", accesstoken:"eyJhbGciOiJIUzI1NiJ9.eyJyb2xlcyI6IlNVUEVSX0FETUlOIiwidXNlcklkIjoxLCJlbmFibGVkIjp0cnVlLCJ1c2VybmFtZSI6InN1cGVyYWRtaW5AY2hlcmlzaHguY29tIiwiYWNjb3VudE5vbkxvY2tlZCI6dHJ1ZSwic3ViIjoic3VwZXJhZG1pbkBjaGVyaXNoeC5jb20iLCJpYXQiOjE3OTE0NjgzMjEsImV4cCI6MTc5MTU1NDcyMSwiaXNzIjoibW9tZW50LWZvcmV2ZXItYXBwIiwiYXVkIjoibW9tZW50LWZvcmV2ZXItY2xpZW50In0.MSh7MAgomTQN20GrkE0ylIFKJcho7PbSp53bCRBE2-Y", sec-ch-ua-mobile:"?0", x-requested-with:"XMLHttpRequest", x-pm-header:"[object Object]", accept:"application/json", user-agent:"Mozilla/5.0 (Windows NT 10.0; Win64; x64) AppleWebKit/537.36 (KHTML, like Gecko) Chrome/154.0.0.0 Safari/537.36 Edg/154.0.0.0", sec-fetch-site:"same-origin", sec-fetch-mode:"cors", sec-fetch-dest:"empty", referer:"http://localhost:5173/admin/locations", accept-encoding:"gzip, deflate, br, zstd", accept-language:"en-GB,en;q=0.9,en-US;q=0.8,en-IN;q=0.7", X-User-Id:"1", X-User-Roles:"SUPER_ADMIN", Forwarded:"proto=http;host="localhost:8086";for="[0:0:0:0:0:0:0:1]:50198"", X-Forwarded-For:"0:0:0:0:0:0:0:1", X-Forwarded-Proto:"http", X-Forwarded-Prefix:"/api", X-Forwarded-Port:"8086", X-Forwarded-Host:"localhost:8086"]
2026-10-08 22:16:17.047 [reactor-http-nio-2] [39mDEBUG[0;39m [36mo.s.c.g.f.h.o.ObservedResponseHttpHeadersFilter[0;39m - Will instrument the response
2026-10-08 22:16:17.049 [reactor-http-nio-2] [39mDEBUG[0;39m [36mo.s.c.g.f.h.o.ObservedResponseHttpHeadersFilter[0;39m - The response was handled for observation {name=http.client.requests(null), error=null, context=name='http.client.requests', contextualName='null', error='null', lowCardinalityKeyValues=[http.method='GET', http.status_code='UNKNOWN', spring.cloud.gateway.route.id='platform-user', spring.cloud.gateway.route.uri='lb://MOMENT-FOREVER-PLATFORM'], highCardinalityKeyValues=[http.uri='http://localhost:8086/platform/user/profile'], map=[class io.micrometer.core.instrument.Timer$Sample='io.micrometer.core.instrument.Timer$Sample@2a73fede', class io.micrometer.core.instrument.LongTaskTimer$Sample='SampleImpl{duration(seconds)=0.2093395, duration(nanos)=2.093395E8, startTimeNanos=116982048311100}'], parentObservation={name=http.server.requests(null), error=null, context=name='http.server.requests', contextualName='null', error='null', lowCardinalityKeyValues=[exception='none', method='GET', outcome='SUCCESS', status='200', uri='UNKNOWN'], highCardinalityKeyValues=[http.url='/api/platform/user/profile'], map=[class io.micrometer.core.instrument.Timer$Sample='io.micrometer.core.instrument.Timer$Sample@e1ae218', class io.micrometer.core.instrument.LongTaskTimer$Sample='SampleImpl{duration(seconds)=0.2816337, duration(nanos)=2.816337E8, startTimeNanos=116981976135700}'], parentObservation=null}}
2026-10-08 22:16:17.049 [reactor-http-nio-2] [34mINFO [0;39m [36mc.f.M.f.GatewayRequestLoggingFilter[0;39m - GATEWAY_REQUEST method=GET path=/platform/user/profile routeId=platform-user target=lb://MOMENT-FOREVER-PLATFORM status=200 durationMs=212 signal=onComplete
2026-10-08 22:16:17.100 [reactor-http-nio-1] [39mDEBUG[0;39m [36mo.s.c.g.f.h.o.ObservedResponseHttpHeadersFilter[0;39m - Will instrument the response
2026-10-08 22:16:17.101 [reactor-http-nio-1] [39mDEBUG[0;39m [36mo.s.c.g.f.h.o.ObservedResponseHttpHeadersFilter[0;39m - The response was handled for observation {name=http.client.requests(null), error=null, context=name='http.client.requests', contextualName='null', error='null', lowCardinalityKeyValues=[http.method='GET', http.status_code='UNKNOWN', spring.cloud.gateway.route.id='platform-admin', spring.cloud.gateway.route.uri='lb://MOMENT-FOREVER-PLATFORM'], highCardinalityKeyValues=[http.uri='http://localhost:8086/platform/admin/locations'], map=[class io.micrometer.core.instrument.Timer$Sample='io.micrometer.core.instrument.Timer$Sample@78147dcf', class io.micrometer.core.instrument.LongTaskTimer$Sample='SampleImpl{duration(seconds)=0.272726, duration(nanos)=2.72726E8, startTimeNanos=116982036505700}'], parentObservation={name=http.server.requests(null), error=null, context=name='http.server.requests', contextualName='null', error='null', lowCardinalityKeyValues=[exception='none', method='GET', outcome='SUCCESS', status='200', uri='UNKNOWN'], highCardinalityKeyValues=[http.url='/api/platform/admin/locations'], map=[class io.micrometer.core.instrument.Timer$Sample='io.micrometer.core.instrument.Timer$Sample@22478e87', class io.micrometer.core.instrument.LongTaskTimer$Sample='SampleImpl{duration(seconds)=0.334443, duration(nanos)=3.34443E8, startTimeNanos=116981974952600}'], parentObservation=null}}
2026-10-08 22:16:17.107 [reactor-http-nio-1] [34mINFO [0;39m [36mc.f.M.f.GatewayRequestLoggingFilter[0;39m - GATEWAY_REQUEST method=GET path=/platform/admin/locations routeId=platform-admin target=lb://MOMENT-FOREVER-PLATFORM status=200 durationMs=285 signal=onComplete
2026-10-08 22:16:17.172 [reactor-http-nio-12] [39mDEBUG[0;39m [36mo.s.c.g.f.h.o.ObservedResponseHttpHeadersFilter[0;39m - Will instrument the response
2026-10-08 22:16:17.172 [reactor-http-nio-12] [39mDEBUG[0;39m [36mo.s.c.g.f.h.o.ObservedResponseHttpHeadersFilter[0;39m - The response was handled for observation {name=http.client.requests(null), error=null, context=name='http.client.requests', contextualName='null', error='null', lowCardinalityKeyValues=[http.method='GET', http.status_code='UNKNOWN', spring.cloud.gateway.route.id='platform-admin', spring.cloud.gateway.route.uri='lb://MOMENT-FOREVER-PLATFORM'], highCardinalityKeyValues=[http.uri='http://localhost:8086/platform/admin/subcategories'], map=[class io.micrometer.core.instrument.Timer$Sample='io.micrometer.core.instrument.Timer$Sample@3e315c6b', class io.micrometer.core.instrument.LongTaskTimer$Sample='SampleImpl{duration(seconds)=0.3486609, duration(nanos)=3.486609E8, startTimeNanos=116982032759600}'], parentObservation={name=http.server.requests(null), error=null, context=name='http.server.requests', contextualName='null', error='null', lowCardinalityKeyValues=[exception='none', method='GET', outcome='SUCCESS', status='200', uri='UNKNOWN'], highCardinalityKeyValues=[http.url='/api/platform/admin/subcategories'], map=[class io.micrometer.core.instrument.Timer$Sample='io.micrometer.core.instrument.Timer$Sample@3dad575d', class io.micrometer.core.instrument.LongTaskTimer$Sample='SampleImpl{duration(seconds)=0.4060448, duration(nanos)=4.060448E8, startTimeNanos=116981975478900}'], parentObservation=null}}
2026-10-08 22:16:17.172 [reactor-http-nio-12] [34mINFO [0;39m [36mc.f.M.f.GatewayRequestLoggingFilter[0;39m - GATEWAY_REQUEST method=GET path=/platform/admin/subcategories routeId=platform-admin target=lb://MOMENT-FOREVER-PLATFORM status=200 durationMs=352 signal=onComplete
2026-10-08 22:16:17.202 [reactor-http-nio-11] [39mDEBUG[0;39m [36mo.s.c.g.f.h.o.ObservedResponseHttpHeadersFilter[0;39m - Will instrument the response
2026-10-08 22:16:17.205 [reactor-http-nio-11] [39mDEBUG[0;39m [36mo.s.c.g.f.h.o.ObservedResponseHttpHeadersFilter[0;39m - The response was handled for observation {name=http.client.requests(null), error=null, context=name='http.client.requests', contextualName='null', error='null', lowCardinalityKeyValues=[http.method='GET', http.status_code='UNKNOWN', spring.cloud.gateway.route.id='platform-admin', spring.cloud.gateway.route.uri='lb://MOMENT-FOREVER-PLATFORM'], highCardinalityKeyValues=[http.uri='http://localhost:8086/platform/admin/categories'], map=[class io.micrometer.core.instrument.Timer$Sample='io.micrometer.core.instrument.Timer$Sample@3d7d27bb', class io.micrometer.core.instrument.LongTaskTimer$Sample='SampleImpl{duration(seconds)=0.3790276, duration(nanos)=3.790276E8, startTimeNanos=116982033770600}'], parentObservation={name=http.server.requests(null), error=null, context=name='http.server.requests', contextualName='null', error='null', lowCardinalityKeyValues=[exception='none', method='GET', outcome='SUCCESS', status='200', uri='UNKNOWN'], highCardinalityKeyValues=[http.url='/api/platform/admin/categories'], map=[class io.micrometer.core.instrument.Timer$Sample='io.micrometer.core.instrument.Timer$Sample@4a2787f7', class io.micrometer.core.instrument.LongTaskTimer$Sample='SampleImpl{duration(seconds)=0.4371913, duration(nanos)=4.371913E8, startTimeNanos=116981975724300}'], parentObservation=null}}
2026-10-08 22:16:17.205 [reactor-http-nio-11] [34mINFO [0;39m [36mc.f.M.f.GatewayRequestLoggingFilter[0;39m - GATEWAY_REQUEST method=GET path=/platform/admin/categories routeId=platform-admin target=lb://MOMENT-FOREVER-PLATFORM status=200 durationMs=385 signal=onComplete
